{
  "walls": [
    {
      "id": 0,
      "p1": [
        -1.711263446059086,
        -0.7170309411219582
      ],
      "p2": [
        5.027307877383656,
        -0.900084573994355
      ],
      "length": 6.7410571955467535,
      "direction": [
        0.9996312340870818,
        -0.02715503333707684
      ],
      "rmse": 0.004495942821723417
    },
    {
      "id": 1,
      "p1": [
        -0.3498214305198104,
        0.9668934611301051
      ],
      "p2": [
        5.778900128597612,
        0.8256693919148352
      ],
      "length": 6.130348455586876,
      "direction": [
        0.9997346159867795,
        -0.023036874696156055
      ],
      "rmse": 0.002386366129269311
    },
    {
      "id": 2,
      "p1": [
        -2.601276112712076,
        3.989300693940093
      ],
      "p2": [
        -2.635346202782132,
        2.7029532183791747
      ],
      "length": 1.2867985852181099,
      "direction": [
        -0.026476630034720887,
        -0.9996494325812446
      ],
      "rmse": 0.003959249024059496
    }
  ],
  "metadata": {
    "input_file": "/home/qzl/Main/MobiMind/test/test_online_road/extracted_lidar_data_code/extracted_lidar_data/laserscan_json/laserscan_000219.json",
    "num_walls": 3,
    "x_limit": 10.0,
    "y_limit": 5.0,
    "params": {
      "rdp_epsilon": 0.05,
      "wall_rmse_thresh": 0.07,
      "min_wall_length": 0.8,
      "gap_thresh": 2
    }
  }
}