{
  "walls": [
    {
      "id": 0,
      "p1": [
        -2.670104223988257,
        -0.7119186154544299
      ],
      "p2": [
        4.1223503672011494,
        -0.9792083723636601
      ],
      "length": 6.797711614030021,
      "direction": [
        0.9992266481507457,
        -0.039320549632805055
      ],
      "rmse": 0.04246901715549914
    },
    {
      "id": 1,
      "p1": [
        -1.6383601791078828,
        0.9670159176360613
      ],
      "p2": [
        5.321435918403517,
        0.762554300004787
      ],
      "length": 6.962798738439831,
      "direction": [
        0.9995687594818998,
        -0.029364861072644483
      ],
      "rmse": 0.0029234892332748812
    },
    {
      "id": 2,
      "p1": [
        -3.924114687339471,
        2.2894848010839435
      ],
      "p2": [
        -3.946834094405806,
        1.4567083456183507
      ],
      "length": 0.833086307794866,
      "direction": [
        -0.02727137255016103,
        -0.9996280669515188
      ],
      "rmse": 0.002212109610249762
    }
  ],
  "metadata": {
    "input_file": "/home/qzl/Main/MobiMind/test/test_online_road/extracted_lidar_data_code/extracted_lidar_data/laserscan_json/laserscan_000244.json",
    "num_walls": 3,
    "x_limit": 10.0,
    "y_limit": 5.0,
    "params": {
      "rdp_epsilon": 0.05,
      "wall_rmse_thresh": 0.07,
      "min_wall_length": 0.8,
      "gap_thresh": 2
    }
  }
}