{
  "walls": [
    {
      "id": 0,
      "p1": [
        -2.718593554486272,
        -1.4047087763517758
      ],
      "p2": [
        5.926048481257296,
        -1.0171742325321973
      ],
      "length": 8.653324155999135,
      "direction": [
        0.9989966722489885,
        0.04478447089613797
      ],
      "rmse": 0.06823599335335849
    },
    {
      "id": 1,
      "p1": [
        -4.178251756986318,
        0.2990838400561858
      ],
      "p2": [
        3.76624937136754,
        0.6506360352949502
      ],
      "length": 7.952275594092104,
      "direction": [
        0.9990223596184261,
        0.044207747968340996
      ],
      "rmse": 0.010407188625837222
    }
  ],
  "metadata": {
    "input_file": "/home/qzl/Main/MobiMind/test/test_online_road/extracted_lidar_data_code/extracted_lidar_data/laserscan_json/laserscan_000303.json",
    "num_walls": 2,
    "x_limit": 10.0,
    "y_limit": 5.0,
    "params": {
      "rdp_epsilon": 0.05,
      "wall_rmse_thresh": 0.07,
      "min_wall_length": 0.8,
      "gap_thresh": 2
    }
  }
}