{
  "walls": [
    {
      "id": 0,
      "p1": [
        -1.763242602252433,
        -0.7186264491678055
      ],
      "p2": [
        5.071667432687532,
        -0.9047561494086982
      ],
      "length": 6.837443926719603,
      "direction": [
        0.9996294094966436,
        -0.027222117246672024
      ],
      "rmse": 0.00451692046524217
    },
    {
      "id": 1,
      "p1": [
        -0.3968396036939533,
        0.9670306140016368
      ],
      "p2": [
        5.729587748296538,
        0.821607644979583
      ],
      "length": 6.128153061007567,
      "direction": [
        0.9997183965534115,
        -0.02373030953603474
      ],
      "rmse": 0.0034505698865902753
    },
    {
      "id": 2,
      "p1": [
        -2.6490701487544817,
        3.985025704049834
      ],
      "p2": [
        -2.684273206354087,
        2.6838284574998252
      ],
      "length": 1.3016733575262593,
      "direction": [
        -0.02704446349464423,
        -0.9996342316028832
      ],
      "rmse": 0.003787051490939594
    }
  ],
  "metadata": {
    "input_file": "/home/qzl/Main/MobiMind/test/test_online_road/extracted_lidar_data_code/extracted_lidar_data/laserscan_json/laserscan_000220.json",
    "num_walls": 3,
    "x_limit": 10.0,
    "y_limit": 5.0,
    "params": {
      "rdp_epsilon": 0.05,
      "wall_rmse_thresh": 0.07,
      "min_wall_length": 0.8,
      "gap_thresh": 2
    }
  }
}