{
  "walls": [
    {
      "id": 0,
      "p1": [
        -5.476825878968244,
        -0.09527437155807084
      ],
      "p2": [
        1.8379572138021483,
        -1.6365777449215346
      ],
      "length": 7.475404188605536,
      "direction": [
        0.9785133898060943,
        -0.20618328246535098
      ],
      "rmse": 0.02579291620962114
    },
    {
      "id": 1,
      "p1": [
        3.1718639662247305,
        4.969726545429295
      ],
      "p2": [
        2.235205635879083,
        0.27138689037714947
      ],
      "length": 4.790795794233085,
      "direction": [
        -0.19551205490165388,
        -0.980701298248418
      ],
      "rmse": 0.005963666199280645
    },
    {
      "id": 2,
      "p1": [
        -4.74035087441971,
        3.734060848003744
      ],
      "p2": [
        -5.479708514270035,
        0.024590141192001536
      ],
      "length": 3.7824360727313624,
      "direction": [
        -0.19547128507466957,
        -0.9807094252168975
      ],
      "rmse": 0.002705328145981966
    }
  ],
  "metadata": {
    "input_file": "/home/qzl/Main/MobiMind/test/test_online_road/extracted_lidar_data_code/extracted_lidar_data/laserscan_json/laserscan_000009.json",
    "num_walls": 3,
    "x_limit": 10.0,
    "y_limit": 5.0,
    "params": {
      "rdp_epsilon": 0.05,
      "wall_rmse_thresh": 0.07,
      "min_wall_length": 0.8,
      "gap_thresh": 2
    }
  }
}