{
  "walls": [
    {
      "id": 0,
      "p1": [
        -6.055467942494861,
        -0.9158052752021011
      ],
      "p2": [
        -4.072423611502962,
        -1.0688597399255617
      ],
      "length": 1.9889420524115062,
      "direction": [
        0.9970347444690815,
        -0.0769527018334876
      ],
      "rmse": 0.01878070647784525
    },
    {
      "id": 1,
      "p1": [
        -1.862428862427756,
        -1.050109946802332
      ],
      "p2": [
        4.236955962167673,
        -1.2121801766938256
      ],
      "length": 6.101537674875251,
      "direction": [
        0.9996471626660953,
        -0.02656219440530538
      ],
      "rmse": 0.003701972230394145
    },
    {
      "id": 2,
      "p1": [
        6.0519340651773215,
        1.5372514541325315
      ],
      "p2": [
        6.020630566698899,
        0.6060798367422409
      ],
      "length": 0.93169763874888,
      "direction": [
        -0.033598344759600635,
        -0.9994354162362944
      ],
      "rmse": 0.002124438576067935
    },
    {
      "id": 3,
      "p1": [
        -1.844212712707719,
        1.2669884161378346
      ],
      "p2": [
        4.242302300840698,
        1.203417768196298
      ],
      "length": 6.086846986530054,
      "direction": [
        0.9999454605991479,
        -0.010443937244053
      ],
      "rmse": 0.05592078485286699
    }
  ],
  "metadata": {
    "input_file": "/home/qzl/Main/MobiMind/test/test_online_road/extracted_lidar_data_code/extracted_lidar_data/laserscan_json/laserscan_000107.json",
    "num_walls": 4,
    "x_limit": 10.0,
    "y_limit": 5.0,
    "params": {
      "rdp_epsilon": 0.05,
      "wall_rmse_thresh": 0.07,
      "min_wall_length": 0.8,
      "gap_thresh": 2
    }
  }
}