{
  "walls": [
    {
      "id": 0,
      "p1": [
        -2.320937464988711,
        -0.22236854461421462
      ],
      "p2": [
        4.991895638820326,
        -3.19491146383466
      ],
      "length": 7.893892538587849,
      "direction": [
        0.926391266166125,
        -0.37656237460628467
      ],
      "rmse": 0.08327422222148863
    },
    {
      "id": 1,
      "p1": [
        -3.507836053955363,
        2.1883337184759397
      ],
      "p2": [
        4.344475117459923,
        -1.005393409561722
      ],
      "length": 8.476950141477593,
      "direction": [
        0.9263132424226714,
        -0.3767542659485052
      ],
      "rmse": 0.007903287271798499
    }
  ],
  "metadata": {
    "input_file": "/home/qzl/Main/MobiMind/test/test_online_road/extracted_lidar_data_code/extracted_lidar_data/laserscan_json/laserscan_000289.json",
    "num_walls": 2,
    "x_limit": 10.0,
    "y_limit": 5.0,
    "params": {
      "rdp_epsilon": 0.05,
      "wall_rmse_thresh": 0.07,
      "min_wall_length": 0.8,
      "gap_thresh": 2
    }
  }
}