{
  "walls": [
    {
      "id": 0,
      "p1": [
        -5.461618656239929,
        -0.09382573767198177
      ],
      "p2": [
        1.8698763168170838,
        -1.63281296503938
      ],
      "length": 7.491281614380828,
      "direction": [
        0.9786703197721991,
        -0.2054371076387655
      ],
      "rmse": 0.02534102050113577
    },
    {
      "id": 1,
      "p1": [
        5.230838338313481,
        -2.226300834060753
      ],
      "p2": [
        6.072505067939253,
        -2.401633985720407
      ],
      "length": 0.8597351905266237,
      "direction": [
        0.9789836904423725,
        -0.20393855409370884
      ],
      "rmse": 0.005985019617490721
    },
    {
      "id": 2,
      "p1": [
        3.1956945240175063,
        4.974401820644183
      ],
      "p2": [
        2.2602783947027283,
        0.2765768231722334
      ],
      "length": 4.790048333978955,
      "direction": [
        -0.19528323392445165,
        -0.9807468881143635
      ],
      "rmse": 0.005940873478921257
    },
    {
      "id": 3,
      "p1": [
        -4.710311989833729,
        3.7441074761634328
      ],
      "p2": [
        -5.4496586497173745,
        0.024711126302048747
      ],
      "length": 3.792168600002285,
      "direction": [
        -0.1949667163750212,
        -0.9808098589960962
      ],
      "rmse": 0.002495345556724491
    }
  ],
  "metadata": {
    "input_file": "/home/qzl/Main/MobiMind/test/test_online_road/extracted_lidar_data_code/extracted_lidar_data/laserscan_json/laserscan_000007.json",
    "num_walls": 4,
    "x_limit": 10.0,
    "y_limit": 5.0,
    "params": {
      "rdp_epsilon": 0.05,
      "wall_rmse_thresh": 0.07,
      "min_wall_length": 0.8,
      "gap_thresh": 2
    }
  }
}