{
  "walls": [
    {
      "id": 0,
      "p1": [
        -1.6336136040481641,
        -0.5059353259920223
      ],
      "p2": [
        5.027254199064969,
        -1.948246513230874
      ],
      "length": 6.815234511840625,
      "direction": [
        0.9773497583295249,
        -0.2116304559632647
      ],
      "rmse": 0.006596190869818465
    },
    {
      "id": 1,
      "p1": [
        -2.700890279765335,
        1.4875157837120598
      ],
      "p2": [
        5.18706519941699,
        -0.19026096135024861
      ],
      "length": 8.064414203637753,
      "direction": [
        0.9781188416160819,
        -0.20804694584062997
      ],
      "rmse": 0.010220574909468812
    }
  ],
  "metadata": {
    "input_file": "/home/qzl/Main/MobiMind/test/test_online_road/extracted_lidar_data_code/extracted_lidar_data/laserscan_json/laserscan_000278.json",
    "num_walls": 2,
    "x_limit": 10.0,
    "y_limit": 5.0,
    "params": {
      "rdp_epsilon": 0.05,
      "wall_rmse_thresh": 0.07,
      "min_wall_length": 0.8,
      "gap_thresh": 2
    }
  }
}