{
  "walls": [
    {
      "id": 0,
      "p1": [
        -4.698786479094247,
        -1.01476586029696
      ],
      "p2": [
        1.4018600016415292,
        -1.2423853017334598
      ],
      "length": 6.1048913252435275,
      "direction": [
        0.9993046813959979,
        -0.03728476549534519
      ],
      "rmse": 0.0026872547339420625
    },
    {
      "id": 1,
      "p1": [
        3.3046115994130245,
        1.92769573784663
      ],
      "p2": [
        3.2377340016655682,
        0.6035762277264526
      ],
      "length": 1.3258073352344106,
      "direction": [
        -0.05044292331929573,
        -0.9987269454085054
      ],
      "rmse": 0.005696712858206132
    },
    {
      "id": 2,
      "p1": [
        3.145093039256913,
        -1.4829118266992662
      ],
      "p2": [
        3.098148482143569,
        -2.733411745534118
      ],
      "length": 1.2513807727660429,
      "direction": [
        -0.03751420681454996,
        -0.9992960944009913
      ],
      "rmse": 0.004096874411820768
    },
    {
      "id": 3,
      "p1": [
        -2.2571210707377407,
        1.3155360129455926
      ],
      "p2": [
        1.5037714199274816,
        1.0722674634373295
      ],
      "length": 3.7687520366192726,
      "direction": [
        0.997914549463206,
        -0.06454883397588605
      ],
      "rmse": 0.04679918555010077
    }
  ],
  "metadata": {
    "input_file": "/home/qzl/Main/MobiMind/test/test_online_road/extracted_lidar_data_code/extracted_lidar_data/laserscan_json/laserscan_000154.json",
    "num_walls": 4,
    "x_limit": 10.0,
    "y_limit": 5.0,
    "params": {
      "rdp_epsilon": 0.05,
      "wall_rmse_thresh": 0.07,
      "min_wall_length": 0.8,
      "gap_thresh": 2
    }
  }
}