{
  "walls": [
    {
      "id": 0,
      "p1": [
        -2.692946873543826,
        -0.9148874132161027
      ],
      "p2": [
        6.0688105916690365,
        -2.0528303634225606
      ],
      "length": 8.835344251195757,
      "direction": [
        0.9916713164875611,
        -0.1287944100255418
      ],
      "rmse": 0.06879062792395123
    },
    {
      "id": 1,
      "p1": [
        -3.9245754880234,
        1.0202127247658832
      ],
      "p2": [
        3.5618066744992607,
        0.0618976442911508
      ],
      "length": 7.547468825825169,
      "direction": [
        0.9919063377776435,
        -0.1269717176167337
      ],
      "rmse": 0.009657179641714855
    }
  ],
  "metadata": {
    "input_file": "/home/qzl/Main/MobiMind/test/test_online_road/extracted_lidar_data_code/extracted_lidar_data/laserscan_json/laserscan_000299.json",
    "num_walls": 2,
    "x_limit": 10.0,
    "y_limit": 5.0,
    "params": {
      "rdp_epsilon": 0.05,
      "wall_rmse_thresh": 0.07,
      "min_wall_length": 0.8,
      "gap_thresh": 2
    }
  }
}