{
  "walls": [
    {
      "id": 0,
      "p1": [
        -2.476455811201763,
        -0.20960795846433689
      ],
      "p2": [
        5.0532852236908745,
        -3.183791174006273
      ],
      "length": 8.095848680166732,
      "direction": [
        0.9300743297403176,
        -0.3673713940361975
      ],
      "rmse": 0.052573611306034156
    },
    {
      "id": 1,
      "p1": [
        -3.6601221374102257,
        2.0637244467943723
      ],
      "p2": [
        4.208396827484927,
        -0.9060293679779927
      ],
      "length": 8.410293004483833,
      "direction": [
        0.9355820255836853,
        -0.35310943544845713
      ],
      "rmse": 0.01001587491843603
    }
  ],
  "metadata": {
    "input_file": "/home/qzl/Main/MobiMind/test/test_online_road/extracted_lidar_data_code/extracted_lidar_data/laserscan_json/laserscan_000292.json",
    "num_walls": 2,
    "x_limit": 10.0,
    "y_limit": 5.0,
    "params": {
      "rdp_epsilon": 0.05,
      "wall_rmse_thresh": 0.07,
      "min_wall_length": 0.8,
      "gap_thresh": 2
    }
  }
}