{
  "walls": [
    {
      "id": 0,
      "p1": [
        -2.105516148029993,
        -0.713803360012573
      ],
      "p2": [
        5.076372407944403,
        -0.9252972999546405
      ],
      "length": 7.18500194273239,
      "direction": [
        0.9995666825437223,
        -0.029435474287627928
      ],
      "rmse": 0.0050909411375557306
    },
    {
      "id": 1,
      "p1": [
        -0.6828028627277916,
        0.9653905279679319
      ],
      "p2": [
        5.586413598710712,
        0.8021663732806523
      ],
      "length": 6.271340938351613,
      "direction": [
        0.9996612404045224,
        -0.026026994273097046
      ],
      "rmse": 0.002781084782594629
    },
    {
      "id": 2,
      "p1": [
        -2.936696545816555,
        3.979730895561717
      ],
      "p2": [
        -2.9833445330393777,
        2.1287229106105983
      ],
      "length": 1.8515956888761496,
      "direction": [
        -0.025193398052838448,
        -0.9996825959736176
      ],
      "rmse": 0.003843653216795089
    }
  ],
  "metadata": {
    "input_file": "/home/qzl/Main/MobiMind/test/test_online_road/extracted_lidar_data_code/extracted_lidar_data/laserscan_json/laserscan_000226.json",
    "num_walls": 3,
    "x_limit": 10.0,
    "y_limit": 5.0,
    "params": {
      "rdp_epsilon": 0.05,
      "wall_rmse_thresh": 0.07,
      "min_wall_length": 0.8,
      "gap_thresh": 2
    }
  }
}