{
  "walls": [
    {
      "id": 0,
      "p1": [
        -2.297450967737092,
        -1.3083979612204262
      ],
      "p2": [
        1.2741170393273547,
        -1.4361936809596234
      ],
      "length": 3.5738536308962012,
      "direction": [
        0.9993604595846995,
        -0.0357585208958383
      ],
      "rmse": 0.028085167044096953
    },
    {
      "id": 1,
      "p1": [
        4.666977956177347,
        -1.543107200272239
      ],
      "p2": [
        6.5839815323530395,
        -1.6196713024278913
      ],
      "length": 1.9185319316626697,
      "direction": [
        0.999203372399661,
        -0.039907650684355554
      ],
      "rmse": 0.004860869919020549
    },
    {
      "id": 2,
      "p1": [
        1.6091150224155009,
        4.950195126856281
      ],
      "p2": [
        1.3674251760193774,
        0.4960857014621667
      ],
      "length": 4.460661918957284,
      "direction": [
        -0.05418250716754134,
        -0.9985310490490714
      ],
      "rmse": 0.005043969437287052
    },
    {
      "id": 3,
      "p1": [
        -6.095841290187031,
        2.8062878800347093
      ],
      "p2": [
        -6.156120741816833,
        1.0303252337885995
      ],
      "length": 1.776985349728656,
      "direction": [
        -0.0339223120995039,
        -0.9994244727541065
      ],
      "rmse": 0.002908138708298769
    }
  ],
  "metadata": {
    "input_file": "/home/qzl/Main/MobiMind/test/test_online_road/extracted_lidar_data_code/extracted_lidar_data/laserscan_json/laserscan_000037.json",
    "num_walls": 4,
    "x_limit": 10.0,
    "y_limit": 5.0,
    "params": {
      "rdp_epsilon": 0.05,
      "wall_rmse_thresh": 0.07,
      "min_wall_length": 0.8,
      "gap_thresh": 2
    }
  }
}