{
  "walls": [
    {
      "id": 0,
      "p1": [
        -4.041610808017951,
        -0.9052344996177524
      ],
      "p2": [
        5.109670035931258,
        -0.8075748620642381
      ],
      "length": 9.151801925830718,
      "direction": [
        0.9999430623723194,
        0.010671082956655222
      ],
      "rmse": 0.06507225257073684
    },
    {
      "id": 1,
      "p1": [
        -1.8577462632289965,
        -0.8939667184485026
      ],
      "p2": [
        -1.085784894934522,
        -0.6690417633388209
      ],
      "length": 0.8040619314270324,
      "direction": [
        0.9600770016852329,
        0.27973585904044057
      ],
      "rmse": 0.012131561179714208
    },
    {
      "id": 2,
      "p1": [
        -2.3176401841212724,
        0.8247583160630643
      ],
      "p2": [
        5.48504969667978,
        1.03049907506731
      ],
      "length": 7.805401888171472,
      "direction": [
        0.999652547374616,
        0.026358765628176743
      ],
      "rmse": 0.004174928951520093
    }
  ],
  "metadata": {
    "input_file": "/home/qzl/Main/MobiMind/test/test_online_road/extracted_lidar_data_code/extracted_lidar_data/laserscan_json/laserscan_000268.json",
    "num_walls": 3,
    "x_limit": 10.0,
    "y_limit": 5.0,
    "params": {
      "rdp_epsilon": 0.05,
      "wall_rmse_thresh": 0.07,
      "min_wall_length": 0.8,
      "gap_thresh": 2
    }
  }
}