{
  "walls": [
    {
      "id": 0,
      "p1": [
        -3.9439773417054402,
        -1.0292503784273248
      ],
      "p2": [
        2.1849722374439144,
        -1.241718908244799
      ],
      "length": 6.132631231365363,
      "direction": [
        0.9993996618933635,
        -0.03464557411027598
      ],
      "rmse": 0.0032848088498132685
    },
    {
      "id": 1,
      "p1": [
        -3.7090616996939643,
        -3.2919806257912176
      ],
      "p2": [
        -3.765799470560151,
        -4.99025261974809
      ],
      "length": 1.6992195090985494,
      "direction": [
        -0.03339048931719824,
        -0.9994423821417411
      ],
      "rmse": 0.0043741860218015575
    },
    {
      "id": 2,
      "p1": [
        4.025323708161576,
        1.9224381222918592
      ],
      "p2": [
        3.9650320371768686,
        0.5904292538421354
      ],
      "length": 1.3333726827930898,
      "direction": [
        -0.04521741877773468,
        -0.9989771694273494
      ],
      "rmse": 0.002515840083278942
    },
    {
      "id": 3,
      "p1": [
        -3.1482860005558657,
        1.308592751586637
      ],
      "p2": [
        2.2323733197537052,
        1.1046242212626707
      ],
      "length": 5.384523923486344,
      "direction": [
        0.9992822757894532,
        -0.03788051334196649
      ],
      "rmse": 0.055602647735062065
    }
  ],
  "metadata": {
    "input_file": "/home/qzl/Main/MobiMind/test/test_online_road/extracted_lidar_data_code/extracted_lidar_data/laserscan_json/laserscan_000142.json",
    "num_walls": 4,
    "x_limit": 10.0,
    "y_limit": 5.0,
    "params": {
      "rdp_epsilon": 0.05,
      "wall_rmse_thresh": 0.07,
      "min_wall_length": 0.8,
      "gap_thresh": 2
    }
  }
}