{
  "walls": [
    {
      "id": 0,
      "p1": [
        -6.5652221356245075,
        -2.320170773772096
      ],
      "p2": [
        6.552909805788796,
        -0.2852324611532189
      ],
      "length": 13.275027667334337,
      "direction": [
        0.9881811375564795,
        0.15329070218242816
      ],
      "rmse": 0.030263360658474053
    },
    {
      "id": 1,
      "p1": [
        3.2598255924219224,
        1.7344177321272287
      ],
      "p2": [
        4.876357752287532,
        1.7583798640070218
      ],
      "length": 1.616709747494583,
      "direction": [
        0.9998901549082233,
        0.014821542281725811
      ],
      "rmse": 0.035851823367160536
    },
    {
      "id": 2,
      "p1": [
        -0.1916469527446912,
        3.926895592184554
      ],
      "p2": [
        0.3389667833317995,
        0.6821749639141985
      ],
      "length": 3.287820386279673,
      "direction": [
        0.16138768963482672,
        -0.9868910849897939
      ],
      "rmse": 0.01089178807420958
    },
    {
      "id": 3,
      "p1": [
        -8.4658832660778,
        4.269738276165933
      ],
      "p2": [
        -7.4620886038551655,
        4.437900436415917
      ],
      "length": 1.017783000470431,
      "direction": [
        0.9862560700637217,
        0.16522398209843228
      ],
      "rmse": 0.005067919228486788
    }
  ],
  "metadata": {
    "input_file": "/home/qzl/Main/MobiMind/test/test_online_road/extracted_lidar_data_code/extracted_lidar_data/laserscan_json/laserscan_000057.json",
    "num_walls": 4,
    "x_limit": 10.0,
    "y_limit": 5.0,
    "params": {
      "rdp_epsilon": 0.05,
      "wall_rmse_thresh": 0.07,
      "min_wall_length": 0.8,
      "gap_thresh": 2
    }
  }
}