{
  "walls": [
    {
      "id": 0,
      "p1": [
        -5.422182434535099,
        -0.09342955862562141
      ],
      "p2": [
        1.9008675574812601,
        -1.6296842338901911
      ],
      "length": 7.482455453448623,
      "direction": [
        0.978696102846009,
        -0.2053142427403269
      ],
      "rmse": 0.02509811340335377
    },
    {
      "id": 1,
      "p1": [
        3.238188467959528,
        4.971610389581384
      ],
      "p2": [
        2.30500560877127,
        0.28050642256694913
      ],
      "length": 4.78302066460321,
      "direction": [
        -0.1951032463843097,
        -0.9807827094970135
      ],
      "rmse": 0.005926379960582408
    },
    {
      "id": 2,
      "p1": [
        -4.664887497823754,
        3.740010762552653
      ],
      "p2": [
        -5.403559831008105,
        0.023996020258886253
      ],
      "length": 3.788720414698955,
      "direction": [
        -0.1949661765269914,
        -0.9808099663076665
      ],
      "rmse": 0.0024609616724086277
    }
  ],
  "metadata": {
    "input_file": "/home/qzl/Main/MobiMind/test/test_online_road/extracted_lidar_data_code/extracted_lidar_data/laserscan_json/laserscan_000001.json",
    "num_walls": 3,
    "x_limit": 10.0,
    "y_limit": 5.0,
    "params": {
      "rdp_epsilon": 0.05,
      "wall_rmse_thresh": 0.07,
      "min_wall_length": 0.8,
      "gap_thresh": 2
    }
  }
}