{
  "walls": [
    {
      "id": 0,
      "p1": [
        -2.9713932752350964,
        -0.7091504665639368
      ],
      "p2": [
        4.354679272938365,
        -0.937749450340131
      ],
      "length": 7.329638222755903,
      "direction": [
        0.9995135265232195,
        -0.031188303819177265
      ],
      "rmse": 0.005439240955263665
    },
    {
      "id": 1,
      "p1": [
        -1.4082004208033085,
        0.9642933004991918
      ],
      "p2": [
        5.40554149545796,
        0.773665719732536
      ],
      "length": 6.816407981918683,
      "direction": [
        0.9996088752798687,
        -0.0279659875512333
      ],
      "rmse": 0.002574162338818135
    },
    {
      "id": 2,
      "p1": [
        -3.695511932306786,
        2.518640227064987
      ],
      "p2": [
        -3.715052569284246,
        1.673552469124219
      ],
      "length": 0.8453136430431244,
      "direction": [
        -0.023116433927523303,
        -0.9997327795368491
      ],
      "rmse": 0.0023064755262009436
    }
  ],
  "metadata": {
    "input_file": "/home/qzl/Main/MobiMind/test/test_online_road/extracted_lidar_data_code/extracted_lidar_data/laserscan_json/laserscan_000240.json",
    "num_walls": 3,
    "x_limit": 10.0,
    "y_limit": 5.0,
    "params": {
      "rdp_epsilon": 0.05,
      "wall_rmse_thresh": 0.07,
      "min_wall_length": 0.8,
      "gap_thresh": 2
    }
  }
}