{
  "walls": [
    {
      "id": 0,
      "p1": [
        -3.3625074246627724,
        -1.643863315989922
      ],
      "p2": [
        6.436348773758586,
        -0.917288020443481
      ],
      "length": 9.82575668625267,
      "direction": [
        0.9972622477128151,
        0.07394598897022094
      ],
      "rmse": 0.028476539410867283
    },
    {
      "id": 1,
      "p1": [
        0.8345012855642272,
        4.951477197344905
      ],
      "p2": [
        1.0803796420247667,
        0.6384903894295799
      ],
      "length": 4.319989742051173,
      "direction": [
        0.056916421367136864,
        -0.998378946581286
      ],
      "rmse": 0.005190047844901709
    },
    {
      "id": 2,
      "p1": [
        -7.4400298195517935,
        4.843643364148172
      ],
      "p2": [
        -6.42689727639904,
        4.938998639118518
      ],
      "length": 1.0176100326057307,
      "direction": [
        0.9955999947813752,
        0.09370512466949658
      ],
      "rmse": 0.006435292510870532
    },
    {
      "id": 3,
      "p1": [
        -6.587900984008236,
        2.105036386261434
      ],
      "p2": [
        -6.521068842526764,
        1.1489283356712634
      ],
      "length": 0.9584409942914253,
      "direction": [
        0.06973005315868647,
        -0.997565897414545
      ],
      "rmse": 0.0035301761680810286
    }
  ],
  "metadata": {
    "input_file": "/home/qzl/Main/MobiMind/test/test_online_road/extracted_lidar_data_code/extracted_lidar_data/laserscan_json/laserscan_000042.json",
    "num_walls": 4,
    "x_limit": 10.0,
    "y_limit": 5.0,
    "params": {
      "rdp_epsilon": 0.05,
      "wall_rmse_thresh": 0.07,
      "min_wall_length": 0.8,
      "gap_thresh": 2
    }
  }
}