{
  "walls": [
    {
      "id": 0,
      "p1": [
        -5.67241013413922,
        -0.9355387758448848
      ],
      "p2": [
        -4.739629525946416,
        -1.0596208064411854
      ],
      "length": 0.9409973503349722,
      "direction": [
        0.9912680496494743,
        -0.131862252908583
      ],
      "rmse": 0.018858090095908345
    },
    {
      "id": 1,
      "p1": [
        -2.2332150978505867,
        -1.0462694058124262
      ],
      "p2": [
        3.9486060960033567,
        -1.21720186542863
      ],
      "length": 6.184183954131074,
      "direction": [
        0.9996179349933901,
        -0.027640261170085202
      ],
      "rmse": 0.004415368186854231
    },
    {
      "id": 2,
      "p1": [
        5.725640284075972,
        1.5611410042338354
      ],
      "p2": [
        5.69154215913002,
        0.6233361092660215
      ],
      "length": 0.9384245857555216,
      "direction": [
        -0.036335498305882084,
        -0.9993396477478832
      ],
      "rmse": 0.0019699122175200214
    },
    {
      "id": 3,
      "p1": [
        -2.1746958493993622,
        1.2661236900475372
      ],
      "p2": [
        4.044702808942247,
        1.1718943959405843
      ],
      "length": 6.220112445225513,
      "direction": [
        0.9998852453397895,
        -0.015149130331106453
      ],
      "rmse": 0.05280602098091458
    }
  ],
  "metadata": {
    "input_file": "/home/qzl/Main/MobiMind/test/test_online_road/extracted_lidar_data_code/extracted_lidar_data/laserscan_json/laserscan_000113.json",
    "num_walls": 4,
    "x_limit": 10.0,
    "y_limit": 5.0,
    "params": {
      "rdp_epsilon": 0.05,
      "wall_rmse_thresh": 0.07,
      "min_wall_length": 0.8,
      "gap_thresh": 2
    }
  }
}