{
  "walls": [
    {
      "id": 0,
      "p1": [
        -5.233322941394405,
        -1.0080822835657275
      ],
      "p2": [
        0.8732693472272157,
        -1.2454887090928524
      ],
      "length": 6.111205379492217,
      "direction": [
        0.9992451422280484,
        -0.038847724922413535
      ],
      "rmse": 0.0023689205805682806
    },
    {
      "id": 1,
      "p1": [
        2.772860728343439,
        1.9781636321526994
      ],
      "p2": [
        2.702753191831825,
        0.6258352710870083
      ],
      "length": 1.3541444024986204,
      "direction": [
        -0.05177257047489444,
        -0.9986589011992143
      ],
      "rmse": 0.004338956555094831
    },
    {
      "id": 2,
      "p1": [
        2.60062476509917,
        -1.5758879374160983
      ],
      "p2": [
        2.5130777330546095,
        -3.57547096081416
      ],
      "length": 2.001498626100339,
      "direction": [
        -0.04374074051454482,
        -0.9990429158035401
      ],
      "rmse": 0.0031957724304464193
    },
    {
      "id": 3,
      "p1": [
        -2.795289909291255,
        1.3258671180614523
      ],
      "p2": [
        0.9774895412703619,
        1.0654980162679557
      ],
      "length": 3.7817531452685764,
      "direction": [
        0.9976271072261923,
        -0.0688487830357169
      ],
      "rmse": 0.040619058245607444
    }
  ],
  "metadata": {
    "input_file": "/home/qzl/Main/MobiMind/test/test_online_road/extracted_lidar_data_code/extracted_lidar_data/laserscan_json/laserscan_000163.json",
    "num_walls": 4,
    "x_limit": 10.0,
    "y_limit": 5.0,
    "params": {
      "rdp_epsilon": 0.05,
      "wall_rmse_thresh": 0.07,
      "min_wall_length": 0.8,
      "gap_thresh": 2
    }
  }
}