{
  "walls": [
    {
      "id": 0,
      "p1": [
        -2.872413866961672,
        -0.7081891093524076
      ],
      "p2": [
        4.46400414469907,
        -0.9348634135590324
      ],
      "length": 7.339918969716744,
      "direction": [
        0.9995230249710135,
        -0.030882398721514177
      ],
      "rmse": 0.005346933854627934
    },
    {
      "id": 1,
      "p1": [
        -1.29113791549099,
        0.9644182224185489
      ],
      "p2": [
        5.448063510878667,
        0.77970572350696
      ],
      "length": 6.7417323124280895,
      "direction": [
        0.9996245941031349,
        -0.027398373348478233
      ],
      "rmse": 0.0025299431564886946
    },
    {
      "id": 2,
      "p1": [
        -3.5784195129021703,
        2.624721272606255
      ],
      "p2": [
        -3.5994609128887407,
        1.7176974799864988
      ],
      "length": 0.9072678220303646,
      "direction": [
        -0.023192049222533755,
        -0.9997310282525292
      ],
      "rmse": 0.0024162315712529803
    }
  ],
  "metadata": {
    "input_file": "/home/qzl/Main/MobiMind/test/test_online_road/extracted_lidar_data_code/extracted_lidar_data/laserscan_json/laserscan_000238.json",
    "num_walls": 3,
    "x_limit": 10.0,
    "y_limit": 5.0,
    "params": {
      "rdp_epsilon": 0.05,
      "wall_rmse_thresh": 0.07,
      "min_wall_length": 0.8,
      "gap_thresh": 2
    }
  }
}