{
  "walls": [
    {
      "id": 0,
      "p1": [
        -6.17688239605136,
        -2.336538184278976
      ],
      "p2": [
        6.790547196024974,
        -0.31209514155188134
      ],
      "length": 13.124503794761276,
      "direction": [
        0.9880319892352344,
        0.15424911100510624
      ],
      "rmse": 0.032245472498853546
    },
    {
      "id": 1,
      "p1": [
        4.36810132558066,
        1.6805592703695384
      ],
      "p2": [
        5.222642255920871,
        1.8002106087975362
      ],
      "length": 0.8628769578649805,
      "direction": [
        0.9903392628002832,
        0.13866558532740508
      ],
      "rmse": 0.006151443093674848
    },
    {
      "id": 2,
      "p1": [
        0.09611184724291166,
        4.990592107976459
      ],
      "p2": [
        0.7479109255781875,
        0.6948963933939052
      ],
      "length": 4.344864061256881,
      "direction": [
        0.150015988796223,
        -0.9886835707664468
      ],
      "rmse": 0.0050493406701409786
    },
    {
      "id": 3,
      "p1": [
        -8.142855628355207,
        4.239561734401037
      ],
      "p2": [
        -7.034893697473935,
        4.430750283224609
      ],
      "length": 1.1243365605918096,
      "direction": [
        0.9854361849595761,
        0.1700456567228816
      ],
      "rmse": 0.005229234493527241
    }
  ],
  "metadata": {
    "input_file": "/home/qzl/Main/MobiMind/test/test_online_road/extracted_lidar_data_code/extracted_lidar_data/laserscan_json/laserscan_000048.json",
    "num_walls": 4,
    "x_limit": 10.0,
    "y_limit": 5.0,
    "params": {
      "rdp_epsilon": 0.05,
      "wall_rmse_thresh": 0.07,
      "min_wall_length": 0.8,
      "gap_thresh": 2
    }
  }
}