{
  "walls": [
    {
      "id": 0,
      "p1": [
        -6.7341375083687955,
        -2.361743508104033
      ],
      "p2": [
        6.588922638117998,
        -0.293326979123157
      ],
      "length": 13.482665856731225,
      "direction": [
        0.9881621548769546,
        0.15341302313341468
      ],
      "rmse": 0.031415783437131334
    },
    {
      "id": 1,
      "p1": [
        3.375541694677732,
        1.745708372036657
      ],
      "p2": [
        4.727476369783996,
        1.739781316821904
      ],
      "length": 1.3519476675294047,
      "direction": [
        0.9999903898465858,
        -0.004384086275749327
      ],
      "rmse": 0.03654842544058167
    },
    {
      "id": 2,
      "p1": [
        -0.14277358028174764,
        4.255591235788227
      ],
      "p2": [
        0.42822778995424526,
        0.6885450471426281
      ],
      "length": 3.612459145338875,
      "direction": [
        0.1580644506311386,
        -0.987428797151813
      ],
      "rmse": 0.010838895857885682
    },
    {
      "id": 3,
      "p1": [
        -8.422814059179519,
        4.255983673691348
      ],
      "p2": [
        -7.34593975995302,
        4.447014378724269
      ],
      "length": 1.0936868777670956,
      "direction": [
        0.9846276124515649,
        0.17466672492472787
      ],
      "rmse": 0.007110283160900048
    }
  ],
  "metadata": {
    "input_file": "/home/qzl/Main/MobiMind/test/test_online_road/extracted_lidar_data_code/extracted_lidar_data/laserscan_json/laserscan_000055.json",
    "num_walls": 4,
    "x_limit": 10.0,
    "y_limit": 5.0,
    "params": {
      "rdp_epsilon": 0.05,
      "wall_rmse_thresh": 0.07,
      "min_wall_length": 0.8,
      "gap_thresh": 2
    }
  }
}