{
  "walls": [
    {
      "id": 0,
      "p1": [
        -5.1443699531013465,
        -0.8165633278789175
      ],
      "p2": [
        0.3171312401535179,
        -1.259020171286743
      ],
      "length": 5.479394432070275,
      "direction": [
        0.9967344495741821,
        -0.08074922309256174
      ],
      "rmse": 0.0027374445486085283
    },
    {
      "id": 1,
      "p1": [
        2.5085603237590184,
        4.462101324821863
      ],
      "p2": [
        2.2325768267595727,
        0.6374206826595092
      ],
      "length": 3.8346250018935986,
      "direction": [
        -0.07197144358650057,
        -0.9974066930325237
      ],
      "rmse": 0.004334428101271868
    },
    {
      "id": 2,
      "p1": [
        2.030697355378119,
        -1.8122597775318858
      ],
      "p2": [
        1.7532531493210464,
        -4.9616280715406065
      ],
      "length": 3.1615654253521366,
      "direction": [
        -0.0877553264696059,
        -0.9961420594845963
      ],
      "rmse": 0.003646149887467173
    },
    {
      "id": 3,
      "p1": [
        -3.238237720088448,
        1.4797899468498927
      ],
      "p2": [
        0.5146165782348905,
        1.0348111103101891
      ],
      "length": 3.77914296493427,
      "direction": [
        0.9930437491096235,
        -0.11774596533343851
      ],
      "rmse": 0.035771644243260306
    }
  ],
  "metadata": {
    "input_file": "/home/qzl/Main/MobiMind/test/test_online_road/extracted_lidar_data_code/extracted_lidar_data/laserscan_json/laserscan_000172.json",
    "num_walls": 4,
    "x_limit": 10.0,
    "y_limit": 5.0,
    "params": {
      "rdp_epsilon": 0.05,
      "wall_rmse_thresh": 0.07,
      "min_wall_length": 0.8,
      "gap_thresh": 2
    }
  }
}