{
  "walls": [
    {
      "id": 0,
      "p1": [
        -6.780771954008774,
        -2.36085868992616
      ],
      "p2": [
        6.579011190203741,
        -0.2920014899150889
      ],
      "length": 13.519022737403116,
      "direction": [
        0.9882210721664523,
        0.15303304389636757
      ],
      "rmse": 0.031275603868095414
    },
    {
      "id": 1,
      "p1": [
        3.2823205436270695,
        1.7346494371351493
      ],
      "p2": [
        4.849826500785474,
        1.7506461152962567
      ],
      "length": 1.567587579511676,
      "direction": [
        0.9999479312314627,
        0.01020464717261572
      ],
      "rmse": 0.037189460206310504
    },
    {
      "id": 2,
      "p1": [
        -0.21208619998554662,
        4.371710003594121
      ],
      "p2": [
        0.3827174745262466,
        0.6807097694262232
      ],
      "length": 3.7386192825480644,
      "direction": [
        0.1590971504608002,
        -0.9872629319047957
      ],
      "rmse": 0.010113809422826853
    },
    {
      "id": 3,
      "p1": [
        -8.430218614041063,
        4.265486763025899
      ],
      "p2": [
        -7.407782141469018,
        4.446616361014379
      ],
      "length": 1.038356524375436,
      "direction": [
        0.9846680293033369,
        0.17443873441951724
      ],
      "rmse": 0.0071447520923161876
    }
  ],
  "metadata": {
    "input_file": "/home/qzl/Main/MobiMind/test/test_online_road/extracted_lidar_data_code/extracted_lidar_data/laserscan_json/laserscan_000056.json",
    "num_walls": 4,
    "x_limit": 10.0,
    "y_limit": 5.0,
    "params": {
      "rdp_epsilon": 0.05,
      "wall_rmse_thresh": 0.07,
      "min_wall_length": 0.8,
      "gap_thresh": 2
    }
  }
}