{
  "walls": [
    {
      "id": 0,
      "p1": [
        -3.813119878021549,
        -0.93309231557163
      ],
      "p2": [
        5.085445907531617,
        -0.7237047516992534
      ],
      "length": 8.901028940056417,
      "direction": [
        0.9997232730587962,
        0.023523972934171817
      ],
      "rmse": 0.006602858916774903
    },
    {
      "id": 1,
      "p1": [
        -2.434328017306964,
        0.8159086090707075
      ],
      "p2": [
        5.377015208472071,
        1.0280721894102047
      ],
      "length": 7.814223977833404,
      "direction": [
        0.9996313450868121,
        0.02715094690670874
      ],
      "rmse": 0.004699340090253947
    }
  ],
  "metadata": {
    "input_file": "/home/qzl/Main/MobiMind/test/test_online_road/extracted_lidar_data_code/extracted_lidar_data/laserscan_json/laserscan_000265.json",
    "num_walls": 2,
    "x_limit": 10.0,
    "y_limit": 5.0,
    "params": {
      "rdp_epsilon": 0.05,
      "wall_rmse_thresh": 0.07,
      "min_wall_length": 0.8,
      "gap_thresh": 2
    }
  }
}