{
  "walls": [
    {
      "id": 0,
      "p1": [
        -3.0423171947043173,
        -0.7075007851366705
      ],
      "p2": [
        4.290726718743059,
        -0.9380397329417522
      ],
      "length": 7.336666902824653,
      "direction": [
        0.999506180472332,
        -0.03142284512277537
      ],
      "rmse": 0.005905561368015171
    },
    {
      "id": 1,
      "p1": [
        -1.4535775077658726,
        0.9649287728633347
      ],
      "p2": [
        5.691816177042996,
        0.7602393961926605
      ],
      "length": 7.148324884322779,
      "direction": [
        0.9995899459567813,
        -0.028634593416337346
      ],
      "rmse": 0.0025681773653441118
    },
    {
      "id": 2,
      "p1": [
        -3.751811987370177,
        2.46713733765396
      ],
      "p2": [
        -3.773193187641244,
        1.6221274725735493
      ],
      "length": 0.8452803249858862,
      "direction": [
        -0.0252948041484375,
        -0.999680035251826
      ],
      "rmse": 0.0026104662462125183
    }
  ],
  "metadata": {
    "input_file": "/home/qzl/Main/MobiMind/test/test_online_road/extracted_lidar_data_code/extracted_lidar_data/laserscan_json/laserscan_000241.json",
    "num_walls": 3,
    "x_limit": 10.0,
    "y_limit": 5.0,
    "params": {
      "rdp_epsilon": 0.05,
      "wall_rmse_thresh": 0.07,
      "min_wall_length": 0.8,
      "gap_thresh": 2
    }
  }
}