{
  "walls": [
    {
      "id": 0,
      "p1": [
        -5.298645126374096,
        -1.0061349153493084
      ],
      "p2": [
        0.7454701335022372,
        -1.2455938994669904
      ],
      "length": 6.04885690686634,
      "direction": [
        0.9992161085856289,
        -0.03958747707283694
      ],
      "rmse": 0.0024106409910424134
    },
    {
      "id": 1,
      "p1": [
        2.6608242973914593,
        1.9848169665700002
      ],
      "p2": [
        2.591093012867844,
        0.6450903900135974
      ],
      "length": 1.3415400672260418,
      "direction": [
        -0.05197853290191459,
        -0.9986482023792786
      ],
      "rmse": 0.004952529713463342
    },
    {
      "id": 2,
      "p1": [
        2.484720853664564,
        -1.6126978740639577
      ],
      "p2": [
        2.377702752021887,
        -3.9361348933734437
      ],
      "length": 2.3259003540085184,
      "direction": [
        -0.04601147313045128,
        -0.9989409113347826
      ],
      "rmse": 0.0035106481225350684
    },
    {
      "id": 3,
      "p1": [
        -1.79020004763824,
        1.2141609473460107
      ],
      "p2": [
        0.8765698583432663,
        1.0760399965195142
      ],
      "length": 2.670344383877448,
      "direction": [
        0.9986614168868292,
        -0.051724021688094465
      ],
      "rmse": 0.03669522690289482
    }
  ],
  "metadata": {
    "input_file": "/home/qzl/Main/MobiMind/test/test_online_road/extracted_lidar_data_code/extracted_lidar_data/laserscan_json/laserscan_000165.json",
    "num_walls": 4,
    "x_limit": 10.0,
    "y_limit": 5.0,
    "params": {
      "rdp_epsilon": 0.05,
      "wall_rmse_thresh": 0.07,
      "min_wall_length": 0.8,
      "gap_thresh": 2
    }
  }
}