{
  "walls": [
    {
      "id": 0,
      "p1": [
        -5.296967777067072,
        -1.008152378283853
      ],
      "p2": [
        0.8050262044714805,
        -1.244322007142718
      ],
      "length": 6.106562588259293,
      "direction": [
        0.9992518529596951,
        -0.03867472501022054
      ],
      "rmse": 0.002354636194900867
    },
    {
      "id": 1,
      "p1": [
        2.7163931578658866,
        1.9746112752206884
      ],
      "p2": [
        2.6518802483034882,
        0.6743657609369366
      ],
      "length": 1.3018449650074408,
      "direction": [
        -0.049554986420341805,
        -0.998771396926684
      ],
      "rmse": 0.0019542459475037784
    },
    {
      "id": 2,
      "p1": [
        2.5422699341522326,
        -1.588106145463234
      ],
      "p2": [
        2.4471226693424266,
        -3.754476140028486
      ],
      "length": 2.168458428320321,
      "direction": [
        -0.04387783670052251,
        -0.9990369039452358
      ],
      "rmse": 0.003487466192884708
    },
    {
      "id": 3,
      "p1": [
        -2.831065908370912,
        1.3225046355011443
      ],
      "p2": [
        0.9272043128960706,
        1.0623453168976196
      ],
      "length": 3.7672639842621094,
      "direction": [
        0.9976126538951194,
        -0.0690578944533991
      ],
      "rmse": 0.03974431655292104
    }
  ],
  "metadata": {
    "input_file": "/home/qzl/Main/MobiMind/test/test_online_road/extracted_lidar_data_code/extracted_lidar_data/laserscan_json/laserscan_000164.json",
    "num_walls": 4,
    "x_limit": 10.0,
    "y_limit": 5.0,
    "params": {
      "rdp_epsilon": 0.05,
      "wall_rmse_thresh": 0.07,
      "min_wall_length": 0.8,
      "gap_thresh": 2
    }
  }
}