{
  "walls": [
    {
      "id": 0,
      "p1": [
        -3.8578816452517106,
        -1.0284054139333543
      ],
      "p2": [
        2.2611161124683887,
        -1.2389534334340655
      ],
      "length": 6.12261904967958,
      "direction": [
        0.9994085387419639,
        -0.034388554602547014
      ],
      "rmse": 0.0031210556848788257
    },
    {
      "id": 1,
      "p1": [
        -3.5983244794004148,
        -3.4231607495068497
      ],
      "p2": [
        -3.650371644837286,
        -4.966366704756182
      ],
      "length": 1.5440833940390066,
      "direction": [
        -0.033707483441470475,
        -0.9994317413200577
      ],
      "rmse": 0.0043458866661597725
    },
    {
      "id": 2,
      "p1": [
        4.137647756602026,
        1.8647475015754749
      ],
      "p2": [
        3.96903850008019,
        -2.1582364987981517
      ],
      "length": 4.026515782739096,
      "direction": [
        -0.04187472882745487,
        -0.9991228688622973
      ],
      "rmse": 0.004811822335783798
    },
    {
      "id": 3,
      "p1": [
        -2.9185006768315755,
        1.3080410445595083
      ],
      "p2": [
        2.3630512289045056,
        1.1030749328146154
      ],
      "length": 5.285527564959646,
      "direction": [
        0.9992478216828906,
        -0.03877874237257007
      ],
      "rmse": 0.05657021352883272
    }
  ],
  "metadata": {
    "input_file": "/home/qzl/Main/MobiMind/test/test_online_road/extracted_lidar_data_code/extracted_lidar_data/laserscan_json/laserscan_000140.json",
    "num_walls": 4,
    "x_limit": 10.0,
    "y_limit": 5.0,
    "params": {
      "rdp_epsilon": 0.05,
      "wall_rmse_thresh": 0.07,
      "min_wall_length": 0.8,
      "gap_thresh": 2
    }
  }
}