{
  "walls": [
    {
      "id": 0,
      "p1": [
        -5.583738166829218,
        -0.10520713814571958
      ],
      "p2": [
        1.7565638730961852,
        -1.6397852693866122
      ],
      "length": 7.498997538219081,
      "direction": [
        0.9788377716498483,
        -0.20463776970432254
      ],
      "rmse": 0.028186213855983546
    },
    {
      "id": 1,
      "p1": [
        3.0905149853491167,
        4.976877834521572
      ],
      "p2": [
        2.1506154758022165,
        0.2992407722553019
      ],
      "length": 4.771131896555945,
      "direction": [
        -0.1969971759163542,
        -0.9804040558254444
      ],
      "rmse": 0.006211615674178933
    },
    {
      "id": 2,
      "p1": [
        -4.829795069879062,
        3.7357076731985446
      ],
      "p2": [
        -5.568308592649652,
        0.024955516455904103
      ],
      "length": 3.783527955768952,
      "direction": [
        -0.19519177112033745,
        -0.9807650954662415
      ],
      "rmse": 0.002693057586115945
    }
  ],
  "metadata": {
    "input_file": "/home/qzl/Main/MobiMind/test/test_online_road/extracted_lidar_data_code/extracted_lidar_data/laserscan_json/laserscan_000014.json",
    "num_walls": 3,
    "x_limit": 10.0,
    "y_limit": 5.0,
    "params": {
      "rdp_epsilon": 0.05,
      "wall_rmse_thresh": 0.07,
      "min_wall_length": 0.8,
      "gap_thresh": 2
    }
  }
}