{
  "walls": [
    {
      "id": 0,
      "p1": [
        -4.994662769574439,
        -1.010125811036924
      ],
      "p2": [
        1.0996223159925567,
        -1.2455099925560402
      ],
      "length": 6.098829102137044,
      "direction": [
        0.9992549362344733,
        -0.038594979065145724
      ],
      "rmse": 0.0024990537220863666
    },
    {
      "id": 1,
      "p1": [
        3.005957596659949,
        1.953157994496362
      ],
      "p2": [
        2.944574027624889,
        0.7078474007535268
      ],
      "length": 1.2468225284440504,
      "direction": [
        -0.04923200185643193,
        -0.9987873697595542
      ],
      "rmse": 0.0019439149915751884
    },
    {
      "id": 2,
      "p1": [
        2.8364827547484075,
        -1.5244528620992974
      ],
      "p2": [
        2.771887346478872,
        -3.126368570041164
      ],
      "length": 1.603217546722964,
      "direction": [
        -0.040291106095680235,
        -0.9991879836985564
      ],
      "rmse": 0.003605148855533809
    },
    {
      "id": 3,
      "p1": [
        -1.4491249015285759,
        1.2021307356967816
      ],
      "p2": [
        1.2126984894500457,
        1.0941033751302471
      ],
      "length": 2.664014578674805,
      "direction": [
        0.9991774865962124,
        -0.04055058911132676
      ],
      "rmse": 0.03894216755060195
    }
  ],
  "metadata": {
    "input_file": "/home/qzl/Main/MobiMind/test/test_online_road/extracted_lidar_data_code/extracted_lidar_data/laserscan_json/laserscan_000159.json",
    "num_walls": 4,
    "x_limit": 10.0,
    "y_limit": 5.0,
    "params": {
      "rdp_epsilon": 0.05,
      "wall_rmse_thresh": 0.07,
      "min_wall_length": 0.8,
      "gap_thresh": 2
    }
  }
}