{
  "walls": [
    {
      "id": 0,
      "p1": [
        -1.8200553317590853,
        -0.7147746807155505
      ],
      "p2": [
        5.310864305243717,
        -0.9186929436362917
      ],
      "length": 7.133834700029486,
      "direction": [
        0.9995913750238979,
        -0.028584663297524193
      ],
      "rmse": 0.004392836919979902
    },
    {
      "id": 1,
      "p1": [
        -0.4518737258772797,
        0.966371325245011
      ],
      "p2": [
        5.694963804036393,
        0.8139822244969623
      ],
      "length": 6.148726214199329,
      "direction": [
        0.9996928332428524,
        -0.02478384879066209
      ],
      "rmse": 0.002492383733909677
    },
    {
      "id": 2,
      "p1": [
        -2.696888781026157,
        3.9828703529857292
      ],
      "p2": [
        -2.7320726479186197,
        2.6832351548885143
      ],
      "length": 1.3001113616235702,
      "direction": [
        -0.02706219477113884,
        -0.9996337517371894
      ],
      "rmse": 0.0035789699859169804
    }
  ],
  "metadata": {
    "input_file": "/home/qzl/Main/MobiMind/test/test_online_road/extracted_lidar_data_code/extracted_lidar_data/laserscan_json/laserscan_000221.json",
    "num_walls": 3,
    "x_limit": 10.0,
    "y_limit": 5.0,
    "params": {
      "rdp_epsilon": 0.05,
      "wall_rmse_thresh": 0.07,
      "min_wall_length": 0.8,
      "gap_thresh": 2
    }
  }
}