{
  "walls": [
    {
      "id": 0,
      "p1": [
        2.7725647589728517,
        4.726521317963244
      ],
      "p2": [
        -1.6353279313861517,
        -0.7836619272512647
      ],
      "length": 7.056318967107639,
      "direction": [
        -0.6246731066015536,
        -0.7808863616985278
      ],
      "rmse": 0.002923003353168536
    },
    {
      "id": 1,
      "p1": [
        3.9732930957089208,
        3.3465429392020516
      ],
      "p2": [
        0.05233756747729523,
        -1.5026876075917934
      ],
      "length": 6.23609887271912,
      "direction": [
        -0.6287513409033,
        -0.7776064244271018
      ],
      "rmse": 0.07824384429070601
    }
  ],
  "metadata": {
    "input_file": "/home/qzl/Main/MobiMind/test/test_online_road/extracted_lidar_data_code/extracted_lidar_data/laserscan_json/laserscan_000350.json",
    "num_walls": 2,
    "x_limit": 10.0,
    "y_limit": 5.0,
    "params": {
      "rdp_epsilon": 0.05,
      "wall_rmse_thresh": 0.07,
      "min_wall_length": 0.8,
      "gap_thresh": 2
    }
  }
}