{
  "walls": [
    {
      "id": 0,
      "p1": [
        -2.345257790024663,
        -1.0452480793239256
      ],
      "p2": [
        3.7955426252075877,
        -1.2147049605471254
      ],
      "length": 6.143138072216062,
      "direction": [
        0.9996194685904057,
        -0.027584742395656548
      ],
      "rmse": 0.0037033607700790545
    },
    {
      "id": 1,
      "p1": [
        5.612626257367314,
        1.5825587512577846
      ],
      "p2": [
        5.573853382453771,
        0.5846068419817438
      ],
      "length": 0.9987048358032298,
      "direction": [
        -0.038823157276814534,
        -0.999246097043696
      ],
      "rmse": 0.0030834593416997113
    },
    {
      "id": 2,
      "p1": [
        -2.2884366046412854,
        1.265691982541801
      ],
      "p2": [
        3.828795114252783,
        1.1231124524383913
      ],
      "length": 6.118893104561329,
      "direction": [
        0.9997284826446566,
        -0.023301523276649676
      ],
      "rmse": 0.02233145154767999
    }
  ],
  "metadata": {
    "input_file": "/home/qzl/Main/MobiMind/test/test_online_road/extracted_lidar_data_code/extracted_lidar_data/laserscan_json/laserscan_000115.json",
    "num_walls": 3,
    "x_limit": 10.0,
    "y_limit": 5.0,
    "params": {
      "rdp_epsilon": 0.05,
      "wall_rmse_thresh": 0.07,
      "min_wall_length": 0.8,
      "gap_thresh": 2
    }
  }
}