{
  "walls": [
    {
      "id": 0,
      "p1": [
        -1.9992203921374385,
        -0.7157364963806491
      ],
      "p2": [
        5.159546436733415,
        -0.9208183683163015
      ],
      "length": 7.161703783621484,
      "direction": [
        0.9995899083728502,
        -0.02863590538392009
      ],
      "rmse": 0.004557311568466168
    },
    {
      "id": 1,
      "p1": [
        -0.5921048526731412,
        0.965533498587407
      ],
      "p2": [
        5.660426530826853,
        0.8105326607099
      ],
      "length": 6.254452331051462,
      "direction": [
        0.9996928671838804,
        -0.02478247969175809
      ],
      "rmse": 0.0027092822703714855
    },
    {
      "id": 2,
      "p1": [
        -2.841408594970792,
        3.9719045629947645
      ],
      "p2": [
        -2.8796577860564,
        2.460299433299653
      ],
      "length": 1.5120889751397826,
      "direction": [
        -0.02529559550689398,
        -0.9996800152278487
      ],
      "rmse": 0.0034432518242222105
    }
  ],
  "metadata": {
    "input_file": "/home/qzl/Main/MobiMind/test/test_online_road/extracted_lidar_data_code/extracted_lidar_data/laserscan_json/laserscan_000224.json",
    "num_walls": 3,
    "x_limit": 10.0,
    "y_limit": 5.0,
    "params": {
      "rdp_epsilon": 0.05,
      "wall_rmse_thresh": 0.07,
      "min_wall_length": 0.8,
      "gap_thresh": 2
    }
  }
}