{
  "walls": [
    {
      "id": 0,
      "p1": [
        2.771613510149903,
        4.727278823931155
      ],
      "p2": [
        -3.0115555419261093,
        -2.5056366727901622
      ],
      "length": 9.260675508169,
      "direction": [
        -0.624486739327903,
        -0.7810354104658788
      ],
      "rmse": 0.002970024868459283
    },
    {
      "id": 1,
      "p1": [
        3.930130430242105,
        3.3752669533976896
      ],
      "p2": [
        -0.42314223901118264,
        -2.1596628439794285
      ],
      "length": 7.041763329930988,
      "direction": [
        -0.6182077507128599,
        -0.7860147434727586
      ],
      "rmse": 0.08522715100689866
    }
  ],
  "metadata": {
    "input_file": "/home/qzl/Main/MobiMind/test/test_online_road/extracted_lidar_data_code/extracted_lidar_data/laserscan_json/laserscan_000336.json",
    "num_walls": 2,
    "x_limit": 10.0,
    "y_limit": 5.0,
    "params": {
      "rdp_epsilon": 0.05,
      "wall_rmse_thresh": 0.07,
      "min_wall_length": 0.8,
      "gap_thresh": 2
    }
  }
}