{
  "walls": [
    {
      "id": 0,
      "p1": [
        -2.303642749437391,
        -0.7111248023586028
      ],
      "p2": [
        4.925508572286424,
        -0.9320414107709623
      ],
      "length": 7.232526044215368,
      "direction": [
        0.9995333964263451,
        -0.030544875616290306
      ],
      "rmse": 0.005060893182414296
    },
    {
      "id": 1,
      "p1": [
        -0.8342366558602865,
        0.9649742822389833
      ],
      "p2": [
        5.541940198807994,
        0.79464562746112
      ],
      "length": 6.3784514682363085,
      "direction": [
        0.9996433909412447,
        -0.026703762759018097
      ],
      "rmse": 0.0025138442331263866
    },
    {
      "id": 2,
      "p1": [
        -3.0980887282613843,
        3.54046285838845
      ],
      "p2": [
        -3.1430804285564484,
        1.6017241205247
      ],
      "length": 1.9392607217156148,
      "direction": [
        -0.023200439111258818,
        -0.9997308335862433
      ],
      "rmse": 0.0024694787463928804
    }
  ],
  "metadata": {
    "input_file": "/home/qzl/Main/MobiMind/test/test_online_road/extracted_lidar_data_code/extracted_lidar_data/laserscan_json/laserscan_000229.json",
    "num_walls": 3,
    "x_limit": 10.0,
    "y_limit": 5.0,
    "params": {
      "rdp_epsilon": 0.05,
      "wall_rmse_thresh": 0.07,
      "min_wall_length": 0.8,
      "gap_thresh": 2
    }
  }
}