{
  "walls": [
    {
      "id": 0,
      "p1": [
        -4.755146830557583,
        -1.9294876218910155
      ],
      "p2": [
        6.589965740500843,
        -0.6505271805480772
      ],
      "length": 11.416975039847816,
      "direction": [
        0.993705647200776,
        0.11202270626657226
      ],
      "rmse": 0.028464492948432063
    },
    {
      "id": 1,
      "p1": [
        0.5468528243835704,
        4.931172938246151
      ],
      "p2": [
        0.9628169173464325,
        0.6653812476039498
      ],
      "length": 4.286024367008016,
      "direction": [
        0.09705126647537514,
        -0.995279383727768
      ],
      "rmse": 0.0053537892555806195
    },
    {
      "id": 2,
      "p1": [
        -7.701712787795918,
        4.539091969531546
      ],
      "p2": [
        -6.687997339901082,
        4.677258129643686
      ],
      "length": 1.023087922468427,
      "direction": [
        0.9908390331184916,
        0.13504817824322046
      ],
      "rmse": 0.004933721284792964
    }
  ],
  "metadata": {
    "input_file": "/home/qzl/Main/MobiMind/test/test_online_road/extracted_lidar_data_code/extracted_lidar_data/laserscan_json/laserscan_000044.json",
    "num_walls": 3,
    "x_limit": 10.0,
    "y_limit": 5.0,
    "params": {
      "rdp_epsilon": 0.05,
      "wall_rmse_thresh": 0.07,
      "min_wall_length": 0.8,
      "gap_thresh": 2
    }
  }
}