{
  "walls": [
    {
      "id": 0,
      "p1": [
        -2.3670465436497765,
        -0.7153043079608746
      ],
      "p2": [
        4.89110939578593,
        -0.9261468663107602
      ],
      "length": 7.261217682012938,
      "direction": [
        0.9995783430936007,
        -0.029036804511722802
      ],
      "rmse": 0.005620838498038057
    },
    {
      "id": 1,
      "p1": [
        -0.8751663343601583,
        0.9630110033294006
      ],
      "p2": [
        5.166498524700574,
        0.8080597948584467
      ],
      "length": 6.043651557313339,
      "direction": [
        0.9996712751819312,
        -0.025638673408180632
      ],
      "rmse": 0.0023217079075989896
    },
    {
      "id": 2,
      "p1": [
        -3.150621072803676,
        3.4096970466369343
      ],
      "p2": [
        -3.1948321392130774,
        1.5063039988617486
      ],
      "length": 1.9039064348627972,
      "direction": [
        -0.023221239027191365,
        -0.9997303506726412
      ],
      "rmse": 0.002440899456744784
    }
  ],
  "metadata": {
    "input_file": "/home/qzl/Main/MobiMind/test/test_online_road/extracted_lidar_data_code/extracted_lidar_data/laserscan_json/laserscan_000230.json",
    "num_walls": 3,
    "x_limit": 10.0,
    "y_limit": 5.0,
    "params": {
      "rdp_epsilon": 0.05,
      "wall_rmse_thresh": 0.07,
      "min_wall_length": 0.8,
      "gap_thresh": 2
    }
  }
}