{
  "walls": [
    {
      "id": 0,
      "p1": [
        -3.9266216090411645,
        -0.9098370369942064
      ],
      "p2": [
        5.461907930126969,
        -0.7289224406522938
      ],
      "length": 9.390272466707351,
      "direction": [
        0.9998143900983932,
        0.019266171134347115
      ],
      "rmse": 0.005465983212195011
    },
    {
      "id": 1,
      "p1": [
        -2.0487574572760163,
        -0.8752120147126597
      ],
      "p2": [
        -1.2063092881450996,
        -0.6636140814532681
      ],
      "length": 0.8686153366316298,
      "direction": [
        0.9698748497775456,
        0.24360372691521615
      ],
      "rmse": 0.015568953662178529
    },
    {
      "id": 2,
      "p1": [
        -2.6870866816424095,
        0.8339046366968313
      ],
      "p2": [
        5.2967298704605446,
        1.0119549060770525
      ],
      "length": 7.985801690253739,
      "direction": [
        0.9997514165470461,
        0.02229585410283156
      ],
      "rmse": 0.005856698970040865
    }
  ],
  "metadata": {
    "input_file": "/home/qzl/Main/MobiMind/test/test_online_road/extracted_lidar_data_code/extracted_lidar_data/laserscan_json/laserscan_000271.json",
    "num_walls": 3,
    "x_limit": 10.0,
    "y_limit": 5.0,
    "params": {
      "rdp_epsilon": 0.05,
      "wall_rmse_thresh": 0.07,
      "min_wall_length": 0.8,
      "gap_thresh": 2
    }
  }
}