{
  "walls": [
    {
      "id": 0,
      "p1": [
        -5.536054405935202,
        -0.9995577573089461
      ],
      "p2": [
        0.5783797928932365,
        -1.2461130006814858
      ],
      "length": 6.119403162060599,
      "direction": [
        0.9991879987138155,
        -0.040290733727252906
      ],
      "rmse": 0.0023806198399555023
    },
    {
      "id": 1,
      "p1": [
        2.489039108082709,
        1.9809220950716382
      ],
      "p2": [
        2.4207942375131486,
        0.6718345409881346
      ],
      "length": 1.3108652053568994,
      "direction": [
        -0.05206093676955246,
        -0.9986439099402132
      ],
      "rmse": 0.0020893972233734606
    },
    {
      "id": 2,
      "p1": [
        2.3098718414852097,
        -1.6583656537448908
      ],
      "p2": [
        2.1642631151001326,
        -4.6202208583295805
      ],
      "length": 2.9654322035961127,
      "direction": [
        -0.04910202506344788,
        -0.9987937680685981
      ],
      "rmse": 0.003939158080468282
    },
    {
      "id": 3,
      "p1": [
        -2.920634800167209,
        1.3207756091185485
      ],
      "p2": [
        0.6954480634271045,
        1.0539565251407437
      ],
      "length": 3.625913360789969,
      "direction": [
        0.9972888218164349,
        -0.07358672351713527
      ],
      "rmse": 0.03696992988075763
    }
  ],
  "metadata": {
    "input_file": "/home/qzl/Main/MobiMind/test/test_online_road/extracted_lidar_data_code/extracted_lidar_data/laserscan_json/laserscan_000168.json",
    "num_walls": 4,
    "x_limit": 10.0,
    "y_limit": 5.0,
    "params": {
      "rdp_epsilon": 0.05,
      "wall_rmse_thresh": 0.07,
      "min_wall_length": 0.8,
      "gap_thresh": 2
    }
  }
}