{
  "walls": [
    {
      "id": 0,
      "p1": [
        -3.0029016429204978,
        -1.040443624969365
      ],
      "p2": [
        3.0906528378145572,
        -1.2232815116043612
      ],
      "length": 6.096296900781278,
      "direction": [
        0.9995501498537637,
        -0.029991630921286254
      ],
      "rmse": 0.004028520784604327
    },
    {
      "id": 1,
      "p1": [
        4.9757883244680094,
        1.664869218077094
      ],
      "p2": [
        4.8445931299812015,
        -1.8853024914734982
      ],
      "length": 3.5525950158088393,
      "direction": [
        -0.03692939777905057,
        -0.9993178771430423
      ],
      "rmse": 0.003352904500464986
    },
    {
      "id": 2,
      "p1": [
        -2.929846474147986,
        1.3250084865548164
      ],
      "p2": [
        3.26960412101086,
        1.1571876899554727
      ],
      "length": 6.2017216562489015,
      "direction": [
        0.9996338015115583,
        -0.027060356123864166
      ],
      "rmse": 0.06589473856545638
    }
  ],
  "metadata": {
    "input_file": "/home/qzl/Main/MobiMind/test/test_online_road/extracted_lidar_data_code/extracted_lidar_data/laserscan_json/laserscan_000126.json",
    "num_walls": 3,
    "x_limit": 10.0,
    "y_limit": 5.0,
    "params": {
      "rdp_epsilon": 0.05,
      "wall_rmse_thresh": 0.07,
      "min_wall_length": 0.8,
      "gap_thresh": 2
    }
  }
}