{
  "walls": [
    {
      "id": 0,
      "p1": [
        -5.422550148211862,
        -1.0060757250290873
      ],
      "p2": [
        0.6865444025323058,
        -1.2451400771151537
      ],
      "length": 6.113770358328027,
      "direction": [
        0.9992352006510026,
        -0.03910260576931547
      ],
      "rmse": 0.002339698810450279
    },
    {
      "id": 1,
      "p1": [
        2.602637696539274,
        1.979719331066101
      ],
      "p2": [
        2.5365757651765755,
        0.6794535426667033
      ],
      "length": 1.3019428940077509,
      "direction": [
        -0.05074103608283079,
        -0.9987118439546219
      ],
      "rmse": 0.0018949837927514704
    },
    {
      "id": 2,
      "p1": [
        2.425152567919568,
        -1.618101485624542
      ],
      "p2": [
        2.306741778712505,
        -4.130239292571345
      ],
      "length": 2.514926932555325,
      "direction": [
        -0.04708319262644816,
        -0.9988909715129579
      ],
      "rmse": 0.003253826722768859
    },
    {
      "id": 3,
      "p1": [
        -2.928881149489383,
        1.3263432507608635
      ],
      "p2": [
        0.8139064490785122,
        1.0579438825530503
      ],
      "length": 3.7523988632404186,
      "direction": [
        0.9974386345837537,
        -0.0715274089961124
      ],
      "rmse": 0.03831432836779951
    }
  ],
  "metadata": {
    "input_file": "/home/qzl/Main/MobiMind/test/test_online_road/extracted_lidar_data_code/extracted_lidar_data/laserscan_json/laserscan_000166.json",
    "num_walls": 4,
    "x_limit": 10.0,
    "y_limit": 5.0,
    "params": {
      "rdp_epsilon": 0.05,
      "wall_rmse_thresh": 0.07,
      "min_wall_length": 0.8,
      "gap_thresh": 2
    }
  }
}