{
  "walls": [
    {
      "id": 0,
      "p1": [
        -7.8790057334186665,
        -1.4602619666620626
      ],
      "p2": [
        -7.759058702888398,
        -2.2602732003959636
      ],
      "length": 0.8089531903846275,
      "direction": [
        0.14827437725181478,
        -0.9889462619619869
      ],
      "rmse": 0.0026531465736238974
    },
    {
      "id": 1,
      "p1": [
        -5.665987994655355,
        -2.0198944700815447
      ],
      "p2": [
        5.906004249672474,
        -0.24368073093728648
      ],
      "length": 11.707516378374546,
      "direction": [
        0.9884241772825002,
        0.15171567407955133
      ],
      "rmse": 0.02657294454999593
    },
    {
      "id": 2,
      "p1": [
        0.5947684877194059,
        1.3055282474799117
      ],
      "p2": [
        5.473731197702062,
        2.0755071411808923
      ],
      "length": 4.93934657846018,
      "direction": [
        0.9877749278121667,
        0.1558867922040507
      ],
      "rmse": 0.04399457451146815
    },
    {
      "id": 3,
      "p1": [
        -9.36877470266232,
        4.335421885371721
      ],
      "p2": [
        -8.31892779547212,
        4.512337965708409
      ],
      "length": 1.064649157243138,
      "direction": [
        0.986096593461532,
        0.1661731276758133
      ],
      "rmse": 0.008661778139371046
    }
  ],
  "metadata": {
    "input_file": "/home/qzl/Main/MobiMind/test/test_online_road/extracted_lidar_data_code/extracted_lidar_data/laserscan_json/laserscan_000075.json",
    "num_walls": 4,
    "x_limit": 10.0,
    "y_limit": 5.0,
    "params": {
      "rdp_epsilon": 0.05,
      "wall_rmse_thresh": 0.07,
      "min_wall_length": 0.8,
      "gap_thresh": 2
    }
  }
}