{
  "walls": [
    {
      "id": 0,
      "p1": [
        -5.522888109756825,
        -0.10135606128646812
      ],
      "p2": [
        1.790495272553398,
        -1.6379494567994815
      ],
      "length": 7.47306468323308,
      "direction": [
        0.9786324208743384,
        -0.20561756931651484
      ],
      "rmse": 0.02667318281489055
    },
    {
      "id": 1,
      "p1": [
        5.130038653697083,
        -2.2355463887167772
      ],
      "p2": [
        6.179949632424213,
        -2.4419216955130225
      ],
      "length": 1.0700017899550471,
      "direction": [
        0.9812235723177519,
        -0.19287379585104164
      ],
      "rmse": 0.0050703617521723745
    },
    {
      "id": 2,
      "p1": [
        3.1246032493801725,
        4.997921219154149
      ],
      "p2": [
        2.1814406708524494,
        0.27436326030962266
      ],
      "length": 4.816799294147362,
      "direction": [
        -0.1958069084740082,
        -0.9806424703182354
      ],
      "rmse": 0.00658491977488171
    },
    {
      "id": 3,
      "p1": [
        -4.792253360337009,
        3.741055832594718
      ],
      "p2": [
        -5.532880372925056,
        0.0244925163559091
      ],
      "length": 3.789639990208451,
      "direction": [
        -0.19543466252755265,
        -0.9807167239732081
      ],
      "rmse": 0.002369745814652914
    }
  ],
  "metadata": {
    "input_file": "/home/qzl/Main/MobiMind/test/test_online_road/extracted_lidar_data_code/extracted_lidar_data/laserscan_json/laserscan_000012.json",
    "num_walls": 4,
    "x_limit": 10.0,
    "y_limit": 5.0,
    "params": {
      "rdp_epsilon": 0.05,
      "wall_rmse_thresh": 0.07,
      "min_wall_length": 0.8,
      "gap_thresh": 2
    }
  }
}