{
  "walls": [
    {
      "id": 0,
      "p1": [
        -2.4606704946269593,
        -1.0425141049247064
      ],
      "p2": [
        3.7465074462920605,
        -1.2219927209100454
      ],
      "length": 6.209772182924885,
      "direction": [
        0.9995822323370886,
        -0.028902608775032836
      ],
      "rmse": 0.0038624484866335465
    },
    {
      "id": 1,
      "p1": [
        5.503310700031779,
        1.6045417639854533
      ],
      "p2": [
        5.460665200107268,
        0.5703812111325792
      ],
      "length": 1.0350394619244108,
      "direction": [
        -0.0412018106490147,
        -0.9991508448664009
      ],
      "rmse": 0.004791868182954215
    },
    {
      "id": 2,
      "p1": [
        -2.3986829073741793,
        1.2887966483207218
      ],
      "p2": [
        3.68725423894431,
        1.1875553690918474
      ],
      "length": 6.086779176671283,
      "direction": [
        0.9998616624105394,
        -0.016632980479528357
      ],
      "rmse": 0.06335992222094858
    }
  ],
  "metadata": {
    "input_file": "/home/qzl/Main/MobiMind/test/test_online_road/extracted_lidar_data_code/extracted_lidar_data/laserscan_json/laserscan_000117.json",
    "num_walls": 3,
    "x_limit": 10.0,
    "y_limit": 5.0,
    "params": {
      "rdp_epsilon": 0.05,
      "wall_rmse_thresh": 0.07,
      "min_wall_length": 0.8,
      "gap_thresh": 2
    }
  }
}