{
  "walls": [
    {
      "id": 0,
      "p1": [
        -2.182309233881736,
        -0.7142882359795224
      ],
      "p2": [
        5.047740756297879,
        -0.9255454167341833
      ],
      "length": 7.233135727809665,
      "direction": [
        0.999573388672161,
        -0.0292068597499445
      ],
      "rmse": 0.004889162018699484
    },
    {
      "id": 1,
      "p1": [
        -0.7362614729391437,
        0.9653112007151713
      ],
      "p2": [
        5.586370711896479,
        0.8005008051494993
      ],
      "length": 6.324779854762204,
      "direction": [
        0.9996604356227061,
        -0.026057886495672145
      ],
      "rmse": 0.0025502126995851325
    },
    {
      "id": 2,
      "p1": [
        -2.990226653337493,
        3.8569023499657007
      ],
      "p2": [
        -3.035661425874835,
        1.953402074415113
      ],
      "length": 1.9040424411174985,
      "direction": [
        -0.023862268800390097,
        -0.9997152555231404
      ],
      "rmse": 0.002787181172135676
    }
  ],
  "metadata": {
    "input_file": "/home/qzl/Main/MobiMind/test/test_online_road/extracted_lidar_data_code/extracted_lidar_data/laserscan_json/laserscan_000227.json",
    "num_walls": 3,
    "x_limit": 10.0,
    "y_limit": 5.0,
    "params": {
      "rdp_epsilon": 0.05,
      "wall_rmse_thresh": 0.07,
      "min_wall_length": 0.8,
      "gap_thresh": 2
    }
  }
}