{
  "walls": [
    {
      "id": 0,
      "p1": [
        -1.2540089673929828,
        -0.8063218423894116
      ],
      "p2": [
        5.513898462418094,
        -0.5614039500256294
      ],
      "length": 6.772337539763644,
      "direction": [
        0.9993458521620749,
        0.03616445443327459
      ],
      "rmse": 0.007489216762935061
    },
    {
      "id": 1,
      "p1": [
        -5.500285089884612,
        0.8500529856159232
      ],
      "p2": [
        -2.4857166174242566,
        0.9120807501067285
      ],
      "length": 3.0152065466099804,
      "direction": [
        0.999788381279101,
        0.020571646927631373
      ],
      "rmse": 0.003168300659958903
    },
    {
      "id": 2,
      "p1": [
        -0.10077273683221821,
        0.9552192751511667
      ],
      "p2": [
        5.370201593758598,
        1.2041321100490021
      ],
      "length": 5.476633795075266,
      "direction": [
        0.9989666162278351,
        0.04544996876026576
      ],
      "rmse": 0.003498324161836085
    }
  ],
  "metadata": {
    "input_file": "/home/qzl/Main/MobiMind/test/test_online_road/extracted_lidar_data_code/extracted_lidar_data/laserscan_json/laserscan_000213.json",
    "num_walls": 3,
    "x_limit": 10.0,
    "y_limit": 5.0,
    "params": {
      "rdp_epsilon": 0.05,
      "wall_rmse_thresh": 0.07,
      "min_wall_length": 0.8,
      "gap_thresh": 2
    }
  }
}