{
  "walls": [
    {
      "id": 0,
      "p1": [
        -2.2780122011912254,
        -1.0631540487711808
      ],
      "p2": [
        1.828518011476054,
        2.494741458728962
      ],
      "length": 5.433434533500783,
      "direction": [
        0.7557890294515649,
        0.6548151975623822
      ],
      "rmse": 0.01588092142035581
    },
    {
      "id": 1,
      "p1": [
        -2.0368962922613987,
        -3.145472904291685
      ],
      "p2": [
        4.962850178178772,
        2.879422454830463
      ],
      "length": 9.235573330270904,
      "direction": [
        0.757911417095299,
        0.6523574816269037
      ],
      "rmse": 0.013418275048728709
    }
  ],
  "metadata": {
    "input_file": "/home/qzl/Main/MobiMind/test/test_online_road/extracted_lidar_data_code/extracted_lidar_data/laserscan_json/laserscan_000319.json",
    "num_walls": 2,
    "x_limit": 10.0,
    "y_limit": 5.0,
    "params": {
      "rdp_epsilon": 0.05,
      "wall_rmse_thresh": 0.07,
      "min_wall_length": 0.8,
      "gap_thresh": 2
    }
  }
}