{
  "walls": [
    {
      "id": 0,
      "p1": [
        -2.162825823206914,
        -0.21221330032818142
      ],
      "p2": [
        4.698276153562098,
        -3.0296528851681703
      ],
      "length": 7.417053737829259,
      "direction": [
        0.9250441238909215,
        -0.3798596699478341
      ],
      "rmse": 0.0841278352543728
    },
    {
      "id": 1,
      "p1": [
        -2.845838599383461,
        1.9865612369902854
      ],
      "p2": [
        4.54297888755523,
        -1.0236957167249767
      ],
      "length": 7.9784880010364185,
      "direction": [
        0.9260924483400219,
        -0.3772966699105414
      ],
      "rmse": 0.00829690306212277
    }
  ],
  "metadata": {
    "input_file": "/home/qzl/Main/MobiMind/test/test_online_road/extracted_lidar_data_code/extracted_lidar_data/laserscan_json/laserscan_000286.json",
    "num_walls": 2,
    "x_limit": 10.0,
    "y_limit": 5.0,
    "params": {
      "rdp_epsilon": 0.05,
      "wall_rmse_thresh": 0.07,
      "min_wall_length": 0.8,
      "gap_thresh": 2
    }
  }
}