{
  "walls": [
    {
      "id": 0,
      "p1": [
        -2.295664588473282,
        -1.043333416385891
      ],
      "p2": [
        3.7764115038065142,
        -1.2157322225751512
      ],
      "length": 6.074522978704695,
      "direction": [
        0.9995971887110232,
        -0.028380632815689748
      ],
      "rmse": 0.003894756483485276
    },
    {
      "id": 1,
      "p1": [
        5.670064096353923,
        1.5723574191072076
      ],
      "p2": [
        5.633253413893555,
        0.5908789543609934
      ],
      "length": 0.9821685207253305,
      "direction": [
        -0.03747898826277392,
        -0.9992974159061949
      ],
      "rmse": 0.0027619830273321096
    },
    {
      "id": 2,
      "p1": [
        -2.228975097195826,
        1.2733241833585747
      ],
      "p2": [
        3.8773969432813846,
        1.1757710661886764
      ],
      "length": 6.107151226831655,
      "direction": [
        0.9998724141041201,
        -0.015973587937564534
      ],
      "rmse": 0.05373547998332706
    }
  ],
  "metadata": {
    "input_file": "/home/qzl/Main/MobiMind/test/test_online_road/extracted_lidar_data_code/extracted_lidar_data/laserscan_json/laserscan_000114.json",
    "num_walls": 3,
    "x_limit": 10.0,
    "y_limit": 5.0,
    "params": {
      "rdp_epsilon": 0.05,
      "wall_rmse_thresh": 0.07,
      "min_wall_length": 0.8,
      "gap_thresh": 2
    }
  }
}