{
  "walls": [
    {
      "id": 0,
      "p1": [
        -2.587476900232875,
        -0.7100211337194572
      ],
      "p2": [
        4.650067109272422,
        -0.9328173939600821
      ],
      "length": 7.240972411430886,
      "direction": [
        0.9995265274139955,
        -0.030768831529959583
      ],
      "rmse": 0.005583438269869549
    },
    {
      "id": 1,
      "p1": [
        -1.084125492420015,
        0.9643213797176233
      ],
      "p2": [
        5.4777766025251955,
        0.7870185068884579
      ],
      "length": 6.56429702347173,
      "direction": [
        0.9996351584145997,
        -0.027010184364755656
      ],
      "rmse": 0.002659665593509281
    },
    {
      "id": 2,
      "p1": [
        -3.3659215435437457,
        2.9530310559838737
      ],
      "p2": [
        -3.3984050847650336,
        1.5321794914465205
      ],
      "length": 1.4212228357645116,
      "direction": [
        -0.02285605072182908,
        -0.9997387663501908
      ],
      "rmse": 0.002239414550377459
    }
  ],
  "metadata": {
    "input_file": "/home/qzl/Main/MobiMind/test/test_online_road/extracted_lidar_data_code/extracted_lidar_data/laserscan_json/laserscan_000234.json",
    "num_walls": 3,
    "x_limit": 10.0,
    "y_limit": 5.0,
    "params": {
      "rdp_epsilon": 0.05,
      "wall_rmse_thresh": 0.07,
      "min_wall_length": 0.8,
      "gap_thresh": 2
    }
  }
}