{
  "walls": [
    {
      "id": 0,
      "p1": [
        -2.9441735293471667,
        -1.5602411295981162
      ],
      "p2": [
        6.601280057033892,
        -1.0232049759188993
      ],
      "length": 9.560548729027722,
      "direction": [
        0.9984211008087458,
        0.05617210569181364
      ],
      "rmse": 0.028598675412044514
    },
    {
      "id": 1,
      "p1": [
        0.9628546318923668,
        4.952301879885872
      ],
      "p2": [
        1.1378835683109396,
        0.5967760321915889
      ],
      "length": 4.359041240745127,
      "direction": [
        0.040153081090941616,
        -0.9991935398494648
      ],
      "rmse": 0.004934660939780671
    },
    {
      "id": 2,
      "p1": [
        -6.498670866451349,
        2.2335269828872493
      ],
      "p2": [
        -6.438884689068261,
        1.1064886677591241
      ],
      "length": 1.1286229444650349,
      "direction": [
        0.05297267584026135,
        -0.9985959621450122
      ],
      "rmse": 0.0033321090078177913
    }
  ],
  "metadata": {
    "input_file": "/home/qzl/Main/MobiMind/test/test_online_road/extracted_lidar_data_code/extracted_lidar_data/laserscan_json/laserscan_000041.json",
    "num_walls": 3,
    "x_limit": 10.0,
    "y_limit": 5.0,
    "params": {
      "rdp_epsilon": 0.05,
      "wall_rmse_thresh": 0.07,
      "min_wall_length": 0.8,
      "gap_thresh": 2
    }
  }
}