{
  "walls": [
    {
      "id": 0,
      "p1": [
        -5.124955044180101,
        -0.1540105233942829
      ],
      "p2": [
        1.916166771828514,
        -1.635288767076935
      ],
      "length": 7.195247157886936,
      "direction": [
        0.9785795625218489,
        -0.20586898701005638
      ],
      "rmse": 0.025517403572038886
    },
    {
      "id": 1,
      "p1": [
        3.2360454998379717,
        4.972040364109332
      ],
      "p2": [
        2.3054814103258834,
        0.2804165806301391
      ],
      "length": 4.783020306291525,
      "direction": [
        -0.19455574718909416,
        -0.9808914625144279
      ],
      "rmse": 0.005940421229007971
    },
    {
      "id": 2,
      "p1": [
        -4.661217176309915,
        3.7372373600348254
      ],
      "p2": [
        -5.403089419125677,
        0.024879224400400357
      ],
      "length": 3.7857598116985174,
      "direction": [
        -0.1959638962098265,
        -0.9806111111853997
      ],
      "rmse": 0.0026335727949230885
    }
  ],
  "metadata": {
    "input_file": "/home/qzl/Main/MobiMind/test/test_online_road/extracted_lidar_data_code/extracted_lidar_data/laserscan_json/laserscan_000000.json",
    "num_walls": 3,
    "x_limit": 10.0,
    "y_limit": 5.0,
    "params": {
      "rdp_epsilon": 0.05,
      "wall_rmse_thresh": 0.07,
      "min_wall_length": 0.8,
      "gap_thresh": 2
    }
  }
}