{
  "walls": [
    {
      "id": 0,
      "p1": [
        -5.421072013340052,
        -1.0049205444503795
      ],
      "p2": [
        0.639132431285446,
        -1.2467398629717965
      ],
      "length": 6.065027163456797,
      "direction": [
        0.9992048314529542,
        -0.039871102305723036
      ],
      "rmse": 0.0021693838859107822
    },
    {
      "id": 1,
      "p1": [
        2.5440199379273505,
        1.9886115768152752
      ],
      "p2": [
        2.476535107095682,
        0.6596145644823925
      ],
      "length": 1.3307093075432017,
      "direction": [
        -0.05071342813119262,
        -0.9987132462349653
      ],
      "rmse": 0.002208271950737484
    },
    {
      "id": 2,
      "p1": [
        2.3667031424073928,
        -1.6401962878316998
      ],
      "p2": [
        2.2395422859553067,
        -4.300852115808644
      ],
      "length": 2.663692797295009,
      "direction": [
        -0.04773855925919509,
        -0.9988598650250475
      ],
      "rmse": 0.0032292933184291505
    },
    {
      "id": 3,
      "p1": [
        -3.0246353666196475,
        1.3307495923978732
      ],
      "p2": [
        0.7475015512364727,
        1.0571134255484527
      ],
      "length": 3.7820488731454955,
      "direction": [
        0.9973792101515325,
        -0.07235130375815749
      ],
      "rmse": 0.0382320382852865
    }
  ],
  "metadata": {
    "input_file": "/home/qzl/Main/MobiMind/test/test_online_road/extracted_lidar_data_code/extracted_lidar_data/laserscan_json/laserscan_000167.json",
    "num_walls": 4,
    "x_limit": 10.0,
    "y_limit": 5.0,
    "params": {
      "rdp_epsilon": 0.05,
      "wall_rmse_thresh": 0.07,
      "min_wall_length": 0.8,
      "gap_thresh": 2
    }
  }
}