{
  "walls": [
    {
      "id": 0,
      "p1": [
        -1.0796686795288353,
        -0.8945945992133919
      ],
      "p2": [
        3.6316384625174654,
        -0.3929920563342685
      ],
      "length": 4.73793415928496,
      "direction": [
        0.9943800364571995,
        0.1058694625157735
      ],
      "rmse": 0.006058802207808853
    },
    {
      "id": 1,
      "p1": [
        1.3689309464335997,
        -0.4452954005704714
      ],
      "p2": [
        2.204249687055481,
        -0.5024910035409612
      ],
      "length": 0.8372745878344114,
      "direction": [
        0.9976640313204486,
        -0.0683116432786614
      ],
      "rmse": 0.010420416241826358
    },
    {
      "id": 2,
      "p1": [
        -5.589994197913439,
        0.4198403533964474
      ],
      "p2": [
        -2.3870241926932927,
        0.7251280435823102
      ],
      "length": 3.217486197036277,
      "direction": [
        0.9954883437160648,
        0.09488391604189854
      ],
      "rmse": 0.003068382913475701
    },
    {
      "id": 3,
      "p1": [
        -0.07747562025516475,
        0.9403950398249052
      ],
      "p2": [
        5.306998347975206,
        1.5819886628541795
      ],
      "length": 5.422564180501909,
      "direction": [
        0.9929756087693925,
        0.11831923084204914
      ],
      "rmse": 0.003529819574572323
    }
  ],
  "metadata": {
    "input_file": "/home/qzl/Main/MobiMind/test/test_online_road/extracted_lidar_data_code/extracted_lidar_data/laserscan_json/laserscan_000211.json",
    "num_walls": 4,
    "x_limit": 10.0,
    "y_limit": 5.0,
    "params": {
      "rdp_epsilon": 0.05,
      "wall_rmse_thresh": 0.07,
      "min_wall_length": 0.8,
      "gap_thresh": 2
    }
  }
}