{
  "walls": [
    {
      "id": 0,
      "p1": [
        -4.7182953612216325,
        -1.0181456784278688
      ],
      "p2": [
        1.3417908244631542,
        -1.2416589064400263
      ],
      "length": 6.06420668686548,
      "direction": [
        0.9993205209849331,
        -0.036857785288889194
      ],
      "rmse": 0.002647086129836661
    },
    {
      "id": 1,
      "p1": [
        3.2466353690134877,
        1.9488628910147794
      ],
      "p2": [
        3.179337036024373,
        0.6131702711831735
      ],
      "length": 1.3373869448651474,
      "direction": [
        -0.050320764119492156,
        -0.9987331078403431
      ],
      "rmse": 0.0030818484153756318
    },
    {
      "id": 2,
      "p1": [
        3.082651003709675,
        -1.5035681443676956
      ],
      "p2": [
        3.032740780310997,
        -2.7941144057045557
      ],
      "length": 1.2915110077154794,
      "direction": [
        -0.038644830048264835,
        -0.9992530095569094
      ],
      "rmse": 0.003780540768087518
    },
    {
      "id": 3,
      "p1": [
        -2.101418310305055,
        1.3028544205390151
      ],
      "p2": [
        1.4497015495449324,
        1.0730494215235413
      ],
      "length": 3.558547821316091,
      "direction": [
        0.9979126425040125,
        -0.06457830849951965
      ],
      "rmse": 0.04484015964104401
    }
  ],
  "metadata": {
    "input_file": "/home/qzl/Main/MobiMind/test/test_online_road/extracted_lidar_data_code/extracted_lidar_data/laserscan_json/laserscan_000155.json",
    "num_walls": 4,
    "x_limit": 10.0,
    "y_limit": 5.0,
    "params": {
      "rdp_epsilon": 0.05,
      "wall_rmse_thresh": 0.07,
      "min_wall_length": 0.8,
      "gap_thresh": 2
    }
  }
}