{
  "walls": [
    {
      "id": 0,
      "p1": [
        -2.6473565777248047,
        -0.7121898201292547
      ],
      "p2": [
        5.659507341043376,
        -2.4778825967611655
      ],
      "length": 8.49244718243115,
      "direction": [
        0.9781472572410926,
        -0.2079133068125455
      ],
      "rmse": 0.08397999851256586
    },
    {
      "id": 1,
      "p1": [
        -3.669643919029827,
        1.3031452789857996
      ],
      "p2": [
        4.019680083169351,
        -0.2786715086656152
      ],
      "length": 7.850340627036015,
      "direction": [
        0.9794892180487051,
        -0.20149657993210746
      ],
      "rmse": 0.011171913951869665
    }
  ],
  "metadata": {
    "input_file": "/home/qzl/Main/MobiMind/test/test_online_road/extracted_lidar_data_code/extracted_lidar_data/laserscan_json/laserscan_000297.json",
    "num_walls": 2,
    "x_limit": 10.0,
    "y_limit": 5.0,
    "params": {
      "rdp_epsilon": 0.05,
      "wall_rmse_thresh": 0.07,
      "min_wall_length": 0.8,
      "gap_thresh": 2
    }
  }
}