{
  "walls": [
    {
      "id": 0,
      "p1": [
        -2.072868527805138,
        -1.117910290503249
      ],
      "p2": [
        1.3084192808238129,
        -1.5405266753604065
      ],
      "length": 3.407596198720222,
      "direction": [
        0.9922794871926043,
        -0.1240218500699864
      ],
      "rmse": 0.029249662676942408
    },
    {
      "id": 1,
      "p1": [
        4.723279713410265,
        -1.9453902703927421
      ],
      "p2": [
        6.60267132401528,
        -2.1862127154204143
      ],
      "length": 1.8947581048887534,
      "direction": [
        0.9918899968043574,
        -0.1270993085640188
      ],
      "rmse": 0.0056934257224608605
    },
    {
      "id": 2,
      "p1": [
        2.2021783749538164,
        4.91777553325331
      ],
      "p2": [
        1.5749214821934863,
        0.3902232887292907
      ],
      "length": 4.570796488185601,
      "direction": [
        -0.1372314200339065,
        -0.9905390135443821
      ],
      "rmse": 0.005186458586363373
    },
    {
      "id": 3,
      "p1": [
        -5.651932809198728,
        3.326376324456378
      ],
      "p2": [
        -5.948001170637882,
        0.9155075198152172
      ],
      "length": 2.4289802114955905,
      "direction": [
        -0.12188998495651017,
        -0.992543616958621
      ],
      "rmse": 0.002659830727414799
    }
  ],
  "metadata": {
    "input_file": "/home/qzl/Main/MobiMind/test/test_online_road/extracted_lidar_data_code/extracted_lidar_data/laserscan_json/laserscan_000033.json",
    "num_walls": 4,
    "x_limit": 10.0,
    "y_limit": 5.0,
    "params": {
      "rdp_epsilon": 0.05,
      "wall_rmse_thresh": 0.07,
      "min_wall_length": 0.8,
      "gap_thresh": 2
    }
  }
}