{
  "walls": [
    {
      "id": 0,
      "p1": [
        -1.1814543326723805,
        -0.8518398403767949
      ],
      "p2": [
        3.688584732289314,
        -0.5118500990346242
      ],
      "length": 4.8818924116034035,
      "direction": [
        0.997571977084459,
        0.06964302214725887
      ],
      "rmse": 0.005939629106273903
    },
    {
      "id": 1,
      "p1": [
        -5.823507389444069,
        0.6224518031582826
      ],
      "p2": [
        -2.4033355874539133,
        0.819431055852774
      ],
      "length": 3.425839456413664,
      "direction": [
        0.9983456158704934,
        0.05749809796997956
      ],
      "rmse": 0.003341845542422076
    },
    {
      "id": 2,
      "p1": [
        -0.08717667815251362,
        0.9488805906188968
      ],
      "p2": [
        5.795719555092745,
        1.4351193397577275
      ],
      "length": 5.902956565340401,
      "direction": [
        0.9966016466699399,
        0.08237206961564436
      ],
      "rmse": 0.003595478414149357
    }
  ],
  "metadata": {
    "input_file": "/home/qzl/Main/MobiMind/test/test_online_road/extracted_lidar_data_code/extracted_lidar_data/laserscan_json/laserscan_000212.json",
    "num_walls": 3,
    "x_limit": 10.0,
    "y_limit": 5.0,
    "params": {
      "rdp_epsilon": 0.05,
      "wall_rmse_thresh": 0.07,
      "min_wall_length": 0.8,
      "gap_thresh": 2
    }
  }
}