{
  "walls": [
    {
      "id": 0,
      "p1": [
        -6.006565625238345,
        -2.1336558768188034
      ],
      "p2": [
        6.020307814901159,
        -0.24420733760497504
      ],
      "length": 12.174387069888581,
      "direction": [
        0.987883280783313,
        0.1551986583279573
      ],
      "rmse": 0.02760130264675296
    },
    {
      "id": 1,
      "p1": [
        7.526531413619408,
        2.627463573787343
      ],
      "p2": [
        7.639662776773228,
        1.8330958367471486
      ],
      "length": 0.8023832045721053,
      "direction": [
        0.14099418146973516,
        -0.9900104245863675
      ],
      "rmse": 0.0030164910404108123
    },
    {
      "id": 2,
      "p1": [
        0.8733590201462351,
        1.3226818654694155
      ],
      "p2": [
        5.6441769268029045,
        2.094981467438093
      ],
      "length": 4.832923563814857,
      "direction": [
        0.9871494642232794,
        0.15979967234538509
      ],
      "rmse": 0.05473897457865611
    },
    {
      "id": 3,
      "p1": [
        -9.206344494277918,
        4.256893521608641
      ],
      "p2": [
        -8.164391327375776,
        4.434019410710929
      ],
      "length": 1.056901122436568,
      "direction": [
        0.9858568079660964,
        0.16758983914575284
      ],
      "rmse": 0.00725026920158401
    }
  ],
  "metadata": {
    "input_file": "/home/qzl/Main/MobiMind/test/test_online_road/extracted_lidar_data_code/extracted_lidar_data/laserscan_json/laserscan_000071.json",
    "num_walls": 4,
    "x_limit": 10.0,
    "y_limit": 5.0,
    "params": {
      "rdp_epsilon": 0.05,
      "wall_rmse_thresh": 0.07,
      "min_wall_length": 0.8,
      "gap_thresh": 2
    }
  }
}