{
  "walls": [
    {
      "id": 0,
      "p1": [
        -5.979022521025644,
        -2.2676361964021847
      ],
      "p2": [
        6.675361959663254,
        -0.2943928015826529
      ],
      "length": 12.807307916978452,
      "direction": [
        0.9880596736415246,
        0.15407167592196794
      ],
      "rmse": 0.03165471492414406
    },
    {
      "id": 1,
      "p1": [
        3.41077047233218,
        1.732013017107705
      ],
      "p2": [
        5.001892833414092,
        1.7551186675927457
      ],
      "length": 1.5912901178035437,
      "direction": [
        0.9998945781656371,
        0.014520074137650262
      ],
      "rmse": 0.035226856993876905
    },
    {
      "id": 2,
      "p1": [
        -0.1453414306294642,
        4.9412320929934666
      ],
      "p2": [
        0.5226031986018335,
        0.695938955973805
      ],
      "length": 4.2975183358474665,
      "direction": [
        0.1554256612843309,
        -0.9878475913886354
      ],
      "rmse": 0.010060573271660536
    },
    {
      "id": 3,
      "p1": [
        -8.267009429329418,
        4.262494377199024
      ],
      "p2": [
        -7.292992649493009,
        4.428751425551711
      ],
      "length": 0.9881042928405059,
      "direction": [
        0.9857428885724471,
        0.1682586034259411
      ],
      "rmse": 0.0058752858374260366
    }
  ],
  "metadata": {
    "input_file": "/home/qzl/Main/MobiMind/test/test_online_road/extracted_lidar_data_code/extracted_lidar_data/laserscan_json/laserscan_000053.json",
    "num_walls": 4,
    "x_limit": 10.0,
    "y_limit": 5.0,
    "params": {
      "rdp_epsilon": 0.05,
      "wall_rmse_thresh": 0.07,
      "min_wall_length": 0.8,
      "gap_thresh": 2
    }
  }
}