{
  "walls": [
    {
      "id": 0,
      "p1": [
        -6.021120133481346,
        -0.9128291067083844
      ],
      "p2": [
        -3.907901633183544,
        -1.0679665332709813
      ],
      "length": 2.1189053898466903,
      "direction": [
        0.9973161191725444,
        -0.07321583460301008
      ],
      "rmse": 0.01919258858768342
    },
    {
      "id": 1,
      "p1": [
        -1.7105749873653346,
        -1.0492158197386183
      ],
      "p2": [
        4.257754795490481,
        -1.2090355823894792
      ],
      "length": 5.970469223893339,
      "direction": [
        0.9996416628302965,
        -0.02676837559284541
      ],
      "rmse": 0.0035775398086162606
    },
    {
      "id": 2,
      "p1": [
        6.152454370966249,
        1.5054125248832757
      ],
      "p2": [
        6.114008216138692,
        0.5856020715706818
      ],
      "length": 0.9206135871494316,
      "direction": [
        -0.041761446239962016,
        -0.9991276102710539
      ],
      "rmse": 0.004915039613120559
    },
    {
      "id": 3,
      "p1": [
        -1.6877702689175542,
        1.2714622161661753
      ],
      "p2": [
        4.481677899017745,
        1.091179356257494
      ],
      "length": 6.172081707691261,
      "direction": [
        0.9995733141771521,
        -0.029209409150213243
      ],
      "rmse": 0.008061894405921907
    }
  ],
  "metadata": {
    "input_file": "/home/qzl/Main/MobiMind/test/test_online_road/extracted_lidar_data_code/extracted_lidar_data/laserscan_json/laserscan_000105.json",
    "num_walls": 4,
    "x_limit": 10.0,
    "y_limit": 5.0,
    "params": {
      "rdp_epsilon": 0.05,
      "wall_rmse_thresh": 0.07,
      "min_wall_length": 0.8,
      "gap_thresh": 2
    }
  }
}