{
  "walls": [
    {
      "id": 0,
      "p1": [
        -5.115575448476901,
        -0.9281628174545374
      ],
      "p2": [
        0.39948916008081126,
        -1.2543668244400668
      ],
      "length": 5.524703312462964,
      "direction": [
        0.998255344519764,
        -0.0590446198711399
      ],
      "rmse": 0.0026990248656354686
    },
    {
      "id": 1,
      "p1": [
        2.49284835910422,
        4.68232592094653
      ],
      "p2": [
        2.2721376958830444,
        0.6692876602252698
      ],
      "length": 4.019103044072427,
      "direction": [
        -0.054915402964467404,
        -0.9984910107333216
      ],
      "rmse": 0.006166048771516599
    },
    {
      "id": 2,
      "p1": [
        2.1236158319685696,
        -1.747212175154838
      ],
      "p2": [
        1.911756426021537,
        -4.963905210579204
      ],
      "length": 3.223662279463507,
      "direction": [
        -0.06572009955772393,
        -0.9978380973445155
      ],
      "rmse": 0.0036938464670744717
    },
    {
      "id": 3,
      "p1": [
        -3.1842835903261006,
        1.4028443534498527
      ],
      "p2": [
        0.5468947674127109,
        1.0453191021141046
      ],
      "length": 3.748268432570056,
      "direction": [
        0.9954405413746588,
        -0.09538411076131172
      ],
      "rmse": 0.03614773599814963
    }
  ],
  "metadata": {
    "input_file": "/home/qzl/Main/MobiMind/test/test_online_road/extracted_lidar_data_code/extracted_lidar_data/laserscan_json/laserscan_000171.json",
    "num_walls": 4,
    "x_limit": 10.0,
    "y_limit": 5.0,
    "params": {
      "rdp_epsilon": 0.05,
      "wall_rmse_thresh": 0.07,
      "min_wall_length": 0.8,
      "gap_thresh": 2
    }
  }
}