{
  "walls": [
    {
      "id": 0,
      "p1": [
        -2.5326987131604883,
        -0.2626808985773814
      ],
      "p2": [
        5.293321408300539,
        -3.169463846671392
      ],
      "length": 8.348411708154012,
      "direction": [
        0.9374262308852613,
        -0.3481839480019904
      ],
      "rmse": 0.0541867762976744
    },
    {
      "id": 1,
      "p1": [
        -3.8460581800666236,
        2.014030584185968
      ],
      "p2": [
        4.153342939359179,
        -0.8167503852633259
      ],
      "length": 8.485501703875093,
      "direction": [
        0.942713984226142,
        -0.333602074247858
      ],
      "rmse": 0.010763763978108026
    }
  ],
  "metadata": {
    "input_file": "/home/qzl/Main/MobiMind/test/test_online_road/extracted_lidar_data_code/extracted_lidar_data/laserscan_json/laserscan_000293.json",
    "num_walls": 2,
    "x_limit": 10.0,
    "y_limit": 5.0,
    "params": {
      "rdp_epsilon": 0.05,
      "wall_rmse_thresh": 0.07,
      "min_wall_length": 0.8,
      "gap_thresh": 2
    }
  }
}