{
  "walls": [
    {
      "id": 0,
      "p1": [
        -1.0263953672492714,
        -0.940611180911808
      ],
      "p2": [
        3.6730500736009826,
        -0.26946791084593336
      ],
      "length": 4.747127630523847,
      "direction": [
        0.9899555703175752,
        0.14137881310579858
      ],
      "rmse": 0.006259084324077445
    },
    {
      "id": 1,
      "p1": [
        -5.516576141519766,
        0.22320039300817923
      ],
      "p2": [
        -2.3646722487253795,
        0.6364599681872807
      ],
      "length": 3.1788805617527722,
      "direction": [
        0.9915137834097602,
        0.1300016050149506
      ],
      "rmse": 0.002780964169140663
    },
    {
      "id": 2,
      "p1": [
        -0.053585128172040086,
        0.9355246460172273
      ],
      "p2": [
        4.931061712022719,
        1.7097808097222715
      ],
      "length": 5.044420356046753,
      "direction": [
        0.9881505680260514,
        0.1534876376383202
      ],
      "rmse": 0.0032950350295323488
    }
  ],
  "metadata": {
    "input_file": "/home/qzl/Main/MobiMind/test/test_online_road/extracted_lidar_data_code/extracted_lidar_data/laserscan_json/laserscan_000210.json",
    "num_walls": 3,
    "x_limit": 10.0,
    "y_limit": 5.0,
    "params": {
      "rdp_epsilon": 0.05,
      "wall_rmse_thresh": 0.07,
      "min_wall_length": 0.8,
      "gap_thresh": 2
    }
  }
}