{
  "walls": [
    {
      "id": 0,
      "p1": [
        -6.049873344077745,
        -2.2924491405231757
      ],
      "p2": [
        6.729132200472475,
        -0.30091640254409135
      ],
      "length": 12.933258883749591,
      "direction": [
        0.9880731267657552,
        0.1539853764529076
      ],
      "rmse": 0.031653079477889284
    },
    {
      "id": 1,
      "p1": [
        -0.04706988917842114,
        4.960321820357499
      ],
      "p2": [
        0.6125388901701108,
        0.6944051452332853
      ],
      "length": 4.31661080257376,
      "direction": [
        0.15280710018021162,
        -0.9882560347058421
      ],
      "rmse": 0.008692386114043316
    },
    {
      "id": 2,
      "p1": [
        -8.210124778368955,
        4.251433437730583
      ],
      "p2": [
        -7.176115537790194,
        4.4365854414325225
      ],
      "length": 1.0504553175062281,
      "direction": [
        0.9843438586540326,
        0.17625880950491415
      ],
      "rmse": 0.008596494018479
    }
  ],
  "metadata": {
    "input_file": "/home/qzl/Main/MobiMind/test/test_online_road/extracted_lidar_data_code/extracted_lidar_data/laserscan_json/laserscan_000051.json",
    "num_walls": 3,
    "x_limit": 10.0,
    "y_limit": 5.0,
    "params": {
      "rdp_epsilon": 0.05,
      "wall_rmse_thresh": 0.07,
      "min_wall_length": 0.8,
      "gap_thresh": 2
    }
  }
}