{
  "walls": [
    {
      "id": 0,
      "p1": [
        -3.974903709277991,
        -1.7657315400977511
      ],
      "p2": [
        6.938354182110479,
        -0.7460737975955576
      ],
      "length": 10.960789192197677,
      "direction": [
        0.9956635147354211,
        0.09302776694464723
      ],
      "rmse": 0.028351591688196162
    },
    {
      "id": 1,
      "p1": [
        0.6953374813671707,
        4.8778175594210165
      ],
      "p2": [
        1.0217833923609554,
        0.6409069073553828
      ],
      "length": 4.249468061580389,
      "direction": [
        0.07682041758234844,
        -0.9970449455468262
      ],
      "rmse": 0.004891147708417794
    },
    {
      "id": 2,
      "p1": [
        -7.632409857206314,
        4.6874609715422375
      ],
      "p2": [
        -6.560775778312985,
        4.81344484568907
      ],
      "length": 1.0790141498565244,
      "direction": [
        0.9931603575678329,
        0.1167583151374415
      ],
      "rmse": 0.005733613337778992
    }
  ],
  "metadata": {
    "input_file": "/home/qzl/Main/MobiMind/test/test_online_road/extracted_lidar_data_code/extracted_lidar_data/laserscan_json/laserscan_000043.json",
    "num_walls": 3,
    "x_limit": 10.0,
    "y_limit": 5.0,
    "params": {
      "rdp_epsilon": 0.05,
      "wall_rmse_thresh": 0.07,
      "min_wall_length": 0.8,
      "gap_thresh": 2
    }
  }
}