{
  "walls": [
    {
      "id": 0,
      "p1": [
        -6.008240531315366,
        -0.9726877462661434
      ],
      "p2": [
        5.094608156440806,
        -1.1824367813950352
      ],
      "length": 11.104829743897312,
      "direction": [
        0.9998216040949811,
        -0.018888091034799534
      ],
      "rmse": 0.018686208546123705
    },
    {
      "id": 1,
      "p1": [
        6.888373655639349,
        1.4629981777078895
      ],
      "p2": [
        6.861055785189621,
        0.5997284328603117
      ],
      "length": 0.8637018689426984,
      "direction": [
        -0.03162881942485693,
        -0.9994996837317108
      ],
      "rmse": 0.0027552453349717256
    },
    {
      "id": 2,
      "p1": [
        -0.5605701194177329,
        1.2532164413837588
      ],
      "p2": [
        5.196203277674498,
        1.1773566149792876
      ],
      "length": 5.757273196464706,
      "direction": [
        0.9999131881776012,
        -0.013176346477873864
      ],
      "rmse": 0.03665332386057301
    }
  ],
  "metadata": {
    "input_file": "/home/qzl/Main/MobiMind/test/test_online_road/extracted_lidar_data_code/extracted_lidar_data/laserscan_json/laserscan_000091.json",
    "num_walls": 3,
    "x_limit": 10.0,
    "y_limit": 5.0,
    "params": {
      "rdp_epsilon": 0.05,
      "wall_rmse_thresh": 0.07,
      "min_wall_length": 0.8,
      "gap_thresh": 2
    }
  }
}