{
  "walls": [
    {
      "id": 0,
      "p1": [
        -1.5039161803745495,
        -0.7192522656552521
      ],
      "p2": [
        3.345678953793453,
        -0.8514230834164788
      ],
      "length": 4.851395890917751,
      "direction": [
        0.9996288167786989,
        -0.027243873873193918
      ],
      "rmse": 0.004770200517947467
    },
    {
      "id": 1,
      "p1": [
        -5.56580179651227,
        1.1124579878701728
      ],
      "p2": [
        -4.09952240030106,
        1.0751260408940866
      ],
      "length": 1.466754560933265,
      "direction": [
        0.999676043466182,
        -0.02545207492131156
      ],
      "rmse": 0.004240266202071378
    },
    {
      "id": 2,
      "p1": [
        -0.21120199420605634,
        0.9667345210352707
      ],
      "p2": [
        5.82829190910693,
        0.8333114126029935
      ],
      "length": 6.0409674998313365,
      "direction": [
        0.9997560661393343,
        -0.02208638077193248
      ],
      "rmse": 0.0031978219444043455
    },
    {
      "id": 3,
      "p1": [
        -2.459238618286295,
        3.9489481307673566
      ],
      "p2": [
        -2.4873556425023238,
        2.9653040097883214
      ],
      "length": 0.9840458951631187,
      "direction": [
        -0.028572878921810613,
        -0.9995917119444917
      ],
      "rmse": 0.004102259809461814
    }
  ],
  "metadata": {
    "input_file": "/home/qzl/Main/MobiMind/test/test_online_road/extracted_lidar_data_code/extracted_lidar_data/laserscan_json/laserscan_000216.json",
    "num_walls": 4,
    "x_limit": 10.0,
    "y_limit": 5.0,
    "params": {
      "rdp_epsilon": 0.05,
      "wall_rmse_thresh": 0.07,
      "min_wall_length": 0.8,
      "gap_thresh": 2
    }
  }
}