{
  "walls": [
    {
      "id": 0,
      "p1": [
        -5.4752792464409925,
        -0.09723712772271709
      ],
      "p2": [
        1.830638752066505,
        -1.6283994447464167
      ],
      "length": 7.464643048531469,
      "direction": [
        0.9787364179372913,
        -0.20512197396008056
      ],
      "rmse": 0.02535727974383924
    },
    {
      "id": 1,
      "p1": [
        3.185040347110582,
        4.952809368734784
      ],
      "p2": [
        2.25390449893254,
        0.28428803984723405
      ],
      "length": 4.760473229211589,
      "direction": [
        -0.19559732895112233,
        -0.9806842942074614
      ],
      "rmse": 0.005795201623474689
    },
    {
      "id": 2,
      "p1": [
        -4.720705557498035,
        3.747043031779871
      ],
      "p2": [
        -5.461718399910248,
        0.024180619114691382
      ],
      "length": 3.795893119709119,
      "direction": [
        -0.19521435905662585,
        -0.980760599747008
      ],
      "rmse": 0.002752463527821761
    }
  ],
  "metadata": {
    "input_file": "/home/qzl/Main/MobiMind/test/test_online_road/extracted_lidar_data_code/extracted_lidar_data/laserscan_json/laserscan_000008.json",
    "num_walls": 3,
    "x_limit": 10.0,
    "y_limit": 5.0,
    "params": {
      "rdp_epsilon": 0.05,
      "wall_rmse_thresh": 0.07,
      "min_wall_length": 0.8,
      "gap_thresh": 2
    }
  }
}