{
  "walls": [
    {
      "id": 0,
      "p1": [
        -3.1247184921103215,
        -0.898117422748419
      ],
      "p2": [
        -2.2107412613588084,
        -0.8754157134169688
      ],
      "length": 0.9142591240664619,
      "direction": [
        0.999691670218604,
        0.024830716734282485
      ],
      "rmse": 0.006796794519382942
    },
    {
      "id": 1,
      "p1": [
        4.084157682061683,
        -0.8218130182375154
      ],
      "p2": [
        5.286641537690823,
        -0.8178818492386876
      ],
      "length": 1.2024902815151646,
      "direction": [
        0.9999946561836499,
        0.0032691898298509263
      ],
      "rmse": 0.0049220217263764125
    },
    {
      "id": 2,
      "p1": [
        -0.5047428525274963,
        -0.8450039871856551
      ],
      "p2": [
        3.151922918698767,
        -0.8341946433524364
      ],
      "length": 3.656681747755999,
      "direction": [
        0.99999563086577,
        0.002956052667104863
      ],
      "rmse": 0.006494558465566726
    },
    {
      "id": 3,
      "p1": [
        -2.7303383022878887,
        0.8434781055195191
      ],
      "p2": [
        5.137506797566059,
        0.9310929939918418
      ],
      "length": 7.868332916442834,
      "direction": [
        0.9999380025474348,
        0.01113512727570818
      ],
      "rmse": 0.003702465209325262
    }
  ],
  "metadata": {
    "input_file": "/home/qzl/Main/MobiMind/test/test_online_road/extracted_lidar_data_code/extracted_lidar_data/laserscan_json/laserscan_000263.json",
    "num_walls": 4,
    "x_limit": 10.0,
    "y_limit": 5.0,
    "params": {
      "rdp_epsilon": 0.05,
      "wall_rmse_thresh": 0.07,
      "min_wall_length": 0.8,
      "gap_thresh": 2
    }
  }
}