{
  "walls": [
    {
      "id": 0,
      "p1": [
        -4.561860582436253,
        -1.858779294437379
      ],
      "p2": [
        -1.9313810023792548,
        -0.3007198596921532
      ],
      "length": 3.0572818030556905,
      "direction": [
        0.8603981410628412,
        0.5096224473604033
      ],
      "rmse": 0.002729029722875795
    },
    {
      "id": 1,
      "p1": [
        0.09730329542765448,
        0.8967678935003689
      ],
      "p2": [
        3.7762660489336186,
        3.2074579246907255
      ],
      "length": 4.344428082259698,
      "direction": [
        0.8468232604713116,
        0.531874388857686
      ],
      "rmse": 0.0030119926078188727
    },
    {
      "id": 2,
      "p1": [
        0.3427434979970524,
        -0.9773113674157892
      ],
      "p2": [
        4.03967011421568,
        1.2960841398946539
      ],
      "length": 4.339999255571943,
      "direction": [
        0.8518265553775387,
        0.523823939460232
      ],
      "rmse": 0.0054607492925855304
    },
    {
      "id": 3,
      "p1": [
        -0.68613169258764,
        2.3507858626198557
      ],
      "p2": [
        0.07923970420356369,
        0.8786689204159226
      ],
      "length": 1.6591930769352843,
      "direction": [
        0.4612913394046732,
        -0.8872487250981219
      ],
      "rmse": 0.017686455311152434
    }
  ],
  "metadata": {
    "input_file": "/home/qzl/Main/MobiMind/test/test_online_road/extracted_lidar_data_code/extracted_lidar_data/laserscan_json/laserscan_000199.json",
    "num_walls": 4,
    "x_limit": 10.0,
    "y_limit": 5.0,
    "params": {
      "rdp_epsilon": 0.05,
      "wall_rmse_thresh": 0.07,
      "min_wall_length": 0.8,
      "gap_thresh": 2
    }
  }
}