{
  "walls": [
    {
      "id": 0,
      "p1": [
        -2.15992503072713,
        -1.1491012105337204
      ],
      "p2": [
        1.3012540652786848,
        -1.5193781218913627
      ],
      "length": 3.4809288596166663,
      "direction": [
        0.994326294960108,
        -0.10637301889532107
      ],
      "rmse": 0.029088303676212728
    },
    {
      "id": 1,
      "p1": [
        4.683898555389548,
        -1.854574270791959
      ],
      "p2": [
        6.345924459958183,
        -2.035764537871072
      ],
      "length": 1.6718732070170241,
      "direction": [
        0.9941100183861306,
        -0.10837560307710989
      ],
      "rmse": 0.005096642313351303
    },
    {
      "id": 2,
      "p1": [
        2.0784420275717044,
        4.932595726967692
      ],
      "p2": [
        1.5268541154310609,
        0.40621869760983076
      ],
      "length": 4.5598616466640935,
      "direction": [
        -0.12096593161847856,
        -0.9926566593670106
      ],
      "rmse": 0.005408433237764318
    },
    {
      "id": 3,
      "p1": [
        -5.7578141257107625,
        3.2198134814354873
      ],
      "p2": [
        -5.9944996324417845,
        0.92260532653874
      ],
      "length": 2.309369034178089,
      "direction": [
        -0.10248925279065332,
        -0.9947341117406266
      ],
      "rmse": 0.0030103504899285267
    }
  ],
  "metadata": {
    "input_file": "/home/qzl/Main/MobiMind/test/test_online_road/extracted_lidar_data_code/extracted_lidar_data/laserscan_json/laserscan_000034.json",
    "num_walls": 4,
    "x_limit": 10.0,
    "y_limit": 5.0,
    "params": {
      "rdp_epsilon": 0.05,
      "wall_rmse_thresh": 0.07,
      "min_wall_length": 0.8,
      "gap_thresh": 2
    }
  }
}