{
  "walls": [
    {
      "id": 0,
      "p1": [
        -5.90535724285393,
        -0.994562571364541
      ],
      "p2": [
        5.187426040946725,
        -1.1541068184087013
      ],
      "length": 11.0939305635168,
      "direction": [
        0.999896584919054,
        -0.014381219183818732
      ],
      "rmse": 0.020317605292780566
    },
    {
      "id": 1,
      "p1": [
        2.29819703405354,
        -1.6048387847767716
      ],
      "p2": [
        2.9098514218666884,
        -2.144123930314386
      ],
      "length": 0.8154443931554152,
      "direction": [
        0.7500871830704487,
        -0.6613389583197402
      ],
      "rmse": 0.00386995145766578
    },
    {
      "id": 2,
      "p1": [
        7.126401340002775,
        1.5146162906649911
      ],
      "p2": [
        7.10549590966271,
        0.6213555829864656
      ],
      "length": 0.8935053043491368,
      "direction": [
        -0.023397097071821613,
        -0.9997262504538987
      ],
      "rmse": 0.0018041512783721551
    },
    {
      "id": 3,
      "p1": [
        -0.14881474132381656,
        1.2533808289195494
      ],
      "p2": [
        5.346889704472206,
        1.241398168572804
      ],
      "length": 5.495717509087521,
      "direction": [
        0.9999976230042804,
        -0.002180363224077529
      ],
      "rmse": 0.046321306867678755
    }
  ],
  "metadata": {
    "input_file": "/home/qzl/Main/MobiMind/test/test_online_road/extracted_lidar_data_code/extracted_lidar_data/laserscan_json/laserscan_000086.json",
    "num_walls": 4,
    "x_limit": 10.0,
    "y_limit": 5.0,
    "params": {
      "rdp_epsilon": 0.05,
      "wall_rmse_thresh": 0.07,
      "min_wall_length": 0.8,
      "gap_thresh": 2
    }
  }
}