{
  "walls": [
    {
      "id": 0,
      "p1": [
        -4.5362222179371035,
        -1.0425570589924706
      ],
      "p2": [
        -3.5941359909353827,
        -1.064399705445718
      ],
      "length": 0.9423394082337951,
      "direction": [
        0.9997313269180887,
        -0.02317917118012146
      ],
      "rmse": 0.00986422711947515
    },
    {
      "id": 1,
      "p1": [
        -1.4802250502431176,
        -1.054775281462654
      ],
      "p2": [
        4.505966028739189,
        -1.2098002888700505
      ],
      "length": 5.988198091831049,
      "direction": [
        0.9996648386002016,
        -0.025888423367076415
      ],
      "rmse": 0.00314976625362386
    },
    {
      "id": 2,
      "p1": [
        6.309012795134823,
        1.4847923484404297
      ],
      "p2": [
        6.272026485647297,
        0.5718155731454733
      ],
      "length": 0.913725658673042,
      "direction": [
        -0.04047857158920336,
        -0.9991804067535041
      ],
      "rmse": 0.00676205866497113
    },
    {
      "id": 3,
      "p1": [
        -1.4664438406924376,
        1.2699430148682567
      ],
      "p2": [
        4.535803349194374,
        1.0960256889315243
      ],
      "length": 6.004766320579437,
      "direction": [
        0.9995804781461697,
        -0.028963212996401196
      ],
      "rmse": 0.004428678338960499
    }
  ],
  "metadata": {
    "input_file": "/home/qzl/Main/MobiMind/test/test_online_road/extracted_lidar_data_code/extracted_lidar_data/laserscan_json/laserscan_000102.json",
    "num_walls": 4,
    "x_limit": 10.0,
    "y_limit": 5.0,
    "params": {
      "rdp_epsilon": 0.05,
      "wall_rmse_thresh": 0.07,
      "min_wall_length": 0.8,
      "gap_thresh": 2
    }
  }
}