{
  "walls": [
    {
      "id": 0,
      "p1": [
        -6.208687333857052,
        -1.3090446195674836
      ],
      "p2": [
        5.417577914797759,
        -0.8952613641114322
      ],
      "length": 11.63362627105471,
      "direction": [
        0.9993672632900509,
        0.03556786558333577
      ],
      "rmse": 0.023658686577784187
    },
    {
      "id": 1,
      "p1": [
        0.11488215337455476,
        1.2525670479561628
      ],
      "p2": [
        5.540068495307255,
        1.5030609148637302
      ],
      "length": 5.4309662144089454,
      "direction": [
        0.9989357561337181,
        0.046123260027420065
      ],
      "rmse": 0.04788287166803332
    }
  ],
  "metadata": {
    "input_file": "/home/qzl/Main/MobiMind/test/test_online_road/extracted_lidar_data_code/extracted_lidar_data/laserscan_json/laserscan_000082.json",
    "num_walls": 2,
    "x_limit": 10.0,
    "y_limit": 5.0,
    "params": {
      "rdp_epsilon": 0.05,
      "wall_rmse_thresh": 0.07,
      "min_wall_length": 0.8,
      "gap_thresh": 2
    }
  }
}