{
  "walls": [
    {
      "id": 0,
      "p1": [
        -6.018133621048937,
        -0.9771064093609094
      ],
      "p2": [
        5.05172606628218,
        -1.1771371567528406
      ],
      "length": 11.071666803020255,
      "direction": [
        0.999836780158547,
        -0.018066904554711168
      ],
      "rmse": 0.01962098359842112
    },
    {
      "id": 1,
      "p1": [
        6.9356554177818515,
        1.4436238201645084
      ],
      "p2": [
        6.909073259554151,
        0.6046480712800223
      ],
      "length": 0.8393967586024662,
      "direction": [
        -0.03166816878341483,
        -0.9994984377596122
      ],
      "rmse": 0.0027284534693570706
    },
    {
      "id": 2,
      "p1": [
        -0.48321350008725916,
        1.2561187243002685
      ],
      "p2": [
        5.289057997066053,
        1.1956791011710841
      ],
      "length": 5.772587910538266,
      "direction": [
        0.9999451869082585,
        -0.010470108739060886
      ],
      "rmse": 0.046236238972420844
    }
  ],
  "metadata": {
    "input_file": "/home/qzl/Main/MobiMind/test/test_online_road/extracted_lidar_data_code/extracted_lidar_data/laserscan_json/laserscan_000090.json",
    "num_walls": 3,
    "x_limit": 10.0,
    "y_limit": 5.0,
    "params": {
      "rdp_epsilon": 0.05,
      "wall_rmse_thresh": 0.07,
      "min_wall_length": 0.8,
      "gap_thresh": 2
    }
  }
}