{
  "walls": [
    {
      "id": 0,
      "p1": [
        -2.240572892452636,
        -0.7135119449763887
      ],
      "p2": [
        4.940510548166754,
        -0.9268121066316627
      ],
      "length": 7.184250576093529,
      "direction": [
        0.9995591557605384,
        -0.029689966879056666
      ],
      "rmse": 0.005034125770957026
    },
    {
      "id": 1,
      "p1": [
        -0.7833578483186501,
        0.964321130801026
      ],
      "p2": [
        5.571576677055118,
        0.7993686459726991
      ],
      "length": 6.357074967627686,
      "direction": [
        0.9996632976217562,
        -0.025947858986743764
      ],
      "rmse": 0.0024828043794106933
    },
    {
      "id": 2,
      "p1": [
        -3.0440891122066875,
        3.6869584968270783
      ],
      "p2": [
        -3.0893981715361942,
        1.764549477576908
      ],
      "length": 1.9229428873868633,
      "direction": [
        -0.023562353113374575,
        -0.9997223692174547
      ],
      "rmse": 0.0027527826853571222
    }
  ],
  "metadata": {
    "input_file": "/home/qzl/Main/MobiMind/test/test_online_road/extracted_lidar_data_code/extracted_lidar_data/laserscan_json/laserscan_000228.json",
    "num_walls": 3,
    "x_limit": 10.0,
    "y_limit": 5.0,
    "params": {
      "rdp_epsilon": 0.05,
      "wall_rmse_thresh": 0.07,
      "min_wall_length": 0.8,
      "gap_thresh": 2
    }
  }
}