{
  "walls": [
    {
      "id": 0,
      "p1": [
        -1.8807393304308817,
        -0.7173950145918353
      ],
      "p2": [
        5.291144343425135,
        -0.9184890938898247
      ],
      "length": 7.174702381287406,
      "direction": [
        0.9996071324929222,
        -0.028028211988593257
      ],
      "rmse": 0.004432944044922416
    },
    {
      "id": 1,
      "p1": [
        -0.49460864498774004,
        0.9665904393136096
      ],
      "p2": [
        5.690050812523822,
        0.8144588862923132
      ],
      "length": 6.186530256517935,
      "direction": [
        0.9996976012506222,
        -0.024590771678658346
      ],
      "rmse": 0.002747647547545157
    },
    {
      "id": 2,
      "p1": [
        -2.7479502549908608,
        3.9796120865459645
      ],
      "p2": [
        -2.7832246511104173,
        2.64066485453954
      ],
      "length": 1.3394118011721656,
      "direction": [
        -0.026335736394626053,
        -0.9996531543423212
      ],
      "rmse": 0.004369369237680306
    }
  ],
  "metadata": {
    "input_file": "/home/qzl/Main/MobiMind/test/test_online_road/extracted_lidar_data_code/extracted_lidar_data/laserscan_json/laserscan_000222.json",
    "num_walls": 3,
    "x_limit": 10.0,
    "y_limit": 5.0,
    "params": {
      "rdp_epsilon": 0.05,
      "wall_rmse_thresh": 0.07,
      "min_wall_length": 0.8,
      "gap_thresh": 2
    }
  }
}