{
  "walls": [
    {
      "id": 0,
      "p1": [
        -5.067795685679101,
        -1.0087453059265505
      ],
      "p2": [
        1.0384698424624643,
        -1.2457571198626507
      ],
      "length": 6.110863547823276,
      "direction": [
        0.999247566297,
        -0.0387853225785557
      ],
      "rmse": 0.002284392376795121
    },
    {
      "id": 1,
      "p1": [
        2.9449781795426486,
        1.9676521520241024
      ],
      "p2": [
        2.881710842345446,
        0.692471914627297
      ],
      "length": 1.2767487590765059,
      "direction": [
        -0.04955347459503471,
        -0.9987714719361778
      ],
      "rmse": 0.0019430863340297213
    },
    {
      "id": 2,
      "p1": [
        2.7741825596366523,
        -1.5542540857057592
      ],
      "p2": [
        2.704260800301779,
        -3.2026256944460743
      ],
      "length": 1.6498539368470222,
      "direction": [
        -0.042380575500172976,
        -0.999101539793766
      ],
      "rmse": 0.002765673593718484
    },
    {
      "id": 3,
      "p1": [
        -2.2818665861806977,
        1.289445462404787
      ],
      "p2": [
        1.1570075960495878,
        1.0719089601776859
      ],
      "length": 3.445747781108074,
      "direction": [
        0.9980051938453205,
        -0.0631318703648498
      ],
      "rmse": 0.04217674503755882
    }
  ],
  "metadata": {
    "input_file": "/home/qzl/Main/MobiMind/test/test_online_road/extracted_lidar_data_code/extracted_lidar_data/laserscan_json/laserscan_000160.json",
    "num_walls": 4,
    "x_limit": 10.0,
    "y_limit": 5.0,
    "params": {
      "rdp_epsilon": 0.05,
      "wall_rmse_thresh": 0.07,
      "min_wall_length": 0.8,
      "gap_thresh": 2
    }
  }
}