{
  "walls": [
    {
      "id": 0,
      "p1": [
        -3.567792590484877,
        -1.0319614831378872
      ],
      "p2": [
        2.524674900671987,
        -1.2321978254580044
      ],
      "length": 6.095757108316321,
      "direction": [
        0.9994603431358737,
        -0.03284847784481741
      ],
      "rmse": 0.004060453068668254
    },
    {
      "id": 1,
      "p1": [
        -3.318665123960189,
        -3.826608561547071
      ],
      "p2": [
        -3.3557332005964913,
        -4.9731435179277526
      ],
      "length": 1.1471340150603009,
      "direction": [
        -0.03231364090822177,
        -0.9994777779466909
      ],
      "rmse": 0.003917694480948071
    },
    {
      "id": 2,
      "p1": [
        4.416042763585103,
        1.7849271359826235
      ],
      "p2": [
        4.261378752654021,
        -2.0601921027402237
      ],
      "length": 3.8482285426250162,
      "direction": [
        -0.04019096298927821,
        -0.9991920168275937
      ],
      "rmse": 0.0026621948039641384
    },
    {
      "id": 3,
      "p1": [
        -2.588612562645379,
        1.3086015808782197
      ],
      "p2": [
        2.6277899524088295,
        1.115824292751788
      ],
      "length": 5.219963436833754,
      "direction": [
        0.9993178262974727,
        -0.03693077364602589
      ],
      "rmse": 0.06017037780606854
    }
  ],
  "metadata": {
    "input_file": "/home/qzl/Main/MobiMind/test/test_online_road/extracted_lidar_data_code/extracted_lidar_data/laserscan_json/laserscan_000135.json",
    "num_walls": 4,
    "x_limit": 10.0,
    "y_limit": 5.0,
    "params": {
      "rdp_epsilon": 0.05,
      "wall_rmse_thresh": 0.07,
      "min_wall_length": 0.8,
      "gap_thresh": 2
    }
  }
}