{
  "walls": [
    {
      "id": 0,
      "p1": [
        -4.462418536537058,
        -2.0502608965059768
      ],
      "p2": [
        -1.859712725219051,
        -0.37212438748099264
      ],
      "length": 3.0968079829384134,
      "direction": [
        0.8404479146446208,
        0.5418923350329917
      ],
      "rmse": 0.002541837268121249
    },
    {
      "id": 1,
      "p1": [
        0.11615974887134672,
        0.8980576706061878
      ],
      "p2": [
        3.589925714332,
        3.26891554724529
      ],
      "length": 4.205712431207638,
      "direction": [
        0.825963739146976,
        0.5637232491323612
      ],
      "rmse": 0.0030717444688957516
    },
    {
      "id": 2,
      "p1": [
        0.513129989187876,
        -0.9150960083045045
      ],
      "p2": [
        5.919394691275324,
        2.731377608065253
      ],
      "length": 6.521078734681664,
      "direction": [
        0.8290445372679518,
        0.5591825777187336
      ],
      "rmse": 0.006176752820776535
    },
    {
      "id": 3,
      "p1": [
        -1.3216579425849921,
        3.0839406824293274
      ],
      "p2": [
        0.11038932038310115,
        0.883609681357941
      ],
      "length": 2.6253030068261105,
      "direction": [
        0.5454788492007064,
        -0.8381245880372874
      ],
      "rmse": 0.006152789317145071
    }
  ],
  "metadata": {
    "input_file": "/home/qzl/Main/MobiMind/test/test_online_road/extracted_lidar_data_code/extracted_lidar_data/laserscan_json/laserscan_000198.json",
    "num_walls": 4,
    "x_limit": 10.0,
    "y_limit": 5.0,
    "params": {
      "rdp_epsilon": 0.05,
      "wall_rmse_thresh": 0.07,
      "min_wall_length": 0.8,
      "gap_thresh": 2
    }
  }
}