{
  "walls": [
    {
      "id": 0,
      "p1": [
        -4.373804326520814,
        -1.0257521980122704
      ],
      "p2": [
        1.7491766630895662,
        -1.2426474096703912
      ],
      "length": 6.126821339974778,
      "direction": [
        0.99937319041026,
        -0.03540093624776675
      ],
      "rmse": 0.0030141700834506306
    },
    {
      "id": 1,
      "p1": [
        3.6144864160792802,
        1.960989357323179
      ],
      "p2": [
        3.546614450278368,
        0.584853524871607
      ],
      "length": 1.3778085618469864,
      "direction": [
        -0.04926081001402727,
        -0.9987859493378759
      ],
      "rmse": 0.004979458590440609
    },
    {
      "id": 2,
      "p1": [
        3.45865530274029,
        -1.469261866201987
      ],
      "p2": [
        3.4217174019078254,
        -2.4442416696563383
      ],
      "length": 0.9756792637244037,
      "direction": [
        -0.037858651101620164,
        -0.9992831042976588
      ],
      "rmse": 0.0025140982828307443
    },
    {
      "id": 3,
      "p1": [
        -1.5794543242535732,
        1.266546630513156
      ],
      "p2": [
        1.813805459655581,
        1.0798660003954517
      ],
      "length": 3.3983910338212024,
      "direction": [
        0.998490094322762,
        -0.0549320629261463
      ],
      "rmse": 0.05137098123108054
    }
  ],
  "metadata": {
    "input_file": "/home/qzl/Main/MobiMind/test/test_online_road/extracted_lidar_data_code/extracted_lidar_data/laserscan_json/laserscan_000149.json",
    "num_walls": 4,
    "x_limit": 10.0,
    "y_limit": 5.0,
    "params": {
      "rdp_epsilon": 0.05,
      "wall_rmse_thresh": 0.07,
      "min_wall_length": 0.8,
      "gap_thresh": 2
    }
  }
}