{
  "walls": [
    {
      "id": 0,
      "p1": [
        -1.1742068507099903,
        -1.0582331587912166
      ],
      "p2": [
        4.627568869041251,
        -1.203253112105936
      ],
      "length": 5.803587880712623,
      "direction": [
        0.9996877516108258,
        -0.02498798265750865
      ],
      "rmse": 0.003106582076914822
    },
    {
      "id": 1,
      "p1": [
        6.523217101624505,
        1.505680568386965
      ],
      "p2": [
        6.482310572039218,
        0.5634366390994909
      ],
      "length": 0.9431314682703629,
      "direction": [
        -0.043373093742981206,
        -0.9990589445759257
      ],
      "rmse": 0.005873185287519336
    },
    {
      "id": 2,
      "p1": [
        -1.1407066660347853,
        1.258017974629191
      ],
      "p2": [
        4.681751275060101,
        1.2063175022324062
      ],
      "length": 5.82268747355248,
      "direction": [
        0.9999605796353559,
        -0.00887914260065725
      ],
      "rmse": 0.04942892175576125
    }
  ],
  "metadata": {
    "input_file": "/home/qzl/Main/MobiMind/test/test_online_road/extracted_lidar_data_code/extracted_lidar_data/laserscan_json/laserscan_000098.json",
    "num_walls": 3,
    "x_limit": 10.0,
    "y_limit": 5.0,
    "params": {
      "rdp_epsilon": 0.05,
      "wall_rmse_thresh": 0.07,
      "min_wall_length": 0.8,
      "gap_thresh": 2
    }
  }
}