{
  "walls": [
    {
      "id": 0,
      "p1": [
        -5.43203588335877,
        -0.0928940101254313
      ],
      "p2": [
        1.9044222846954824,
        -1.6322616837648305
      ],
      "length": 7.496217131744246,
      "direction": [
        0.9786880554698985,
        -0.20535259939564668
      ],
      "rmse": 0.025433438473373652
    },
    {
      "id": 1,
      "p1": [
        3.219064603620308,
        4.94227684204012
      ],
      "p2": [
        2.295314716253272,
        0.27928917754542115
      ],
      "length": 4.753605769691081,
      "direction": [
        -0.19432614569258716,
        -0.9809369750897676
      ],
      "rmse": 0.005797507985636427
    },
    {
      "id": 2,
      "p1": [
        -4.6757477788594874,
        3.7454245935678587
      ],
      "p2": [
        -5.415985789095654,
        0.023844827659067924
      ],
      "length": 3.79448392615124,
      "direction": [
        -0.195082658048377,
        -0.9807868048290515
      ],
      "rmse": 0.002539790426102
    }
  ],
  "metadata": {
    "input_file": "/home/qzl/Main/MobiMind/test/test_online_road/extracted_lidar_data_code/extracted_lidar_data/laserscan_json/laserscan_000003.json",
    "num_walls": 3,
    "x_limit": 10.0,
    "y_limit": 5.0,
    "params": {
      "rdp_epsilon": 0.05,
      "wall_rmse_thresh": 0.07,
      "min_wall_length": 0.8,
      "gap_thresh": 2
    }
  }
}