{
  "walls": [
    {
      "id": 0,
      "p1": [
        -4.9461447716772655,
        -1.0094135252272045
      ],
      "p2": [
        1.1654886784865148,
        -1.2435378793083642
      ],
      "length": 6.1161162221081735,
      "direction": [
        0.9992670557936261,
        -0.03827990600221539
      ],
      "rmse": 0.002478520987351314
    },
    {
      "id": 1,
      "p1": [
        3.070058827001463,
        1.9770157970460516
      ],
      "p2": [
        3.0006391382669353,
        0.6165444158623661
      ],
      "length": 1.3622413413943373,
      "direction": [
        -0.05095990455215706,
        -0.998700699972737
      ],
      "rmse": 0.0038627755188149213
    },
    {
      "id": 2,
      "p1": [
        2.8992290686670965,
        -1.5251761954558296
      ],
      "p2": [
        2.8407218633161553,
        -3.003931669094971
      ],
      "length": 1.4799124446722174,
      "direction": [
        -0.039534234313328635,
        -0.9992182165649597
      ],
      "rmse": 0.002801803264044645
    },
    {
      "id": 3,
      "p1": [
        -2.505224747608768,
        1.312733944106014
      ],
      "p2": [
        1.270189938759547,
        1.072017950794065
      ],
      "length": 3.7830807873321604,
      "direction": [
        0.9979735825379961,
        -0.06362962010162665
      ],
      "rmse": 0.04396856969274344
    }
  ],
  "metadata": {
    "input_file": "/home/qzl/Main/MobiMind/test/test_online_road/extracted_lidar_data_code/extracted_lidar_data/laserscan_json/laserscan_000158.json",
    "num_walls": 4,
    "x_limit": 10.0,
    "y_limit": 5.0,
    "params": {
      "rdp_epsilon": 0.05,
      "wall_rmse_thresh": 0.07,
      "min_wall_length": 0.8,
      "gap_thresh": 2
    }
  }
}