{
  "walls": [
    {
      "id": 0,
      "p1": [
        -5.902361852605296,
        -2.0993955402158693
      ],
      "p2": [
        5.948440588268818,
        -0.23995866986148973
      ],
      "length": 11.995791927482784,
      "direction": [
        0.9879133043072924,
        0.15500742940468015
      ],
      "rmse": 0.027051540018355486
    },
    {
      "id": 1,
      "p1": [
        0.7505383798580243,
        1.3205003945637854
      ],
      "p2": [
        5.775060270319175,
        2.1267916486473837
      ],
      "length": 5.088803966958738,
      "direction": [
        0.9873679401053781,
        0.15844415688204672
      ],
      "rmse": 0.05278371343610417
    },
    {
      "id": 2,
      "p1": [
        -9.259723294372794,
        4.27556843691387
      ],
      "p2": [
        -8.273500046884418,
        4.441533719297325
      ],
      "length": 1.000090380337266,
      "direction": [
        0.9861341203530022,
        0.1659502837406751
      ],
      "rmse": 0.006605783786192157
    }
  ],
  "metadata": {
    "input_file": "/home/qzl/Main/MobiMind/test/test_online_road/extracted_lidar_data_code/extracted_lidar_data/laserscan_json/laserscan_000073.json",
    "num_walls": 3,
    "x_limit": 10.0,
    "y_limit": 5.0,
    "params": {
      "rdp_epsilon": 0.05,
      "wall_rmse_thresh": 0.07,
      "min_wall_length": 0.8,
      "gap_thresh": 2
    }
  }
}