{
  "walls": [
    {
      "id": 0,
      "p1": [
        -2.7375838677794575,
        -1.041519404720829
      ],
      "p2": [
        3.361930282632709,
        -1.2231828343471387
      ],
      "length": 6.102218815540938,
      "direction": [
        0.9995567734922939,
        -0.029770061532941657
      ],
      "rmse": 0.004429415808929343
    },
    {
      "id": 1,
      "p1": [
        5.223678069036582,
        1.6475795622959497
      ],
      "p2": [
        5.099273825833595,
        -1.8318714736618027
      ],
      "length": 3.481674299436176,
      "direction": [
        -0.03573115475591982,
        -0.9993614384084513
      ],
      "rmse": 0.002643099070902872
    },
    {
      "id": 2,
      "p1": [
        -2.408817251540512,
        1.3111685992842292
      ],
      "p2": [
        3.401379026901626,
        1.1708184924866754
      ],
      "length": 5.811891167812845,
      "direction": [
        0.9997083755824775,
        -0.024148784405099384
      ],
      "rmse": 0.06639298621561564
    }
  ],
  "metadata": {
    "input_file": "/home/qzl/Main/MobiMind/test/test_online_road/extracted_lidar_data_code/extracted_lidar_data/laserscan_json/laserscan_000122.json",
    "num_walls": 3,
    "x_limit": 10.0,
    "y_limit": 5.0,
    "params": {
      "rdp_epsilon": 0.05,
      "wall_rmse_thresh": 0.07,
      "min_wall_length": 0.8,
      "gap_thresh": 2
    }
  }
}