{
  "walls": [
    {
      "id": 0,
      "p1": [
        -5.704187322624955,
        -0.9842619284720413
      ],
      "p2": [
        5.382579455691771,
        -1.181098914618427
      ],
      "length": 11.088513985016325,
      "direction": [
        0.9998424309413283,
        -0.017751430571505827
      ],
      "rmse": 0.02054142696989331
    },
    {
      "id": 1,
      "p1": [
        7.0922661117336565,
        1.4435022704930955
      ],
      "p2": [
        7.061819709265165,
        0.5866516929958919
      ],
      "length": 0.8573913316453372,
      "direction": [
        -0.03551050884784985,
        -0.9993693029903244
      ],
      "rmse": 0.002189301769638938
    },
    {
      "id": 2,
      "p1": [
        3.9162890390363625,
        1.2318934238064958
      ],
      "p2": [
        5.17404237684325,
        1.0829929238220348
      ],
      "length": 1.2665365441470644,
      "direction": [
        0.993065177327868,
        -0.11756510356721489
      ],
      "rmse": 0.023884736879937113
    },
    {
      "id": 3,
      "p1": [
        -0.24452578895389576,
        1.2461158060662336
      ],
      "p2": [
        3.6493743420938762,
        1.2357819404403803
      ],
      "length": 3.8939138433397096,
      "direction": [
        0.9999964785312714,
        -0.002653850609334487
      ],
      "rmse": 0.04434088404914287
    }
  ],
  "metadata": {
    "input_file": "/home/qzl/Main/MobiMind/test/test_online_road/extracted_lidar_data_code/extracted_lidar_data/laserscan_json/laserscan_000087.json",
    "num_walls": 4,
    "x_limit": 10.0,
    "y_limit": 5.0,
    "params": {
      "rdp_epsilon": 0.05,
      "wall_rmse_thresh": 0.07,
      "min_wall_length": 0.8,
      "gap_thresh": 2
    }
  }
}