{
  "walls": [
    {
      "id": 0,
      "p1": [
        -2.2891764345749332,
        -0.9704670284503868
      ],
      "p2": [
        1.998709988742397,
        2.439770851114866
      ],
      "length": 5.4786578990196855,
      "direction": [
        0.7826527047947798,
        0.6224586280833573
      ],
      "rmse": 0.014716711981359648
    },
    {
      "id": 1,
      "p1": [
        -2.107875025961615,
        -3.042468704860428
      ],
      "p2": [
        5.3589985138161875,
        2.866135681862763
      ],
      "length": 9.521859390782792,
      "direction": [
        0.7841822939538791,
        0.6205305228973284
      ],
      "rmse": 0.013097962916351633
    }
  ],
  "metadata": {
    "input_file": "/home/qzl/Main/MobiMind/test/test_online_road/extracted_lidar_data_code/extracted_lidar_data/laserscan_json/laserscan_000318.json",
    "num_walls": 2,
    "x_limit": 10.0,
    "y_limit": 5.0,
    "params": {
      "rdp_epsilon": 0.05,
      "wall_rmse_thresh": 0.07,
      "min_wall_length": 0.8,
      "gap_thresh": 2
    }
  }
}