{
  "walls": [
    {
      "id": 0,
      "p1": [
        -3.9163860606165986,
        -1.0309134566052323
      ],
      "p2": [
        2.2324433287140093,
        -1.2382231756873654
      ],
      "length": 6.152323152982272,
      "direction": [
        0.9994321228630327,
        -0.03369616873610332
      ],
      "rmse": 0.003338152158312276
    },
    {
      "id": 1,
      "p1": [
        -3.6476882768048147,
        -3.3530440200777
      ],
      "p2": [
        -3.7034980875615906,
        -4.963858472660879
      ],
      "length": 1.6117809825244727,
      "direction": [
        -0.03462617524454681,
        -0.9994003341934271
      ],
      "rmse": 0.0038802632033751493
    },
    {
      "id": 2,
      "p1": [
        4.079735655087384,
        1.881399371924291
      ],
      "p2": [
        4.026694183320419,
        0.6383389794832635
      ],
      "length": 1.2441915194144537,
      "direction": [
        -0.04263127576361703,
        -0.999090873907257
      ],
      "rmse": 0.0021853974678334343
    },
    {
      "id": 3,
      "p1": [
        -3.0262972638082153,
        1.3064122081220886
      ],
      "p2": [
        2.3086016362612165,
        1.104103658410924
      ],
      "length": 5.33873346621165,
      "direction": [
        0.9992817460973051,
        -0.037894483961665115
      ],
      "rmse": 0.05595477372119683
    }
  ],
  "metadata": {
    "input_file": "/home/qzl/Main/MobiMind/test/test_online_road/extracted_lidar_data_code/extracted_lidar_data/laserscan_json/laserscan_000141.json",
    "num_walls": 4,
    "x_limit": 10.0,
    "y_limit": 5.0,
    "params": {
      "rdp_epsilon": 0.05,
      "wall_rmse_thresh": 0.07,
      "min_wall_length": 0.8,
      "gap_thresh": 2
    }
  }
}