{
  "walls": [
    {
      "id": 0,
      "p1": [
        -5.6473362568648815,
        -2.1407113804764215
      ],
      "p2": [
        6.652838508701234,
        -0.5136383214866718
      ],
      "length": 12.407323079647748,
      "direction": [
        0.9913641070353287,
        0.13113812290880686
      ],
      "rmse": 0.028605593847142907
    },
    {
      "id": 1,
      "p1": [
        0.3950830322044627,
        4.9986939545522615
      ],
      "p2": [
        0.9048658593606944,
        0.6770761726676326
      ],
      "length": 4.351581182003252,
      "direction": [
        0.11714887206149814,
        -0.993114364901001
      ],
      "rmse": 0.005186975411778717
    },
    {
      "id": 2,
      "p1": [
        -7.835684957532232,
        4.392363724155009
      ],
      "p2": [
        -6.8173216317640595,
        4.5482246473371095
      ],
      "length": 1.0302215735679336,
      "direction": [
        0.9884896141713366,
        0.15128873941375165
      ],
      "rmse": 0.006053715223110537
    }
  ],
  "metadata": {
    "input_file": "/home/qzl/Main/MobiMind/test/test_online_road/extracted_lidar_data_code/extracted_lidar_data/laserscan_json/laserscan_000045.json",
    "num_walls": 3,
    "x_limit": 10.0,
    "y_limit": 5.0,
    "params": {
      "rdp_epsilon": 0.05,
      "wall_rmse_thresh": 0.07,
      "min_wall_length": 0.8,
      "gap_thresh": 2
    }
  }
}