{
  "walls": [
    {
      "id": 0,
      "p1": [
        -6.09674104984469,
        -2.162146643459789
      ],
      "p2": [
        6.0763082166894025,
        -0.24928426877615406
      ],
      "length": 12.322425528683326,
      "direction": [
        0.9878776900039934,
        0.15523424103713088
      ],
      "rmse": 0.027639236314832553
    },
    {
      "id": 1,
      "p1": [
        4.618646539774385,
        1.9494808974031366
      ],
      "p2": [
        5.910986288425701,
        2.0403843886984125
      ],
      "length": 1.2955328906183037,
      "direction": [
        0.9975352675401735,
        0.07016687260776586
      ],
      "rmse": 0.026739971158703434
    },
    {
      "id": 2,
      "p1": [
        1.1007690063365927,
        1.335812846153742
      ],
      "p2": [
        4.2194772730679695,
        1.8806453336539735
      ],
      "length": 3.1659412016672572,
      "direction": [
        0.9850809184598485,
        0.1720917897062539
      ],
      "rmse": 0.05543730468727996
    },
    {
      "id": 3,
      "p1": [
        -9.114850440982297,
        4.261252498969762
      ],
      "p2": [
        -8.079038719411013,
        4.432474016261064
      ],
      "length": 1.0498679586157498,
      "direction": [
        0.9866114239127411,
        0.16308862070320332
      ],
      "rmse": 0.006326179031132769
    }
  ],
  "metadata": {
    "input_file": "/home/qzl/Main/MobiMind/test/test_online_road/extracted_lidar_data_code/extracted_lidar_data/laserscan_json/laserscan_000069.json",
    "num_walls": 4,
    "x_limit": 10.0,
    "y_limit": 5.0,
    "params": {
      "rdp_epsilon": 0.05,
      "wall_rmse_thresh": 0.07,
      "min_wall_length": 0.8,
      "gap_thresh": 2
    }
  }
}