{
  "walls": [
    {
      "id": 0,
      "p1": [
        -4.601447190319478,
        -1.0195625592028492
      ],
      "p2": [
        1.4681370911263716,
        -1.243186972327504
      ],
      "length": 6.073702431607913,
      "direction": [
        0.9993219703772936,
        -0.03681846709523934
      ],
      "rmse": 0.0027431597202684332
    },
    {
      "id": 1,
      "p1": [
        3.364216447596663,
        1.94265587670794
      ],
      "p2": [
        3.302837564233142,
        0.6270025163212679
      ],
      "length": 1.3170843298816124,
      "direction": [
        -0.04660209067173193,
        -0.9989135323655516
      ],
      "rmse": 0.0019805084758345213
    },
    {
      "id": 2,
      "p1": [
        3.206383557058363,
        -1.4783358082858615
      ],
      "p2": [
        3.1617455419963005,
        -2.661964669326329
      ],
      "length": 1.184470275303114,
      "direction": [
        -0.0376860576350006,
        -0.9992896282149293
      ],
      "rmse": 0.003030046829486494
    },
    {
      "id": 3,
      "p1": [
        -2.187811644548028,
        1.3058275486403115
      ],
      "p2": [
        1.5661684929086797,
        1.0734210195593668
      ],
      "length": 3.761167327729376,
      "direction": [
        0.9980891064794075,
        -0.0617910634731097
      ],
      "rmse": 0.04858500988525923
    }
  ],
  "metadata": {
    "input_file": "/home/qzl/Main/MobiMind/test/test_online_road/extracted_lidar_data_code/extracted_lidar_data/laserscan_json/laserscan_000153.json",
    "num_walls": 4,
    "x_limit": 10.0,
    "y_limit": 5.0,
    "params": {
      "rdp_epsilon": 0.05,
      "wall_rmse_thresh": 0.07,
      "min_wall_length": 0.8,
      "gap_thresh": 2
    }
  }
}