{
  "walls": [
    {
      "id": 0,
      "p1": [
        -6.23387724553952,
        -2.2091661774565265
      ],
      "p2": [
        6.425777837387823,
        -0.23100787565912406
      ],
      "length": 12.813273472678953,
      "direction": [
        0.9880109957777911,
        0.15438352314990736
      ],
      "rmse": 0.028067983750121882
    },
    {
      "id": 1,
      "p1": [
        4.924054559904527,
        1.9705117914714576
      ],
      "p2": [
        5.843226619747841,
        1.999964601703593
      ],
      "length": 0.9196438134556068,
      "direction": [
        0.9994870257307128,
        0.032026323453898296
      ],
      "rmse": 0.02446430323293846
    },
    {
      "id": 2,
      "p1": [
        1.4669589379728967,
        1.367289508464158
      ],
      "p2": [
        4.502993204889796,
        1.8925286090671176
      ],
      "length": 3.0811329381732038,
      "direction": [
        0.985362958312964,
        0.17046947052983935
      ],
      "rmse": 0.05982833863145038
    },
    {
      "id": 3,
      "p1": [
        -8.914914063373587,
        4.258455495525371
      ],
      "p2": [
        -7.863284444430129,
        4.439698658155445
      ],
      "length": 1.0671335152825596,
      "direction": [
        0.9854714558973919,
        0.16984113049987215
      ],
      "rmse": 0.007773312960695607
    }
  ],
  "metadata": {
    "input_file": "/home/qzl/Main/MobiMind/test/test_online_road/extracted_lidar_data_code/extracted_lidar_data/laserscan_json/laserscan_000065.json",
    "num_walls": 4,
    "x_limit": 10.0,
    "y_limit": 5.0,
    "params": {
      "rdp_epsilon": 0.05,
      "wall_rmse_thresh": 0.07,
      "min_wall_length": 0.8,
      "gap_thresh": 2
    }
  }
}