{
  "walls": [
    {
      "id": 0,
      "p1": [
        -5.419864450248072,
        -0.09342163640478462
      ],
      "p2": [
        1.9042127183419058,
        -1.6332017738151654
      ],
      "length": 7.484185275834941,
      "direction": [
        0.9786071427481564,
        -0.20573784328676473
      ],
      "rmse": 0.02505940119683026
    },
    {
      "id": 1,
      "p1": [
        3.2225546990835725,
        4.946323513769048
      ],
      "p2": [
        2.3029335354991587,
        0.290732195095708
      ],
      "length": 4.745548820844531,
      "direction": [
        -0.19378605052889028,
        -0.981043814831129
      ],
      "rmse": 0.005540530795207233
    },
    {
      "id": 2,
      "p1": [
        -4.666616961729309,
        3.7412667485431244
      ],
      "p2": [
        -5.409466404540112,
        0.023731515924970026
      ],
      "length": 3.791028026860476,
      "direction": [
        -0.19594934079800191,
        -0.9806140198053609
      ],
      "rmse": 0.002573488671481302
    }
  ],
  "metadata": {
    "input_file": "/home/qzl/Main/MobiMind/test/test_online_road/extracted_lidar_data_code/extracted_lidar_data/laserscan_json/laserscan_000002.json",
    "num_walls": 3,
    "x_limit": 10.0,
    "y_limit": 5.0,
    "params": {
      "rdp_epsilon": 0.05,
      "wall_rmse_thresh": 0.07,
      "min_wall_length": 0.8,
      "gap_thresh": 2
    }
  }
}