{
  "walls": [
    {
      "id": 0,
      "p1": [
        -3.68609325124691,
        -0.30433653051033704
      ],
      "p2": [
        3.3488429230869485,
        1.233264192826679
      ],
      "length": 7.2010098570518295,
      "direction": [
        0.9769374454386598,
        0.21352570734641216
      ],
      "rmse": 0.008966386552777074
    },
    {
      "id": 1,
      "p1": [
        -2.6470398290048958,
        -1.8893062721244072
      ],
      "p2": [
        5.9694916539475855,
        0.015528694882578353
      ],
      "length": 8.824568604087329,
      "direction": [
        0.9764252361246184,
        0.21585587380699908
      ],
      "rmse": 0.06408444469826302
    }
  ],
  "metadata": {
    "input_file": "/home/qzl/Main/MobiMind/test/test_online_road/extracted_lidar_data_code/extracted_lidar_data/laserscan_json/laserscan_000307.json",
    "num_walls": 2,
    "x_limit": 10.0,
    "y_limit": 5.0,
    "params": {
      "rdp_epsilon": 0.05,
      "wall_rmse_thresh": 0.07,
      "min_wall_length": 0.8,
      "gap_thresh": 2
    }
  }
}