{
  "walls": [
    {
      "id": 0,
      "p1": [
        -3.7940612806149554,
        -1.029895078419228
      ],
      "p2": [
        2.34982884531879,
        -1.239225525424626
      ],
      "length": 6.147455173939023,
      "direction": [
        0.9994200774287001,
        -0.03405156135055781
      ],
      "rmse": 0.00361569028774173
    },
    {
      "id": 1,
      "p1": [
        -3.5369542710571342,
        -3.4898679206695262
      ],
      "p2": [
        -3.5846299420320005,
        -4.973780850817306
      ],
      "length": 1.4846786028843661,
      "direction": [
        -0.032111778860553775,
        -0.99948428384663
      ],
      "rmse": 0.004287967936814578
    },
    {
      "id": 2,
      "p1": [
        4.19761710852846,
        1.875201782634257
      ],
      "p2": [
        4.031262179073915,
        -2.122997258111276
      ],
      "length": 4.001658347731891,
      "direction": [
        -0.041571497364003555,
        -0.999135531649693
      ],
      "rmse": 0.0038901436987555144
    },
    {
      "id": 3,
      "p1": [
        -2.7644545753854053,
        1.3047695665114132
      ],
      "p2": [
        2.3885812425125224,
        1.105194812438667
      ],
      "length": 5.1568990898603175,
      "direction": [
        0.9992508536815976,
        -0.03870053506863413
      ],
      "rmse": 0.056388854578808954
    }
  ],
  "metadata": {
    "input_file": "/home/qzl/Main/MobiMind/test/test_online_road/extracted_lidar_data_code/extracted_lidar_data/laserscan_json/laserscan_000139.json",
    "num_walls": 4,
    "x_limit": 10.0,
    "y_limit": 5.0,
    "params": {
      "rdp_epsilon": 0.05,
      "wall_rmse_thresh": 0.07,
      "min_wall_length": 0.8,
      "gap_thresh": 2
    }
  }
}