{
  "walls": [
    {
      "id": 0,
      "p1": [
        -5.620889264561942,
        -0.03682178726068519
      ],
      "p2": [
        -0.11497313741662896,
        -1.255857995066238
      ],
      "length": 5.639251871932995,
      "direction": [
        0.9763557741662844,
        -0.21616984583922808
      ],
      "rmse": 0.0033132114720286804
    },
    {
      "id": 1,
      "p1": [
        2.802780104992553,
        4.190284195238694
      ],
      "p2": [
        2.0351708891745126,
        0.4195889803165527
      ],
      "length": 3.8480340840545475,
      "direction": [
        -0.19948087752083218,
        -0.9799017193073593
      ],
      "rmse": 0.006700322102152084
    },
    {
      "id": 2,
      "p1": [
        1.466353900369655,
        -2.1868339277914197
      ],
      "p2": [
        0.8364244340385972,
        -4.979306717051135
      ],
      "length": 2.862641334730578,
      "direction": [
        -0.22005183069492518,
        -0.9754881812742848
      ],
      "rmse": 0.003028496952494849
    },
    {
      "id": 3,
      "p1": [
        -2.202923340633871,
        1.645694466864325
      ],
      "p2": [
        0.37979395678868066,
        1.00044563812654
      ],
      "length": 2.662099676832769,
      "direction": [
        0.9701805382782492,
        -0.2423834217600837
      ],
      "rmse": 0.032369016511502306
    }
  ],
  "metadata": {
    "input_file": "/home/qzl/Main/MobiMind/test/test_online_road/extracted_lidar_data_code/extracted_lidar_data/laserscan_json/laserscan_000177.json",
    "num_walls": 4,
    "x_limit": 10.0,
    "y_limit": 5.0,
    "params": {
      "rdp_epsilon": 0.05,
      "wall_rmse_thresh": 0.07,
      "min_wall_length": 0.8,
      "gap_thresh": 2
    }
  }
}