{
  "walls": [
    {
      "id": 0,
      "p1": [
        -5.562755133146235,
        -0.10193780071046121
      ],
      "p2": [
        1.768096485502209,
        -1.6374747007686778
      ],
      "length": 7.489943860008625,
      "direction": [
        0.9787592211182036,
        -0.20501313878404862
      ],
      "rmse": 0.027539182199431182
    },
    {
      "id": 1,
      "p1": [
        5.119547124734069,
        -2.2324332207433364
      ],
      "p2": [
        6.175147918518615,
        -2.4408195842028393
      ],
      "length": 1.075973007242486,
      "direction": [
        0.9810662411400023,
        -0.19367248254056957
      ],
      "rmse": 0.005526380208041305
    },
    {
      "id": 2,
      "p1": [
        3.1028868238666543,
        4.960490764929803
      ],
      "p2": [
        2.1676788510421816,
        0.28247107011012296
      ],
      "length": 4.77058510222334,
      "direction": [
        -0.19603632526913353,
        -0.980596634285971
      ],
      "rmse": 0.00676881172525474
    },
    {
      "id": 3,
      "p1": [
        -4.808059295215788,
        3.7502610424119247
      ],
      "p2": [
        -5.549546406500991,
        0.024896507671537282
      ],
      "length": 3.7984396866218026,
      "direction": [
        -0.19520834143977525,
        -0.9807617974974006
      ],
      "rmse": 0.002629570866568786
    }
  ],
  "metadata": {
    "input_file": "/home/qzl/Main/MobiMind/test/test_online_road/extracted_lidar_data_code/extracted_lidar_data/laserscan_json/laserscan_000013.json",
    "num_walls": 4,
    "x_limit": 10.0,
    "y_limit": 5.0,
    "params": {
      "rdp_epsilon": 0.05,
      "wall_rmse_thresh": 0.07,
      "min_wall_length": 0.8,
      "gap_thresh": 2
    }
  }
}