{
  "walls": [
    {
      "id": 0,
      "p1": [
        -2.4447103817338935,
        -0.7143548222404936
      ],
      "p2": [
        4.832288151217635,
        -0.9295611308222959
      ],
      "length": 7.2801800392457405,
      "direction": [
        0.9995629907111723,
        -0.029560575071146646
      ],
      "rmse": 0.004594349392188839
    },
    {
      "id": 1,
      "p1": [
        -0.933892576698429,
        0.9633183198264734
      ],
      "p2": [
        5.532052826878857,
        0.7931314956900634
      ],
      "length": 6.468184715756954,
      "direction": [
        0.9996537958817596,
        -0.026311373532925345
      ],
      "rmse": 0.002500492078354242
    },
    {
      "id": 2,
      "p1": [
        -3.2038310781237658,
        3.266441937845702
      ],
      "p2": [
        -3.243778198444732,
        1.4605858218445342
      ],
      "length": 1.8062978946233537,
      "direction": [
        -0.022115466357921137,
        -0.9997554231639715
      ],
      "rmse": 0.0023564880743603537
    }
  ],
  "metadata": {
    "input_file": "/home/qzl/Main/MobiMind/test/test_online_road/extracted_lidar_data_code/extracted_lidar_data/laserscan_json/laserscan_000231.json",
    "num_walls": 3,
    "x_limit": 10.0,
    "y_limit": 5.0,
    "params": {
      "rdp_epsilon": 0.05,
      "wall_rmse_thresh": 0.07,
      "min_wall_length": 0.8,
      "gap_thresh": 2
    }
  }
}