{
  "walls": [
    {
      "id": 0,
      "p1": [
        -2.5709267820177732,
        -1.0430641388727413
      ],
      "p2": [
        3.542506084205691,
        -1.223157061218267
      ],
      "length": 6.116084929961338,
      "direction": [
        0.9995663788560234,
        -0.02944578507455161
      ],
      "rmse": 0.003540437447372824
    },
    {
      "id": 1,
      "p1": [
        5.388844587118557,
        1.5961487512788555
      ],
      "p2": [
        5.348836833166082,
        0.5844173546830596
      ],
      "length": 1.0125221178986668,
      "direction": [
        -0.039512967909742826,
        -0.9992190577470805
      ],
      "rmse": 0.002878486649264909
    },
    {
      "id": 2,
      "p1": [
        -2.5145483598355787,
        1.3015416601029173
      ],
      "p2": [
        3.715373395565298,
        1.1810045037358283
      ],
      "length": 6.2310877288385385,
      "direction": [
        0.9998128780247316,
        -0.019344480709058535
      ],
      "rmse": 0.06615926487613216
    }
  ],
  "metadata": {
    "input_file": "/home/qzl/Main/MobiMind/test/test_online_road/extracted_lidar_data_code/extracted_lidar_data/laserscan_json/laserscan_000119.json",
    "num_walls": 3,
    "x_limit": 10.0,
    "y_limit": 5.0,
    "params": {
      "rdp_epsilon": 0.05,
      "wall_rmse_thresh": 0.07,
      "min_wall_length": 0.8,
      "gap_thresh": 2
    }
  }
}