{
  "walls": [
    {
      "id": 0,
      "p1": [
        -6.003264875658135,
        -0.973787178570363
      ],
      "p2": [
        4.982557956277996,
        -1.1811142321792032
      ],
      "length": 10.987779020432079,
      "direction": [
        0.9998219668867298,
        -0.01886887725199992
      ],
      "rmse": 0.01833790878864035
    },
    {
      "id": 1,
      "p1": [
        6.840128662697168,
        1.4525783021915881
      ],
      "p2": [
        6.807678310808115,
        0.5954934221766954
      ],
      "length": 0.8576989663558342,
      "direction": [
        -0.03783419726724731,
        -0.9992840304513742
      ],
      "rmse": 0.002532751912289187
    },
    {
      "id": 2,
      "p1": [
        3.6670685617851135,
        1.2384096810504748
      ],
      "p2": [
        5.088211963919698,
        1.0850071304516045
      ],
      "length": 1.4293987938853525,
      "direction": [
        0.9942245706464118,
        -0.10731963064117483
      ],
      "rmse": 0.02342765990651373
    },
    {
      "id": 3,
      "p1": [
        -0.5031534945391516,
        1.2454417203870713
      ],
      "p2": [
        3.4491488930700642,
        1.2155174240528652
      ],
      "length": 3.9524156697660997,
      "direction": [
        0.9999713385002234,
        -0.0075711410019652595
      ],
      "rmse": 0.037082473639847624
    }
  ],
  "metadata": {
    "input_file": "/home/qzl/Main/MobiMind/test/test_online_road/extracted_lidar_data_code/extracted_lidar_data/laserscan_json/laserscan_000092.json",
    "num_walls": 4,
    "x_limit": 10.0,
    "y_limit": 5.0,
    "params": {
      "rdp_epsilon": 0.05,
      "wall_rmse_thresh": 0.07,
      "min_wall_length": 0.8,
      "gap_thresh": 2
    }
  }
}