{
  "walls": [
    {
      "id": 0,
      "p1": [
        -5.24877177763107,
        -0.6980534169672357
      ],
      "p2": [
        0.2376752452482198,
        -1.2635154627937206
      ],
      "length": 5.515509791499902,
      "direction": [
        0.9947307194212783,
        -0.10252217241955906
      ],
      "rmse": 0.003006204864382228
    },
    {
      "id": 1,
      "p1": [
        2.55645681352173,
        4.532421847711004
      ],
      "p2": [
        2.1934424313775405,
        0.607118715559243
      ],
      "length": 3.94205328742826,
      "direction": [
        -0.09208763953078165,
        -0.9957509059215807
      ],
      "rmse": 0.005275006758188369
    },
    {
      "id": 2,
      "p1": [
        1.9381560328960392,
        -1.8647776157485898
      ],
      "p2": [
        1.5990499931396702,
        -4.978776103243868
      ],
      "length": 3.132407937405684,
      "direction": [
        -0.10825730445469486,
        -0.994122907909381
      ],
      "rmse": 0.0037601148951400473
    },
    {
      "id": 3,
      "p1": [
        -3.2549655171345697,
        1.5497762030624027
      ],
      "p2": [
        0.48148157158889304,
        1.0220705882939738
      ],
      "length": 3.7735275357002718,
      "direction": [
        0.9901735321579774,
        -0.13984411396907223
      ],
      "rmse": 0.0337341446801134
    }
  ],
  "metadata": {
    "input_file": "/home/qzl/Main/MobiMind/test/test_online_road/extracted_lidar_data_code/extracted_lidar_data/laserscan_json/laserscan_000173.json",
    "num_walls": 4,
    "x_limit": 10.0,
    "y_limit": 5.0,
    "params": {
      "rdp_epsilon": 0.05,
      "wall_rmse_thresh": 0.07,
      "min_wall_length": 0.8,
      "gap_thresh": 2
    }
  }
}