{
  "walls": [
    {
      "id": 0,
      "p1": [
        -3.5871246089968643,
        -0.6866779207375275
      ],
      "p2": [
        5.426419494359646,
        -1.035144796069523
      ],
      "length": 9.020277516038881,
      "direction": [
        0.9992535248855247,
        -0.038631502712864536
      ],
      "rmse": 0.007294769712354196
    },
    {
      "id": 1,
      "p1": [
        -2.8623081947118316,
        1.0096090825513229
      ],
      "p2": [
        5.210290198166673,
        0.7233678453443197
      ],
      "length": 8.077671623591938,
      "direction": [
        0.9993719439266769,
        -0.03543610715378805
      ],
      "rmse": 0.011407894818809026
    }
  ],
  "metadata": {
    "input_file": "/home/qzl/Main/MobiMind/test/test_online_road/extracted_lidar_data_code/extracted_lidar_data/laserscan_json/laserscan_000273.json",
    "num_walls": 2,
    "x_limit": 10.0,
    "y_limit": 5.0,
    "params": {
      "rdp_epsilon": 0.05,
      "wall_rmse_thresh": 0.07,
      "min_wall_length": 0.8,
      "gap_thresh": 2
    }
  }
}