{
  "walls": [
    {
      "id": 0,
      "p1": [
        -2.2319804835826984,
        -1.1951563433720436
      ],
      "p2": [
        1.2794386519007828,
        -1.4924630494277542
      ],
      "length": 3.523982920291365,
      "direction": [
        0.9964347770418944,
        -0.08436667054868471
      ],
      "rmse": 0.028338650579036454
    },
    {
      "id": 1,
      "p1": [
        4.677007187292308,
        -1.7565430014589598
      ],
      "p2": [
        6.452282025362184,
        -1.9175164723082438
      ],
      "length": 1.7825580520704762,
      "direction": [
        0.9959141785066042,
        -0.09030475650548898
      ],
      "rmse": 0.005594818564578518
    },
    {
      "id": 2,
      "p1": [
        1.9380488973384598,
        4.98148097923286
      ],
      "p2": [
        1.4750130240079926,
        0.441413077977475
      ],
      "length": 4.563619042821211,
      "direction": [
        -0.10146242904704791,
        -0.994839371702725
      ],
      "rmse": 0.005236893232935892
    },
    {
      "id": 3,
      "p1": [
        -5.872533095670854,
        3.086794865008778
      ],
      "p2": [
        -6.038673879355019,
        1.010701659018958
      ],
      "length": 2.082730361799212,
      "direction": [
        -0.07977066389932246,
        -0.9968132428790568
      ],
      "rmse": 0.0026677321921771513
    }
  ],
  "metadata": {
    "input_file": "/home/qzl/Main/MobiMind/test/test_online_road/extracted_lidar_data_code/extracted_lidar_data/laserscan_json/laserscan_000035.json",
    "num_walls": 4,
    "x_limit": 10.0,
    "y_limit": 5.0,
    "params": {
      "rdp_epsilon": 0.05,
      "wall_rmse_thresh": 0.07,
      "min_wall_length": 0.8,
      "gap_thresh": 2
    }
  }
}