{
  "walls": [
    {
      "id": 0,
      "p1": [
        -2.346810197256085,
        -0.24461829028968907
      ],
      "p2": [
        4.904476242014213,
        -3.1733184328822417
      ],
      "length": 7.820386150924195,
      "direction": [
        0.9272286942513838,
        -0.3744955921701535
      ],
      "rmse": 0.08749912487776637
    },
    {
      "id": 1,
      "p1": [
        -3.591586264465521,
        2.1620309835749887
      ],
      "p2": [
        4.286419272537738,
        -0.9690363369698548
      ],
      "length": 8.477414334974897,
      "direction": [
        0.9292934408659772,
        -0.36934225423240263
      ],
      "rmse": 0.008914641168151853
    }
  ],
  "metadata": {
    "input_file": "/home/qzl/Main/MobiMind/test/test_online_road/extracted_lidar_data_code/extracted_lidar_data/laserscan_json/laserscan_000290.json",
    "num_walls": 2,
    "x_limit": 10.0,
    "y_limit": 5.0,
    "params": {
      "rdp_epsilon": 0.05,
      "wall_rmse_thresh": 0.07,
      "min_wall_length": 0.8,
      "gap_thresh": 2
    }
  }
}