{
  "walls": [
    {
      "id": 0,
      "p1": [
        -2.0522810860126675,
        -0.7144556071317324
      ],
      "p2": [
        5.134875584274299,
        -0.9215250835586888
      ],
      "length": 7.190138995271106,
      "direction": [
        0.9995852201197659,
        -0.028799092279431195
      ],
      "rmse": 0.004478806465904976
    },
    {
      "id": 1,
      "p1": [
        -0.6358616032601796,
        0.9655027258973873
      ],
      "p2": [
        5.630821261529059,
        0.8072471313450635
      ],
      "length": 6.268680799103602,
      "direction": [
        0.999681283130429,
        -0.025245438334457145
      ],
      "rmse": 0.002486290834707692
    },
    {
      "id": 2,
      "p1": [
        -2.8847852103775566,
        3.9847465606006227
      ],
      "p2": [
        -2.93059039558597,
        2.3066663395523914
      ],
      "length": 1.6787052580084623,
      "direction": [
        -0.027286019978699765,
        -0.999627667240019
      ],
      "rmse": 0.003938464298720975
    }
  ],
  "metadata": {
    "input_file": "/home/qzl/Main/MobiMind/test/test_online_road/extracted_lidar_data_code/extracted_lidar_data/laserscan_json/laserscan_000225.json",
    "num_walls": 3,
    "x_limit": 10.0,
    "y_limit": 5.0,
    "params": {
      "rdp_epsilon": 0.05,
      "wall_rmse_thresh": 0.07,
      "min_wall_length": 0.8,
      "gap_thresh": 2
    }
  }
}