{
  "walls": [
    {
      "id": 0,
      "p1": [
        -5.456689179767761,
        -0.09402475878626482
      ],
      "p2": [
        1.8702302009218323,
        -1.6312016979233417
      ],
      "length": 7.486431763753651,
      "direction": [
        0.9786931360486473,
        -0.2053283844217941
      ],
      "rmse": 0.02507121600147026
    },
    {
      "id": 1,
      "p1": [
        3.2074865418202685,
        4.991025897132534
      ],
      "p2": [
        2.266680771752392,
        0.27709734182345147
      ],
      "length": 4.8068948315468045,
      "direction": [
        -0.1957200652472348,
        -0.9806598064862342
      ],
      "rmse": 0.005640225755895372
    },
    {
      "id": 2,
      "p1": [
        -4.69663078658899,
        3.760452990404509
      ],
      "p2": [
        -5.443191387070183,
        0.02440029904309804
      ],
      "length": 3.809913705429518,
      "direction": [
        -0.19595210238397787,
        -0.9806134679726253
      ],
      "rmse": 0.0029136345236227797
    }
  ],
  "metadata": {
    "input_file": "/home/qzl/Main/MobiMind/test/test_online_road/extracted_lidar_data_code/extracted_lidar_data/laserscan_json/laserscan_000006.json",
    "num_walls": 3,
    "x_limit": 10.0,
    "y_limit": 5.0,
    "params": {
      "rdp_epsilon": 0.05,
      "wall_rmse_thresh": 0.07,
      "min_wall_length": 0.8,
      "gap_thresh": 2
    }
  }
}