{
  "walls": [
    {
      "id": 0,
      "p1": [
        -5.997793112428985,
        -2.2766084071823967
      ],
      "p2": [
        6.698905948380278,
        -0.2981052551855192
      ],
      "length": 12.84992769486336,
      "direction": [
        0.9880755255822921,
        0.15396998325413047
      ],
      "rmse": 0.03180326445687881
    },
    {
      "id": 1,
      "p1": [
        3.5055265343678257,
        1.7401885284942618
      ],
      "p2": [
        5.051777036645516,
        1.7516901940764802
      ],
      "length": 1.5462932788139434,
      "direction": [
        0.9999723360772595,
        0.007438217406615806
      ],
      "rmse": 0.037975186569815585
    },
    {
      "id": 2,
      "p1": [
        -0.038891966149061374,
        4.605704455066647
      ],
      "p2": [
        0.5685741868784726,
        0.6895852303474335
      ],
      "length": 3.9629540634846476,
      "direction": [
        0.15328619592748396,
        -0.9881818365746665
      ],
      "rmse": 0.009770112357556362
    },
    {
      "id": 3,
      "p1": [
        -8.254243216607408,
        4.2588712238853015
      ],
      "p2": [
        -7.240921707588312,
        4.43340159158951
      ],
      "length": 1.028241863518358,
      "direction": [
        0.9854894504594267,
        0.16973668734595093
      ],
      "rmse": 0.006318666538279992
    }
  ],
  "metadata": {
    "input_file": "/home/qzl/Main/MobiMind/test/test_online_road/extracted_lidar_data_code/extracted_lidar_data/laserscan_json/laserscan_000052.json",
    "num_walls": 4,
    "x_limit": 10.0,
    "y_limit": 5.0,
    "params": {
      "rdp_epsilon": 0.05,
      "wall_rmse_thresh": 0.07,
      "min_wall_length": 0.8,
      "gap_thresh": 2
    }
  }
}