{
  "walls": [
    {
      "id": 0,
      "p1": [
        -4.4434523564862936,
        0.3504227682098413
      ],
      "p2": [
        4.876330981821123,
        -2.2678074395404284
      ],
      "length": 9.6805728597934,
      "direction": [
        0.9627305608128028,
        -0.2704623213593095
      ],
      "rmse": 0.006256293063290529
    },
    {
      "id": 1,
      "p1": [
        -2.477364941180055,
        1.580724579511401
      ],
      "p2": [
        4.9081340878076185,
        -0.4483968850819503
      ],
      "length": 7.659172920443261,
      "direction": [
        0.9642684798599462,
        -0.2649269687038076
      ],
      "rmse": 0.007635047104538102
    }
  ],
  "metadata": {
    "input_file": "/home/qzl/Main/MobiMind/test/test_online_road/extracted_lidar_data_code/extracted_lidar_data/laserscan_json/laserscan_000280.json",
    "num_walls": 2,
    "x_limit": 10.0,
    "y_limit": 5.0,
    "params": {
      "rdp_epsilon": 0.05,
      "wall_rmse_thresh": 0.07,
      "min_wall_length": 0.8,
      "gap_thresh": 2
    }
  }
}