{
  "walls": [
    {
      "id": 0,
      "p1": [
        -3.710507642431588,
        -0.8012586430081021
      ],
      "p2": [
        2.5847505277849763,
        -0.846723134293244
      ],
      "length": 6.295422340847851,
      "direction": [
        0.9999739222201954,
        -0.007221833393146641
      ],
      "rmse": 0.005816162748242218
    },
    {
      "id": 1,
      "p1": [
        3.606689874146667,
        -0.835982182401348
      ],
      "p2": [
        5.365691535508947,
        -0.82859776209402
      ],
      "length": 1.7590171614678858,
      "direction": [
        0.9999911882000335,
        0.004198037670740168
      ],
      "rmse": 0.0037543217414948713
    },
    {
      "id": 2,
      "p1": [
        -2.8150010560289145,
        0.9070478217957008
      ],
      "p2": [
        5.2759733125279205,
        0.8997084510412755
      ],
      "length": 8.090977697349484,
      "direction": [
        0.9999995885786781,
        -0.0009071055475560432
      ],
      "rmse": 0.011156579260688556
    }
  ],
  "metadata": {
    "input_file": "/home/qzl/Main/MobiMind/test/test_online_road/extracted_lidar_data_code/extracted_lidar_data/laserscan_json/laserscan_000272.json",
    "num_walls": 3,
    "x_limit": 10.0,
    "y_limit": 5.0,
    "params": {
      "rdp_epsilon": 0.05,
      "wall_rmse_thresh": 0.07,
      "min_wall_length": 0.8,
      "gap_thresh": 2
    }
  }
}