{
  "walls": [
    {
      "id": 0,
      "p1": [
        -5.451381803720912,
        -0.09246173414056202
      ],
      "p2": [
        1.885270604727428,
        -1.6331340854276748
      ],
      "length": 7.496675253498139,
      "direction": [
        0.9786541580572715,
        -0.20551408446919928
      ],
      "rmse": 0.025235406151527723
    },
    {
      "id": 1,
      "p1": [
        3.1985294432775366,
        4.90847327766372
      ],
      "p2": [
        2.2766302432839254,
        0.2766954362848004
      ],
      "length": 4.7226331751299115,
      "direction": [
        -0.1952087248375647,
        -0.9807617211867987
      ],
      "rmse": 0.005977505742750526
    },
    {
      "id": 2,
      "p1": [
        -4.696408449226172,
        3.7349607139536785
      ],
      "p2": [
        -5.434400460505258,
        0.02430902527968093
      ],
      "length": 3.7833276574162777,
      "direction": [
        -0.19506426038244332,
        -0.980790464023509
      ],
      "rmse": 0.0025234087143079166
    }
  ],
  "metadata": {
    "input_file": "/home/qzl/Main/MobiMind/test/test_online_road/extracted_lidar_data_code/extracted_lidar_data/laserscan_json/laserscan_000005.json",
    "num_walls": 3,
    "x_limit": 10.0,
    "y_limit": 5.0,
    "params": {
      "rdp_epsilon": 0.05,
      "wall_rmse_thresh": 0.07,
      "min_wall_length": 0.8,
      "gap_thresh": 2
    }
  }
}