{
  "walls": [
    {
      "id": 0,
      "p1": [
        -2.260189734254446,
        -1.2514229884444041
      ],
      "p2": [
        1.2776623187070086,
        -1.4651758372140948
      ],
      "length": 3.5443035181824847,
      "direction": [
        0.9981797650253509,
        -0.060308844226492554
      ],
      "rmse": 0.028057933518078986
    },
    {
      "id": 1,
      "p1": [
        3.284939809234758,
        -1.5595962559377257
      ],
      "p2": [
        6.553205719024105,
        -1.7652813135903513
      ],
      "length": 3.2747318058175012,
      "direction": [
        0.9980255189081636,
        -0.06280974133119063
      ],
      "rmse": 0.006546079881198791
    },
    {
      "id": 2,
      "p1": [
        1.7690186995895136,
        4.962095706119903
      ],
      "p2": [
        1.4210350712036235,
        0.47884409323753374
      ],
      "length": 4.496736330944586,
      "direction": [
        -0.07738582002037124,
        -0.9970012210914161
      ],
      "rmse": 0.0052656209433911754
    },
    {
      "id": 3,
      "p1": [
        -5.987063583053417,
        2.9189630689258204
      ],
      "p2": [
        -6.097033535050993,
        0.9924989964138539
      ],
      "length": 1.9296002728600916,
      "direction": [
        -0.056991053299586654,
        -0.9983746891031461
      ],
      "rmse": 0.002808506082244319
    }
  ],
  "metadata": {
    "input_file": "/home/qzl/Main/MobiMind/test/test_online_road/extracted_lidar_data_code/extracted_lidar_data/laserscan_json/laserscan_000036.json",
    "num_walls": 4,
    "x_limit": 10.0,
    "y_limit": 5.0,
    "params": {
      "rdp_epsilon": 0.05,
      "wall_rmse_thresh": 0.07,
      "min_wall_length": 0.8,
      "gap_thresh": 2
    }
  }
}