{
  "walls": [
    {
      "id": 0,
      "p1": [
        -5.662130657188536,
        -0.12486007792185938
      ],
      "p2": [
        1.6210521818588972,
        -1.6432076004583547
      ],
      "length": 7.439766895957678,
      "direction": [
        0.9789530963661502,
        -0.20408536231961194
      ],
      "rmse": 0.027371116092440133
    },
    {
      "id": 1,
      "p1": [
        4.99042181336915,
        -2.2328894475161927
      ],
      "p2": [
        5.907565789723296,
        -2.4227453262366474
      ],
      "length": 0.9365886653421603,
      "direction": [
        0.9792388166668358,
        -0.20270998971667625
      ],
      "rmse": 0.00659759251733578
    },
    {
      "id": 2,
      "p1": [
        2.97452167613621,
        4.953749694075068
      ],
      "p2": [
        2.0262988072628443,
        0.2709183439340903
      ],
      "length": 4.777869406222569,
      "direction": [
        -0.19846144552161202,
        -0.9801086953187754
      ],
      "rmse": 0.007305293249748782
    },
    {
      "id": 3,
      "p1": [
        -4.953925580584798,
        3.731154124242252
      ],
      "p2": [
        -5.691077318876012,
        0.025880026996449645
      ],
      "length": 3.777889466486077,
      "direction": [
        -0.19512263257826917,
        -0.9807788528785302
      ],
      "rmse": 0.002453801756786873
    }
  ],
  "metadata": {
    "input_file": "/home/qzl/Main/MobiMind/test/test_online_road/extracted_lidar_data_code/extracted_lidar_data/laserscan_json/laserscan_000019.json",
    "num_walls": 4,
    "x_limit": 10.0,
    "y_limit": 5.0,
    "params": {
      "rdp_epsilon": 0.05,
      "wall_rmse_thresh": 0.07,
      "min_wall_length": 0.8,
      "gap_thresh": 2
    }
  }
}