{
  "walls": [
    {
      "id": 0,
      "p1": [
        -2.6296887180999393,
        -0.3779019926326289
      ],
      "p2": [
        3.1029148420813417,
        1.638740583892734
      ],
      "length": 6.0769721786147715,
      "direction": [
        0.943332204210005,
        0.33184989452807306
      ],
      "rmse": 0.009108643418605459
    },
    {
      "id": 1,
      "p1": [
        -2.5220833944636927,
        -2.1686631573236115
      ],
      "p2": [
        5.680741264113459,
        0.6825016812092812
      ],
      "length": 8.684208272251862,
      "direction": [
        0.9445679331274159,
        0.32831603632080086
      ],
      "rmse": 0.012544328849787288
    }
  ],
  "metadata": {
    "input_file": "/home/qzl/Main/MobiMind/test/test_online_road/extracted_lidar_data_code/extracted_lidar_data/laserscan_json/laserscan_000310.json",
    "num_walls": 2,
    "x_limit": 10.0,
    "y_limit": 5.0,
    "params": {
      "rdp_epsilon": 0.05,
      "wall_rmse_thresh": 0.07,
      "min_wall_length": 0.8,
      "gap_thresh": 2
    }
  }
}