{
  "walls": [
    {
      "id": 0,
      "p1": [
        -2.943869597132466,
        -0.710130526412775
      ],
      "p2": [
        4.384409964726531,
        -0.9341301189441596
      ],
      "length": 7.33170220032255,
      "direction": [
        0.9995331727370581,
        -0.03055219462150359
      ],
      "rmse": 0.005449100231527288
    },
    {
      "id": 1,
      "p1": [
        -1.3482910616210542,
        0.9635704556131172
      ],
      "p2": [
        5.433256974164564,
        0.7780495137367104
      ],
      "length": 6.784085183835953,
      "direction": [
        0.9996260147111418,
        -0.027346493572670823
      ],
      "rmse": 0.002641921403835276
    },
    {
      "id": 2,
      "p1": [
        -3.6369164237843834,
        2.5696757839042146
      ],
      "p2": [
        -3.658731699808278,
        1.6679880418761164
      ],
      "length": 0.9019516009142226,
      "direction": [
        -0.024186747938316093,
        -0.9997074578206208
      ],
      "rmse": 0.002226674926386975
    }
  ],
  "metadata": {
    "input_file": "/home/qzl/Main/MobiMind/test/test_online_road/extracted_lidar_data_code/extracted_lidar_data/laserscan_json/laserscan_000239.json",
    "num_walls": 3,
    "x_limit": 10.0,
    "y_limit": 5.0,
    "params": {
      "rdp_epsilon": 0.05,
      "wall_rmse_thresh": 0.07,
      "min_wall_length": 0.8,
      "gap_thresh": 2
    }
  }
}