{
  "walls": [
    {
      "id": 0,
      "p1": [
        -6.522340257943428,
        -2.307737318503876
      ],
      "p2": [
        6.523083838252961,
        -0.2831963201618717
      ],
      "length": 13.201585363265618,
      "direction": [
        0.9881710216776839,
        0.15335589950987355
      ],
      "rmse": 0.030117249607578032
    },
    {
      "id": 1,
      "p1": [
        3.174788686635247,
        1.7346116073564715
      ],
      "p2": [
        4.59055648099094,
        1.7379036961835381
      ],
      "length": 1.4157716219022154,
      "direction": [
        0.99999729649339,
        0.002325296521087206
      ],
      "rmse": 0.036949857829090126
    },
    {
      "id": 2,
      "p1": [
        -0.17075722459161005,
        3.4569751583663964
      ],
      "p2": [
        0.2946820378559222,
        0.6765850729706625
      ],
      "length": 2.8190783483249624,
      "direction": [
        0.16510334404988108,
        -0.9862762725431179
      ],
      "rmse": 0.009883327236792715
    },
    {
      "id": 3,
      "p1": [
        -8.479513673490631,
        4.277899193797331
      ],
      "p2": [
        -7.523187641429423,
        4.437919165766332
      ],
      "length": 0.9696215091606075,
      "direction": [
        0.986287972188379,
        0.1650334387769198
      ],
      "rmse": 0.005723626916793282
    }
  ],
  "metadata": {
    "input_file": "/home/qzl/Main/MobiMind/test/test_online_road/extracted_lidar_data_code/extracted_lidar_data/laserscan_json/laserscan_000058.json",
    "num_walls": 4,
    "x_limit": 10.0,
    "y_limit": 5.0,
    "params": {
      "rdp_epsilon": 0.05,
      "wall_rmse_thresh": 0.07,
      "min_wall_length": 0.8,
      "gap_thresh": 2
    }
  }
}