{
  "walls": [
    {
      "id": 0,
      "p1": [
        -1.3292192581520892,
        -1.0556021407764515
      ],
      "p2": [
        4.593192872708449,
        -1.2072127022526995
      ],
      "length": 5.924352387401951,
      "direction": [
        0.9996724947436514,
        -0.02559107756629972
      ],
      "rmse": 0.0034772941616060993
    },
    {
      "id": 1,
      "p1": [
        6.412688481759773,
        1.4797388965256302
      ],
      "p2": [
        6.379157935096469,
        0.5852512412239916
      ],
      "length": 0.8951158936397917,
      "direction": [
        -0.037459447320196224,
        -0.9992981486045419
      ],
      "rmse": 0.0033750163614086177
    },
    {
      "id": 2,
      "p1": [
        -1.2989537781165321,
        1.2612792101724906
      ],
      "p2": [
        4.744657374528048,
        1.2008338939678953
      ],
      "length": 6.043913417697263,
      "direction": [
        0.999949988519385,
        -0.010001022851774176
      ],
      "rmse": 0.051482503978138215
    }
  ],
  "metadata": {
    "input_file": "/home/qzl/Main/MobiMind/test/test_online_road/extracted_lidar_data_code/extracted_lidar_data/laserscan_json/laserscan_000100.json",
    "num_walls": 3,
    "x_limit": 10.0,
    "y_limit": 5.0,
    "params": {
      "rdp_epsilon": 0.05,
      "wall_rmse_thresh": 0.07,
      "min_wall_length": 0.8,
      "gap_thresh": 2
    }
  }
}