{
  "walls": [
    {
      "id": 0,
      "p1": [
        -3.3232286179783967,
        -1.0336031953923865
      ],
      "p2": [
        2.8164923133455866,
        -1.2310914286183068
      ],
      "length": 6.142896280810913,
      "direction": [
        0.9994830859340752,
        -0.032149042438276806
      ],
      "rmse": 0.0036470256556234482
    },
    {
      "id": 1,
      "p1": [
        4.659065108757191,
        1.7438476677776116
      ],
      "p2": [
        4.513316175286998,
        -1.9628663068833874
      ],
      "length": 3.709578310476116,
      "direction": [
        -0.03928989261621517,
        -0.9992278540634294
      ],
      "rmse": 0.0038037449300667592
    },
    {
      "id": 2,
      "p1": [
        -3.1900581755715414,
        1.319664900870983
      ],
      "p2": [
        2.867314725317678,
        1.137212376827091
      ],
      "length": 6.0601200799948725,
      "direction": [
        0.9995466790962148,
        -0.030107080657692867
      ],
      "rmse": 0.062382414196936395
    }
  ],
  "metadata": {
    "input_file": "/home/qzl/Main/MobiMind/test/test_online_road/extracted_lidar_data_code/extracted_lidar_data/laserscan_json/laserscan_000131.json",
    "num_walls": 3,
    "x_limit": 10.0,
    "y_limit": 5.0,
    "params": {
      "rdp_epsilon": 0.05,
      "wall_rmse_thresh": 0.07,
      "min_wall_length": 0.8,
      "gap_thresh": 2
    }
  }
}