{
  "walls": [
    {
      "id": 0,
      "p1": [
        -2.697521472793235,
        -1.1600169256215294
      ],
      "p2": [
        -0.3298731462693022,
        -1.4327840882849683
      ],
      "length": 2.383308734326932,
      "direction": [
        0.9934291317025742,
        -0.11444894181542037
      ],
      "rmse": 0.04530726545688445
    },
    {
      "id": 1,
      "p1": [
        -0.22582748775636174,
        -1.225903402474982
      ],
      "p2": [
        6.33828006247059,
        -1.3522117506189697
      ],
      "length": 6.565322667604185,
      "direction": [
        0.9998149188630447,
        -0.019238711414309467
      ],
      "rmse": 0.0032957097919972724
    },
    {
      "id": 2,
      "p1": [
        0.037475983574079,
        0.5008072758705804
      ],
      "p2": [
        3.7819615092658245,
        0.4335309159386597
      ],
      "length": 3.7450898468155174,
      "direction": [
        0.9998386364140154,
        -0.01796388409454556
      ],
      "rmse": 0.0027698424397556453
    },
    {
      "id": 3,
      "p1": [
        -4.3063102652465375,
        0.4581710287844455
      ],
      "p2": [
        0.03765682683419491,
        0.4932731494316569
      ],
      "length": 4.344108913914828,
      "direction": [
        0.9999673530656689,
        0.008080396081861344
      ],
      "rmse": 0.002964262071192152
    }
  ],
  "metadata": {
    "input_file": "/home/qzl/Main/MobiMind/test/test_online_road/extracted_lidar_data_code/extracted_lidar_data/laserscan_json/laserscan_000302.json",
    "num_walls": 4,
    "x_limit": 10.0,
    "y_limit": 5.0,
    "params": {
      "rdp_epsilon": 0.05,
      "wall_rmse_thresh": 0.07,
      "min_wall_length": 0.8,
      "gap_thresh": 2
    }
  }
}