{
  "walls": [
    {
      "id": 0,
      "p1": [
        -2.5243723937017557,
        -1.0428233109473635
      ],
      "p2": [
        3.637644847954161,
        -1.2227670565273443
      ],
      "length": 6.164644047959148,
      "direction": [
        0.9995738916490625,
        -0.029189640825956948
      ],
      "rmse": 0.0042155416640521975
    },
    {
      "id": 1,
      "p1": [
        5.4432035742446985,
        1.5865488077272052
      ],
      "p2": [
        5.4122869298761564,
        0.6646664298114603
      ],
      "length": 0.9224006491815794,
      "direction": [
        -0.033517587391056695,
        -0.9994381278165662
      ],
      "rmse": 0.002061340952701013
    },
    {
      "id": 2,
      "p1": [
        -2.3950376495654218,
        1.297432182592565
      ],
      "p2": [
        3.720510227110463,
        1.1819308013140568
      ],
      "length": 6.116638488662884,
      "direction": [
        0.9998216974903559,
        -0.018883146599635275
      ],
      "rmse": 0.06582261992971754
    }
  ],
  "metadata": {
    "input_file": "/home/qzl/Main/MobiMind/test/test_online_road/extracted_lidar_data_code/extracted_lidar_data/laserscan_json/laserscan_000118.json",
    "num_walls": 3,
    "x_limit": 10.0,
    "y_limit": 5.0,
    "params": {
      "rdp_epsilon": 0.05,
      "wall_rmse_thresh": 0.07,
      "min_wall_length": 0.8,
      "gap_thresh": 2
    }
  }
}