{
  "walls": [
    {
      "id": 0,
      "p1": [
        -2.724980761713471,
        -0.718505082071909
      ],
      "p2": [
        4.13154989253115,
        -0.9467275282823011
      ],
      "length": 6.860327841841848,
      "direction": [
        0.9994465005621271,
        -0.03326698832353342
      ],
      "rmse": 0.005818723976095815
    },
    {
      "id": 1,
      "p1": [
        -1.6740578089794598,
        0.969406580155393
      ],
      "p2": [
        5.558346083306357,
        0.7430241330046021
      ],
      "length": 7.2359460385998595,
      "direction": [
        0.9995104791685315,
        -0.0312858119647295
      ],
      "rmse": 0.0029020936961604324
    },
    {
      "id": 2,
      "p1": [
        -3.9816887645905896,
        2.2815721419857815
      ],
      "p2": [
        -4.003362502689675,
        1.418095021259338
      ],
      "length": 0.8637490891116568,
      "direction": [
        -0.025092632076004994,
        -0.9996851303352962
      ],
      "rmse": 0.0030846535586802294
    }
  ],
  "metadata": {
    "input_file": "/home/qzl/Main/MobiMind/test/test_online_road/extracted_lidar_data_code/extracted_lidar_data/laserscan_json/laserscan_000245.json",
    "num_walls": 3,
    "x_limit": 10.0,
    "y_limit": 5.0,
    "params": {
      "rdp_epsilon": 0.05,
      "wall_rmse_thresh": 0.07,
      "min_wall_length": 0.8,
      "gap_thresh": 2
    }
  }
}