{
  "walls": [
    {
      "id": 0,
      "p1": [
        -3.0639436051761084,
        -1.0369406377023913
      ],
      "p2": [
        3.10236865138851,
        -1.2276841394988836
      ],
      "length": 6.169261700474102,
      "direction": [
        0.9995219129842677,
        -0.030918367716779298
      ],
      "rmse": 0.003785079849333787
    },
    {
      "id": 1,
      "p1": [
        4.912599682755537,
        1.6683991529681708
      ],
      "p2": [
        4.781235083457948,
        -1.884477656875647
      ],
      "length": 3.555304527586153,
      "direction": [
        -0.03694890220462956,
        -0.9993171561740911
      ],
      "rmse": 0.005523230522165793
    },
    {
      "id": 2,
      "p1": [
        -2.9905563452954205,
        1.330374141276613
      ],
      "p2": [
        3.1947439358870513,
        1.1531203528406642
      ],
      "length": 6.187839564331872,
      "direction": [
        0.9995896333236849,
        -0.02864550487984579
      ],
      "rmse": 0.06611271778890801
    }
  ],
  "metadata": {
    "input_file": "/home/qzl/Main/MobiMind/test/test_online_road/extracted_lidar_data_code/extracted_lidar_data/laserscan_json/laserscan_000127.json",
    "num_walls": 3,
    "x_limit": 10.0,
    "y_limit": 5.0,
    "params": {
      "rdp_epsilon": 0.05,
      "wall_rmse_thresh": 0.07,
      "min_wall_length": 0.8,
      "gap_thresh": 2
    }
  }
}