{
  "walls": [
    {
      "id": 0,
      "p1": [
        -5.277594879828431,
        0.38024906453123763
      ],
      "p2": [
        -0.3630177693790595,
        -1.2273482296966622
      ],
      "length": 5.170825585432346,
      "direction": [
        0.9504434116459446,
        -0.3108976057431411
      ],
      "rmse": 0.003804512402365757
    },
    {
      "id": 1,
      "p1": [
        3.0391555591522184,
        3.830670778024646
      ],
      "p2": [
        1.9348726687885116,
        0.2611339805702646
      ],
      "length": 3.736446660977633,
      "direction": [
        -0.29554359811834413,
        -0.9553292529852013
      ],
      "rmse": 0.006161325650256369
    },
    {
      "id": 2,
      "p1": [
        1.070119392144347,
        -2.42522172110239
      ],
      "p2": [
        0.21943770410443675,
        -4.999044786367003
      ],
      "length": 2.710760872090078,
      "direction": [
        -0.31381657334575536,
        -0.9494836271845493
      ],
      "rmse": 0.0030313774661062313
    },
    {
      "id": 3,
      "p1": [
        -2.2885858793083913,
        1.9126901589346437
      ],
      "p2": [
        0.3578423205976783,
        0.9694824193305394
      ],
      "length": 2.809488041851605,
      "direction": [
        0.941961012284389,
        -0.3357222830468203
      ],
      "rmse": 0.03141068771114113
    }
  ],
  "metadata": {
    "input_file": "/home/qzl/Main/MobiMind/test/test_online_road/extracted_lidar_data_code/extracted_lidar_data/laserscan_json/laserscan_000180.json",
    "num_walls": 4,
    "x_limit": 10.0,
    "y_limit": 5.0,
    "params": {
      "rdp_epsilon": 0.05,
      "wall_rmse_thresh": 0.07,
      "min_wall_length": 0.8,
      "gap_thresh": 2
    }
  }
}