{
  "walls": [
    {
      "id": 0,
      "p1": [
        -4.480335119354443,
        -1.0247890694294701
      ],
      "p2": [
        1.5924633826397843,
        -1.2423964381629973
      ],
      "length": 6.076696027674122,
      "direction": [
        0.9993586110497847,
        -0.03581014547087681
      ],
      "rmse": 0.00263079878677777
    },
    {
      "id": 1,
      "p1": [
        3.487912921531635,
        1.876656986358841
      ],
      "p2": [
        3.429752651780976,
        0.6203982311827505
      ],
      "length": 1.2576043403765946,
      "direction": [
        -0.04624687422212979,
        -0.998930040905109
      ],
      "rmse": 0.00225367390617456
    },
    {
      "id": 2,
      "p1": [
        3.334059941381747,
        -1.4693939492863994
      ],
      "p2": [
        3.295275096884966,
        -2.568383952466076
      ],
      "length": 1.0996741750407277,
      "direction": [
        -0.03526939649674498,
        -0.9993778412936497
      ],
      "rmse": 0.004188105533605193
    },
    {
      "id": 3,
      "p1": [
        -0.9706534720036251,
        1.1786875578979201
      ],
      "p2": [
        1.7108811638943493,
        1.1149389372905372
      ],
      "length": 2.6822922827592497,
      "direction": [
        0.9997175375447239,
        -0.02376647057334908
      ],
      "rmse": 0.039154022219258684
    }
  ],
  "metadata": {
    "input_file": "/home/qzl/Main/MobiMind/test/test_online_road/extracted_lidar_data_code/extracted_lidar_data/laserscan_json/laserscan_000151.json",
    "num_walls": 4,
    "x_limit": 10.0,
    "y_limit": 5.0,
    "params": {
      "rdp_epsilon": 0.05,
      "wall_rmse_thresh": 0.07,
      "min_wall_length": 0.8,
      "gap_thresh": 2
    }
  }
}