{
  "walls": [
    {
      "id": 0,
      "p1": [
        -5.9973647436994835,
        -2.1285086222988108
      ],
      "p2": [
        5.965702712086034,
        -0.2399001059451349
      ],
      "length": 12.111227232601914,
      "direction": [
        0.9877667412242476,
        0.1559386575844179
      ],
      "rmse": 0.026931305572096588
    },
    {
      "id": 1,
      "p1": [
        4.445470810883555,
        1.9501205938869612
      ],
      "p2": [
        5.704524715344027,
        2.029000013062894
      ],
      "length": 1.2615223728125835,
      "direction": [
        0.9980432623260834,
        0.06252716628401189
      ],
      "rmse": 0.02388330082243852
    },
    {
      "id": 2,
      "p1": [
        0.7739477975823146,
        1.303010220197718
      ],
      "p2": [
        4.076372813664822,
        1.8849546706835087
      ],
      "length": 3.3533073718791058,
      "direction": [
        0.9848262177733538,
        0.17354342622015662
      ],
      "rmse": 0.051997613933994796
    },
    {
      "id": 3,
      "p1": [
        -9.232535832277833,
        4.263135294915903
      ],
      "p2": [
        -8.200031529758997,
        4.441731879143876
      ],
      "length": 1.0478367595278415,
      "direction": [
        0.9853675137175503,
        0.17044313687589047
      ],
      "rmse": 0.00696328942660243
    }
  ],
  "metadata": {
    "input_file": "/home/qzl/Main/MobiMind/test/test_online_road/extracted_lidar_data_code/extracted_lidar_data/laserscan_json/laserscan_000072.json",
    "num_walls": 4,
    "x_limit": 10.0,
    "y_limit": 5.0,
    "params": {
      "rdp_epsilon": 0.05,
      "wall_rmse_thresh": 0.07,
      "min_wall_length": 0.8,
      "gap_thresh": 2
    }
  }
}