{
  "walls": [
    {
      "id": 0,
      "p1": [
        -3.5098069965448757,
        -1.0316877024480338
      ],
      "p2": [
        2.578837858635612,
        -1.2324799310708614
      ],
      "length": 6.091954833351208,
      "direction": [
        0.9994566640319315,
        -0.032960229370605866
      ],
      "rmse": 0.0037914122757176363
    },
    {
      "id": 1,
      "p1": [
        -3.2645766918059507,
        -3.931968183047668
      ],
      "p2": [
        -3.2964301584969395,
        -4.986745479914109
      ],
      "length": 1.055258162406295,
      "direction": [
        -0.030185472925717056,
        -0.9995443147866185
      ],
      "rmse": 0.003578328459405017
    },
    {
      "id": 2,
      "p1": [
        4.472412029652069,
        1.7621594503115756
      ],
      "p2": [
        4.319919546101767,
        -2.038462532728626
      ],
      "length": 3.803679983319808,
      "direction": [
        -0.04009077635838739,
        -0.9991960416499767
      ],
      "rmse": 0.002299443988315172
    },
    {
      "id": 3,
      "p1": [
        -2.685292788963805,
        1.3130245993403444
      ],
      "p2": [
        2.7511536523766322,
        1.117423959539174
      ],
      "length": 5.4399641101622835,
      "direction": [
        0.9993533654347623,
        -0.035956237180972815
      ],
      "rmse": 0.06092120881812266
    }
  ],
  "metadata": {
    "input_file": "/home/qzl/Main/MobiMind/test/test_online_road/extracted_lidar_data_code/extracted_lidar_data/laserscan_json/laserscan_000134.json",
    "num_walls": 4,
    "x_limit": 10.0,
    "y_limit": 5.0,
    "params": {
      "rdp_epsilon": 0.05,
      "wall_rmse_thresh": 0.07,
      "min_wall_length": 0.8,
      "gap_thresh": 2
    }
  }
}