{
  "walls": [
    {
      "id": 0,
      "p1": [
        -1.088242149734808,
        -1.0603544169092955
      ],
      "p2": [
        4.8033772436881454,
        -1.2086248185589215
      ],
      "length": 5.893484808579962,
      "direction": [
        0.9996834784132838,
        -0.02515835816419176
      ],
      "rmse": 0.0029610936903484817
    },
    {
      "id": 1,
      "p1": [
        6.57636128806197,
        1.4882042596376008
      ],
      "p2": [
        6.538114876141546,
        0.5695037242468897
      ],
      "length": 0.9194963087212292,
      "direction": [
        -0.041594959716125104,
        -0.9991345551647256
      ],
      "rmse": 0.004405770712893983
    },
    {
      "id": 2,
      "p1": [
        -1.0587321595522727,
        1.2586837266197013
      ],
      "p2": [
        4.860981796930613,
        1.2001089317377847
      ],
      "length": 5.9200037443547044,
      "direction": [
        0.9999510493759375,
        -0.009894384769218232
      ],
      "rmse": 0.04859563221804247
    }
  ],
  "metadata": {
    "input_file": "/home/qzl/Main/MobiMind/test/test_online_road/extracted_lidar_data_code/extracted_lidar_data/laserscan_json/laserscan_000097.json",
    "num_walls": 3,
    "x_limit": 10.0,
    "y_limit": 5.0,
    "params": {
      "rdp_epsilon": 0.05,
      "wall_rmse_thresh": 0.07,
      "min_wall_length": 0.8,
      "gap_thresh": 2
    }
  }
}