{
  "walls": [
    {
      "id": 0,
      "p1": [
        -6.599491394435494,
        -2.3523232856131937
      ],
      "p2": [
        6.638642307960481,
        -0.2924794354453297
      ],
      "length": 13.397430373380805,
      "direction": [
        0.9881099086497531,
        0.15374917374144248
      ],
      "rmse": 0.03099935253177262
    },
    {
      "id": 1,
      "p1": [
        3.3934757223381924,
        1.7385180246914282
      ],
      "p2": [
        4.928044888318781,
        1.7533464866971324
      ],
      "length": 1.534640807636697,
      "direction": [
        0.9999533169864331,
        0.009662496873470221
      ],
      "rmse": 0.03776053710454945
    },
    {
      "id": 2,
      "p1": [
        -0.15443542763994755,
        4.665944225158896
      ],
      "p2": [
        0.47757902379009337,
        0.6835877460528331
      ],
      "length": 4.032196100575275,
      "direction": [
        0.15674199261768026,
        -0.9876395839314253
      ],
      "rmse": 0.010894746680516074
    },
    {
      "id": 3,
      "p1": [
        -8.396841827950727,
        4.247040802042212
      ],
      "p2": [
        -7.32011627378997,
        4.438594134708554
      ],
      "length": 1.09363183852628,
      "direction": [
        0.9845411556512642,
        0.17515339798837265
      ],
      "rmse": 0.007032600154756829
    }
  ],
  "metadata": {
    "input_file": "/home/qzl/Main/MobiMind/test/test_online_road/extracted_lidar_data_code/extracted_lidar_data/laserscan_json/laserscan_000054.json",
    "num_walls": 4,
    "x_limit": 10.0,
    "y_limit": 5.0,
    "params": {
      "rdp_epsilon": 0.05,
      "wall_rmse_thresh": 0.07,
      "min_wall_length": 0.8,
      "gap_thresh": 2
    }
  }
}