{
  "walls": [
    {
      "id": 0,
      "p1": [
        -2.9647249237171382,
        -0.7097297901872612
      ],
      "p2": [
        4.212587172973324,
        -0.9376011409496922
      ],
      "length": 7.180928511397223,
      "direction": [
        0.9994963861973841,
        -0.031732853265498566
      ],
      "rmse": 0.0064662972284387134
    },
    {
      "id": 1,
      "p1": [
        -1.5194196809845162,
        0.9657194231354459
      ],
      "p2": [
        5.6819473784006505,
        0.7596884198508336
      ],
      "length": 7.2043137284763095,
      "direction": [
        0.9995909854554644,
        -0.028598283063386427
      ],
      "rmse": 0.0027611151397236773
    },
    {
      "id": 2,
      "p1": [
        -3.811177197984329,
        2.410943074196048
      ],
      "p2": [
        -3.8296256217990488,
        1.5860868929246208
      ],
      "length": 0.8250624607403546,
      "direction": [
        -0.022360032958167592,
        -0.9997499832078565
      ],
      "rmse": 0.0027887232533421115
    }
  ],
  "metadata": {
    "input_file": "/home/qzl/Main/MobiMind/test/test_online_road/extracted_lidar_data_code/extracted_lidar_data/laserscan_json/laserscan_000242.json",
    "num_walls": 3,
    "x_limit": 10.0,
    "y_limit": 5.0,
    "params": {
      "rdp_epsilon": 0.05,
      "wall_rmse_thresh": 0.07,
      "min_wall_length": 0.8,
      "gap_thresh": 2
    }
  }
}