{
  "walls": [
    {
      "id": 0,
      "p1": [
        -4.268243252611092,
        0.20123948175774098
      ],
      "p2": [
        5.111066362867684,
        -2.169838417804174
      ],
      "length": 9.674371259611839,
      "direction": [
        0.9695006904092823,
        -0.24508857846485807
      ],
      "rmse": 0.0071359417607514035
    },
    {
      "id": 1,
      "p1": [
        -2.5778012151346803,
        1.5440834762036544
      ],
      "p2": [
        4.969286585976364,
        -0.3180941144625645
      ],
      "length": 7.773431652549507,
      "direction": [
        0.97088237710667,
        -0.23955669437880822
      ],
      "rmse": 0.008886409343626727
    }
  ],
  "metadata": {
    "input_file": "/home/qzl/Main/MobiMind/test/test_online_road/extracted_lidar_data_code/extracted_lidar_data/laserscan_json/laserscan_000279.json",
    "num_walls": 2,
    "x_limit": 10.0,
    "y_limit": 5.0,
    "params": {
      "rdp_epsilon": 0.05,
      "wall_rmse_thresh": 0.07,
      "min_wall_length": 0.8,
      "gap_thresh": 2
    }
  }
}