{
  "walls": [
    {
      "id": 0,
      "p1": [
        -3.4734918196498556,
        -0.7020694310134785
      ],
      "p2": [
        5.090248858391825,
        -1.0127849722479763
      ],
      "length": 8.569375621847279,
      "direction": [
        0.9993424323938146,
        -0.03625883085834519
      ],
      "rmse": 0.007895237326532781
    },
    {
      "id": 1,
      "p1": [
        -2.2423209104950192,
        0.971442689216805
      ],
      "p2": [
        5.793308228282463,
        0.7033199621879546
      ],
      "length": 8.04010108473265,
      "direction": [
        0.9994437948085385,
        -0.03334817861155012
      ],
      "rmse": 0.003709252072091591
    }
  ],
  "metadata": {
    "input_file": "/home/qzl/Main/MobiMind/test/test_online_road/extracted_lidar_data_code/extracted_lidar_data/laserscan_json/laserscan_000255.json",
    "num_walls": 2,
    "x_limit": 10.0,
    "y_limit": 5.0,
    "params": {
      "rdp_epsilon": 0.05,
      "wall_rmse_thresh": 0.07,
      "min_wall_length": 0.8,
      "gap_thresh": 2
    }
  }
}