{
  "walls": [
    {
      "id": 0,
      "p1": [
        -2.726649931052596,
        -0.7112987394724796
      ],
      "p2": [
        4.6043350950928605,
        -0.9305278738998676
      ],
      "length": 7.334262257851889,
      "direction": [
        0.9995531613680361,
        -0.02989109561666782
      ],
      "rmse": 0.006842950518699163
    },
    {
      "id": 1,
      "p1": [
        -1.1851901398747495,
        0.9640529314213503
      ],
      "p2": [
        5.4826424850954805,
        0.7851181704128597
      ],
      "length": 6.670233096625227,
      "direction": [
        0.999640121772824,
        -0.02682586326688387
      ],
      "rmse": 0.0024744372536789363
    },
    {
      "id": 2,
      "p1": [
        -3.471797068612781,
        2.787723634725047
      ],
      "p2": [
        -3.4974911137768814,
        1.6878893833147681
      ],
      "length": 1.1001343393113876,
      "direction": [
        -0.023355370563341953,
        -0.9997272261291322
      ],
      "rmse": 0.002260775966717958
    }
  ],
  "metadata": {
    "input_file": "/home/qzl/Main/MobiMind/test/test_online_road/extracted_lidar_data_code/extracted_lidar_data/laserscan_json/laserscan_000236.json",
    "num_walls": 3,
    "x_limit": 10.0,
    "y_limit": 5.0,
    "params": {
      "rdp_epsilon": 0.05,
      "wall_rmse_thresh": 0.07,
      "min_wall_length": 0.8,
      "gap_thresh": 2
    }
  }
}