{
  "walls": [
    {
      "id": 0,
      "p1": [
        -6.353344768675434,
        -2.3572489674943715
      ],
      "p2": [
        6.92950478814217,
        -0.3129243175450489
      ],
      "length": 13.439246839888016,
      "direction": [
        0.988362645247388,
        0.15211601321881166
      ],
      "rmse": 0.031441079376681697
    },
    {
      "id": 1,
      "p1": [
        0.1609711782278651,
        4.993898724738967
      ],
      "p2": [
        0.7959817750205751,
        0.6943015862164976
      ],
      "length": 4.346236764331833,
      "direction": [
        0.14610584540708935,
        -0.989268963394627
      ],
      "rmse": 0.005066999571961579
    },
    {
      "id": 2,
      "p1": [
        -7.947462832212914,
        4.265620262367072
      ],
      "p2": [
        -6.978980381141087,
        4.43554457640259
      ],
      "length": 0.9832764263087651,
      "direction": [
        0.9849544087073839,
        0.17281438819116823
      ],
      "rmse": 0.006676221700349523
    }
  ],
  "metadata": {
    "input_file": "/home/qzl/Main/MobiMind/test/test_online_road/extracted_lidar_data_code/extracted_lidar_data/laserscan_json/laserscan_000047.json",
    "num_walls": 3,
    "x_limit": 10.0,
    "y_limit": 5.0,
    "params": {
      "rdp_epsilon": 0.05,
      "wall_rmse_thresh": 0.07,
      "min_wall_length": 0.8,
      "gap_thresh": 2
    }
  }
}