{
  "walls": [
    {
      "id": 0,
      "p1": [
        -1.3433608128716996,
        -0.7462104858858133
      ],
      "p2": [
        0.9330190844658022,
        -0.7643338879847494
      ],
      "length": 2.276452040941327,
      "direction": [
        0.9999683087520385,
        -0.007961249247941048
      ],
      "rmse": 0.004165248909080249
    },
    {
      "id": 1,
      "p1": [
        -0.1180257526954811,
        0.9634539087154325
      ],
      "p2": [
        5.668024284179018,
        1.012691744770939
      ],
      "length": 5.786259533905718,
      "direction": [
        0.9999637940476437,
        0.008509441335449704
      ],
      "rmse": 0.0033971783913727795
    },
    {
      "id": 2,
      "p1": [
        -5.589683615577256,
        1.043635229434969
      ],
      "p2": [
        -2.9216169835926618,
        1.008055441785933
      ],
      "length": 2.668303857134484,
      "direction": [
        0.9999110951506053,
        -0.01333423386315895
      ],
      "rmse": 0.003415446129808563
    }
  ],
  "metadata": {
    "input_file": "/home/qzl/Main/MobiMind/test/test_online_road/extracted_lidar_data_code/extracted_lidar_data/laserscan_json/laserscan_000214.json",
    "num_walls": 3,
    "x_limit": 10.0,
    "y_limit": 5.0,
    "params": {
      "rdp_epsilon": 0.05,
      "wall_rmse_thresh": 0.07,
      "min_wall_length": 0.8,
      "gap_thresh": 2
    }
  }
}