{
  "walls": [
    {
      "id": 0,
      "p1": [
        -5.2693598515425055,
        -0.9788196897364028
      ],
      "p2": [
        0.45968040140325295,
        -1.2489112937330147
      ],
      "length": 5.735403359348169,
      "direction": [
        0.9988905564248121,
        -0.04709199808172479
      ],
      "rmse": 0.002434448786010214
    },
    {
      "id": 1,
      "p1": [
        2.5044094547489184,
        4.391390313158399
      ],
      "p2": [
        2.32215498068909,
        0.67540492778369
      ],
      "length": 3.720452133495773,
      "direction": [
        -0.04898718422386959,
        -0.9987994071783466
      ],
      "rmse": 0.003913368097080101
    },
    {
      "id": 2,
      "p1": [
        2.1902808635999684,
        -1.7074049999535663
      ],
      "p2": [
        2.0058649910684463,
        -4.968526808606313
      ],
      "length": 3.2663319893899523,
      "direction": [
        -0.05645962294413959,
        -0.9984048832888417
      ],
      "rmse": 0.0037142608178509424
    },
    {
      "id": 3,
      "p1": [
        -3.1644115671275603,
        1.3585731474362877
      ],
      "p2": [
        0.5954739586651376,
        1.0505930827565677
      ],
      "length": 3.7724780830782247,
      "direction": [
        0.996661993254309,
        -0.08163866241155462
      ],
      "rmse": 0.036835935346088325
    }
  ],
  "metadata": {
    "input_file": "/home/qzl/Main/MobiMind/test/test_online_road/extracted_lidar_data_code/extracted_lidar_data/laserscan_json/laserscan_000170.json",
    "num_walls": 4,
    "x_limit": 10.0,
    "y_limit": 5.0,
    "params": {
      "rdp_epsilon": 0.05,
      "wall_rmse_thresh": 0.07,
      "min_wall_length": 0.8,
      "gap_thresh": 2
    }
  }
}