{
  "walls": [
    {
      "id": 0,
      "p1": [
        -3.6703796039372256,
        -1.0285934761414703
      ],
      "p2": [
        2.470010447460645,
        -1.2350040706811496
      ],
      "length": 6.143858341209063,
      "direction": [
        0.9994354866885408,
        -0.033596248981686776
      ],
      "rmse": 0.0035315151990517194
    },
    {
      "id": 1,
      "p1": [
        -3.423071176902579,
        -3.649696477902732
      ],
      "p2": [
        -3.464746601573936,
        -4.938232737195388
      ],
      "length": 1.2892100420542214,
      "direction": [
        -0.0323263264416632,
        -0.9994773677361519
      ],
      "rmse": 0.004468597649258413
    },
    {
      "id": 2,
      "p1": [
        4.30933590734333,
        1.8075380149087863
      ],
      "p2": [
        4.150739188096149,
        -2.0701168160844
      ],
      "length": 3.8808967916811143,
      "direction": [
        -0.04086599767017305,
        -0.9991646361998715
      ],
      "rmse": 0.0029909181679664753
    },
    {
      "id": 3,
      "p1": [
        -2.5825670297611443,
        1.3330283000989611
      ],
      "p2": [
        2.5669246429545267,
        1.0977249890112106
      ],
      "length": 5.154864899837521,
      "direction": [
        0.9989576395829172,
        -0.045646843449754025
      ],
      "rmse": 0.0611863244004927
    }
  ],
  "metadata": {
    "input_file": "/home/qzl/Main/MobiMind/test/test_online_road/extracted_lidar_data_code/extracted_lidar_data/laserscan_json/laserscan_000137.json",
    "num_walls": 4,
    "x_limit": 10.0,
    "y_limit": 5.0,
    "params": {
      "rdp_epsilon": 0.05,
      "wall_rmse_thresh": 0.07,
      "min_wall_length": 0.8,
      "gap_thresh": 2
    }
  }
}