{
  "walls": [
    {
      "id": 0,
      "p1": [
        -2.690626206088131,
        -1.041416057059187
      ],
      "p2": [
        3.4547979636119295,
        -1.2224355806893479
      ],
      "length": 6.14808964585496,
      "direction": [
        0.9995664545713249,
        -0.029443214731265828
      ],
      "rmse": 0.004050435398952739
    },
    {
      "id": 1,
      "p1": [
        5.279068539346457,
        1.61383219789285
      ],
      "p2": [
        5.241115238111234,
        0.5971429473644865
      ],
      "length": 1.0173974077097785,
      "direction": [
        -0.03730430306542737,
        -0.999303952244162
      ],
      "rmse": 0.0022667076146776666
    },
    {
      "id": 2,
      "p1": [
        -2.4089770763572,
        1.3070333656033295
      ],
      "p2": [
        3.5446729618950443,
        1.1770183068346007
      ],
      "length": 5.955069495269353,
      "direction": [
        0.9997616388819325,
        -0.02183266859805436
      ],
      "rmse": 0.06613320861937218
    }
  ],
  "metadata": {
    "input_file": "/home/qzl/Main/MobiMind/test/test_online_road/extracted_lidar_data_code/extracted_lidar_data/laserscan_json/laserscan_000121.json",
    "num_walls": 3,
    "x_limit": 10.0,
    "y_limit": 5.0,
    "params": {
      "rdp_epsilon": 0.05,
      "wall_rmse_thresh": 0.07,
      "min_wall_length": 0.8,
      "gap_thresh": 2
    }
  }
}