{
  "walls": [
    {
      "id": 0,
      "p1": [
        -2.9279970215822244,
        -1.039761682026174
      ],
      "p2": [
        3.192011019317323,
        -1.2253856738566753
      ],
      "length": 6.122822444511861,
      "direction": [
        0.9995403421144514,
        -0.030316736033509876
      ],
      "rmse": 0.004358895850836258
    },
    {
      "id": 1,
      "p1": [
        5.038923742617242,
        1.662659087817623
      ],
      "p2": [
        4.909108870661355,
        -1.8590085374988665
      ],
      "length": 3.5240594155296536,
      "direction": [
        -0.036836743269337356,
        -0.9993212968526732
      ],
      "rmse": 0.004620173142561073
    },
    {
      "id": 2,
      "p1": [
        -2.7592477570001956,
        1.2989359460619159
      ],
      "p2": [
        3.2513060583713473,
        1.1586343099348768
      ],
      "length": 6.012191091156146,
      "direction": [
        0.9997276740266916,
        -0.023336190417047892
      ],
      "rmse": 0.06284256672402239
    }
  ],
  "metadata": {
    "input_file": "/home/qzl/Main/MobiMind/test/test_online_road/extracted_lidar_data_code/extracted_lidar_data/laserscan_json/laserscan_000125.json",
    "num_walls": 3,
    "x_limit": 10.0,
    "y_limit": 5.0,
    "params": {
      "rdp_epsilon": 0.05,
      "wall_rmse_thresh": 0.07,
      "min_wall_length": 0.8,
      "gap_thresh": 2
    }
  }
}