{
  "walls": [
    {
      "id": 0,
      "p1": [
        -6.091649698458197,
        -2.3079311718427973
      ],
      "p2": [
        6.739746529948903,
        -0.3044555758642147
      ],
      "length": 12.986864272566404,
      "direction": [
        0.9880288235166554,
        0.154269387430863
      ],
      "rmse": 0.03192217547164429
    },
    {
      "id": 1,
      "p1": [
        -0.0020137272268406226,
        5.004176690726274
      ],
      "p2": [
        0.6576777222266981,
        0.6876158797441789
      ],
      "length": 4.366679521488669,
      "direction": [
        0.1510739329979453,
        -0.9885224664955937
      ],
      "rmse": 0.007050774049667646
    },
    {
      "id": 2,
      "p1": [
        -8.204822493231859,
        4.244584107707729
      ],
      "p2": [
        -7.148746775313502,
        4.431628279366239
      ],
      "length": 1.072511745449993,
      "direction": [
        0.9846752004326101,
        0.17439825013743376
      ],
      "rmse": 0.007878717607181434
    }
  ],
  "metadata": {
    "input_file": "/home/qzl/Main/MobiMind/test/test_online_road/extracted_lidar_data_code/extracted_lidar_data/laserscan_json/laserscan_000050.json",
    "num_walls": 3,
    "x_limit": 10.0,
    "y_limit": 5.0,
    "params": {
      "rdp_epsilon": 0.05,
      "wall_rmse_thresh": 0.07,
      "min_wall_length": 0.8,
      "gap_thresh": 2
    }
  }
}