{
  "walls": [
    {
      "id": 0,
      "p1": [
        -2.718318259277546,
        -1.137167080534961
      ],
      "p2": [
        6.229287231677726,
        -1.6244404467812144
      ],
      "length": 8.960863761670852,
      "direction": [
        0.9985204249191648,
        -0.0543779460558285
      ],
      "rmse": 0.08237237223725925
    },
    {
      "id": 1,
      "p1": [
        -3.955189745223433,
        0.6832636808482749
      ],
      "p2": [
        3.87813757916141,
        0.31245735810982644
      ],
      "length": 7.842098845330694,
      "direction": [
        0.9988814829898621,
        -0.04728406642806618
      ],
      "rmse": 0.010488488916935686
    }
  ],
  "metadata": {
    "input_file": "/home/qzl/Main/MobiMind/test/test_online_road/extracted_lidar_data_code/extracted_lidar_data/laserscan_json/laserscan_000301.json",
    "num_walls": 2,
    "x_limit": 10.0,
    "y_limit": 5.0,
    "params": {
      "rdp_epsilon": 0.05,
      "wall_rmse_thresh": 0.07,
      "min_wall_length": 0.8,
      "gap_thresh": 2
    }
  }
}