{
  "walls": [
    {
      "id": 0,
      "p1": [
        -1.5707604806529387,
        -0.7181358622934904
      ],
      "p2": [
        4.86114252227696,
        -0.8938593546674756
      ],
      "length": 6.434302991379156,
      "direction": [
        0.9996270010195502,
        -0.027310416156846866
      ],
      "rmse": 0.0046695907740989815
    },
    {
      "id": 1,
      "p1": [
        -5.409087520894923,
        1.1043236695990084
      ],
      "p2": [
        -4.598351730927763,
        1.0876417970061365
      ],
      "length": 0.8109073966902018,
      "direction": [
        0.9997883769163377,
        -0.020571858958179173
      ],
      "rmse": 0.0034967493086260474
    },
    {
      "id": 2,
      "p1": [
        -0.25306893622203774,
        0.9673057042066165
      ],
      "p2": [
        5.519911297932223,
        0.8335465815122698
      ],
      "length": 5.77452961606742,
      "direction": [
        0.9997316869040517,
        -0.023163639566767997
      ],
      "rmse": 0.003025509410827424
    },
    {
      "id": 3,
      "p1": [
        -2.5117772388568946,
        3.957149654283577
      ],
      "p2": [
        -2.5407460823277694,
        2.8471670275409564
      ],
      "length": 1.1103605835774644,
      "direction": [
        -0.02608958197841578,
        -0.9996596089220529
      ],
      "rmse": 0.0041350196186979386
    }
  ],
  "metadata": {
    "input_file": "/home/qzl/Main/MobiMind/test/test_online_road/extracted_lidar_data_code/extracted_lidar_data/laserscan_json/laserscan_000217.json",
    "num_walls": 4,
    "x_limit": 10.0,
    "y_limit": 5.0,
    "params": {
      "rdp_epsilon": 0.05,
      "wall_rmse_thresh": 0.07,
      "min_wall_length": 0.8,
      "gap_thresh": 2
    }
  }
}