{
  "walls": [
    {
      "id": 0,
      "p1": [
        -2.7022162951220423,
        -0.965218353957152
      ],
      "p2": [
        6.029937667594986,
        -1.8858834057893397
      ],
      "length": 8.780554479431231,
      "direction": [
        0.9944877607859145,
        -0.10485272359370454
      ],
      "rmse": 0.06115159093739562
    },
    {
      "id": 1,
      "p1": [
        -4.18283137396661,
        0.8788766333693836
      ],
      "p2": [
        3.9092951452094127,
        0.15705252619785937
      ],
      "length": 8.12425637483492,
      "direction": [
        0.9960451942695321,
        -0.08884802175946467
      ],
      "rmse": 0.01005836851040104
    }
  ],
  "metadata": {
    "input_file": "/home/qzl/Main/MobiMind/test/test_online_road/extracted_lidar_data_code/extracted_lidar_data/laserscan_json/laserscan_000300.json",
    "num_walls": 2,
    "x_limit": 10.0,
    "y_limit": 5.0,
    "params": {
      "rdp_epsilon": 0.05,
      "wall_rmse_thresh": 0.07,
      "min_wall_length": 0.8,
      "gap_thresh": 2
    }
  }
}