{
  "walls": [
    {
      "id": 0,
      "p1": [
        -2.7840989751595546,
        -0.7109134471379602
      ],
      "p2": [
        4.525972749360002,
        -0.93186622797496
      ],
      "length": 7.313410199693432,
      "direction": [
        0.9995435132051904,
        -0.030212004359613367
      ],
      "rmse": 0.00558381038191585
    },
    {
      "id": 1,
      "p1": [
        -1.2398759199967135,
        0.9641138872604013
      ],
      "p2": [
        5.4727608864782304,
        0.7835368398861893
      ],
      "length": 6.715065224231297,
      "direction": [
        0.9996383627437745,
        -0.026891331855187276
      ],
      "rmse": 0.0025801882766003886
    },
    {
      "id": 2,
      "p1": [
        -3.523712484777489,
        2.7052111375325287
      ],
      "p2": [
        -3.546578102330721,
        1.7117171839234275
      ],
      "length": 0.9937570489430169,
      "direction": [
        -0.02300926325758335,
        -0.9997352518553815
      ],
      "rmse": 0.002500291616029046
    }
  ],
  "metadata": {
    "input_file": "/home/qzl/Main/MobiMind/test/test_online_road/extracted_lidar_data_code/extracted_lidar_data/laserscan_json/laserscan_000237.json",
    "num_walls": 3,
    "x_limit": 10.0,
    "y_limit": 5.0,
    "params": {
      "rdp_epsilon": 0.05,
      "wall_rmse_thresh": 0.07,
      "min_wall_length": 0.8,
      "gap_thresh": 2
    }
  }
}