{
  "walls": [
    {
      "id": 0,
      "p1": [
        -4.548360016575567,
        -1.0245036158635257
      ],
      "p2": [
        1.5373917674358337,
        -1.2424040851152764
      ],
      "length": 6.08965149997092,
      "direction": [
        0.999359615904847,
        -0.03578209184098192
      ],
      "rmse": 0.0026802619182267726
    },
    {
      "id": 1,
      "p1": [
        3.428356309512236,
        1.9419406423670729
      ],
      "p2": [
        3.3648863371721958,
        0.6056516310294082
      ],
      "length": 1.3377954848221902,
      "direction": [
        -0.047443703510789303,
        -0.9988739134621447
      ],
      "rmse": 0.002711564443297481
    },
    {
      "id": 2,
      "p1": [
        3.271033509338312,
        -1.474099565282379
      ],
      "p2": [
        3.2281421492306124,
        -2.5983772107171506
      ],
      "length": 1.1250955038556694,
      "direction": [
        -0.03812241712874069,
        -0.9992730764462047
      ],
      "rmse": 0.002991940877095474
    },
    {
      "id": 3,
      "p1": [
        -2.1238336528221273,
        1.2974620573966733
      ],
      "p2": [
        1.6283483840909745,
        1.0769323503504658
      ],
      "length": 3.7586571258659975,
      "direction": [
        0.9982772866106654,
        -0.05867247255099835
      ],
      "rmse": 0.049241798981612815
    }
  ],
  "metadata": {
    "input_file": "/home/qzl/Main/MobiMind/test/test_online_road/extracted_lidar_data_code/extracted_lidar_data/laserscan_json/laserscan_000152.json",
    "num_walls": 4,
    "x_limit": 10.0,
    "y_limit": 5.0,
    "params": {
      "rdp_epsilon": 0.05,
      "wall_rmse_thresh": 0.07,
      "min_wall_length": 0.8,
      "gap_thresh": 2
    }
  }
}