{
  "walls": [
    {
      "id": 0,
      "p1": [
        -5.712558447993704,
        -0.12813745419000133
      ],
      "p2": [
        1.5653090241016314,
        -1.645030930001736
      ],
      "length": 7.434266659082358,
      "direction": [
        0.9789623921004732,
        -0.20404076761990325
      ],
      "rmse": 0.027132042620502287
    },
    {
      "id": 1,
      "p1": [
        4.9494764271414144,
        -2.236877086087987
      ],
      "p2": [
        5.960154225131045,
        -2.4448605290390684
      ],
      "length": 1.0318559608254212,
      "direction": [
        0.9794756597424115,
        -0.2015624765926625
      ],
      "rmse": 0.005830677864533901
    },
    {
      "id": 2,
      "p1": [
        2.9087467034869197,
        4.91771061506026
      ],
      "p2": [
        1.9658106115109288,
        0.27349771854041505
      ],
      "length": 4.738970552952635,
      "direction": [
        -0.1989748789191247,
        -0.9800045905796154
      ],
      "rmse": 0.007102186513128355
    },
    {
      "id": 3,
      "p1": [
        -5.001358412659877,
        3.76054248959334
      ],
      "p2": [
        -5.750366980012833,
        0.026037672896799258
      ],
      "length": 3.8088764826255255,
      "direction": [
        -0.19664816403705015,
        -0.9804741197904498
      ],
      "rmse": 0.003078158526947354
    }
  ],
  "metadata": {
    "input_file": "/home/qzl/Main/MobiMind/test/test_online_road/extracted_lidar_data_code/extracted_lidar_data/laserscan_json/laserscan_000021.json",
    "num_walls": 4,
    "x_limit": 10.0,
    "y_limit": 5.0,
    "params": {
      "rdp_epsilon": 0.05,
      "wall_rmse_thresh": 0.07,
      "min_wall_length": 0.8,
      "gap_thresh": 2
    }
  }
}