{
  "walls": [
    {
      "id": 0,
      "p1": [
        2.6660318878248352,
        4.645208498788437
      ],
      "p2": [
        -1.9360485219221018,
        -1.1425316458316332
      ],
      "length": 7.394395180095751,
      "direction": [
        -0.6223741492921862,
        -0.7827198849466057
      ],
      "rmse": 0.00322849136155317
    },
    {
      "id": 1,
      "p1": [
        4.311924639420026,
        3.77770313359608
      ],
      "p2": [
        -2.2070137385625586,
        -4.241412549043972
      ],
      "length": 10.334542752705502,
      "direction": [
        -0.6307911761523709,
        -0.7759526352080445
      ],
      "rmse": 0.0782914138184208
    }
  ],
  "metadata": {
    "input_file": "/home/qzl/Main/MobiMind/test/test_online_road/extracted_lidar_data_code/extracted_lidar_data/laserscan_json/laserscan_000324.json",
    "num_walls": 2,
    "x_limit": 10.0,
    "y_limit": 5.0,
    "params": {
      "rdp_epsilon": 0.05,
      "wall_rmse_thresh": 0.07,
      "min_wall_length": 0.8,
      "gap_thresh": 2
    }
  }
}