{
  "walls": [
    {
      "id": 0,
      "p1": [
        -1.2704308259976125,
        -1.1907498365347624
      ],
      "p2": [
        1.3110800216245893,
        -1.5619325124949683
      ],
      "length": 2.6080595919809957,
      "direction": [
        0.9898204993309951,
        -0.1423213936909688
      ],
      "rmse": 0.01774084782468708
    },
    {
      "id": 1,
      "p1": [
        4.720465947618454,
        -2.1175724704953103
      ],
      "p2": [
        6.137223966063834,
        -2.3623206737499385
      ],
      "length": 1.4377430110508793,
      "direction": [
        0.9854042117084766,
        -0.1702308419329344
      ],
      "rmse": 0.006868151785357463
    },
    {
      "id": 2,
      "p1": [
        2.497997754575162,
        4.941433762208001
      ],
      "p2": [
        1.6834206753148213,
        0.33922951631822795
      ],
      "length": 4.673737234691544,
      "direction": [
        -0.17428816348792586,
        -0.9846946918035083
      ],
      "rmse": 0.0056610274594763865
    },
    {
      "id": 3,
      "p1": [
        -5.401527472762385,
        3.5694741250062547
      ],
      "p2": [
        -5.923236058512538,
        0.4661241029435246
      ],
      "length": 3.1468970761501196,
      "direction": [
        -0.16578508070809983,
        -0.9861619070987324
      ],
      "rmse": 0.002652988733911166
    }
  ],
  "metadata": {
    "input_file": "/home/qzl/Main/MobiMind/test/test_online_road/extracted_lidar_data_code/extracted_lidar_data/laserscan_json/laserscan_000030.json",
    "num_walls": 4,
    "x_limit": 10.0,
    "y_limit": 5.0,
    "params": {
      "rdp_epsilon": 0.05,
      "wall_rmse_thresh": 0.07,
      "min_wall_length": 0.8,
      "gap_thresh": 2
    }
  }
}