{
  "walls": [
    {
      "id": 0,
      "p1": [
        -4.88086473956067,
        -1.0147364855264964
      ],
      "p2": [
        1.2308076860737551,
        -1.2435247244413712
      ],
      "length": 6.115953228771943,
      "direction": [
        0.9993000595355291,
        -0.03740843501522095
      ],
      "rmse": 0.002560601080307014
    },
    {
      "id": 1,
      "p1": [
        3.1278236735227347,
        1.9172038949608146
      ],
      "p2": [
        3.063635477961874,
        0.637134182892749
      ],
      "length": 1.2816780376535206,
      "direction": [
        -0.05008137275903658,
        -0.9987451407143717
      ],
      "rmse": 0.0019133934775770324
    },
    {
      "id": 2,
      "p1": [
        2.9636743694326295,
        -1.5249986035589613
      ],
      "p2": [
        2.906872004507131,
        -2.9229503393128815
      ],
      "length": 1.3991052727220092,
      "direction": [
        -0.040599064296949226,
        -0.9991755181029067
      ],
      "rmse": 0.00344782206666081
    },
    {
      "id": 3,
      "p1": [
        -1.3276953780213547,
        1.1985678097062427
      ],
      "p2": [
        1.3315080410200455,
        1.098917296543749
      ],
      "length": 2.6610699067508583,
      "direction": [
        0.9992985950097055,
        -0.03744753676316093
      ],
      "rmse": 0.03901947690407478
    }
  ],
  "metadata": {
    "input_file": "/home/qzl/Main/MobiMind/test/test_online_road/extracted_lidar_data_code/extracted_lidar_data/laserscan_json/laserscan_000157.json",
    "num_walls": 4,
    "x_limit": 10.0,
    "y_limit": 5.0,
    "params": {
      "rdp_epsilon": 0.05,
      "wall_rmse_thresh": 0.07,
      "min_wall_length": 0.8,
      "gap_thresh": 2
    }
  }
}