{
  "walls": [
    {
      "id": 0,
      "p1": [
        -1.650659240544381,
        -0.7183231106358817
      ],
      "p2": [
        5.0025554736474716,
        -0.8953693116467586
      ],
      "length": 6.655569952335513,
      "direction": [
        0.999646125250402,
        -0.02660120805259845
      ],
      "rmse": 0.004391040311229048
    },
    {
      "id": 1,
      "p1": [
        -0.3024156273693308,
        0.9674323112048947
      ],
      "p2": [
        5.793748302196153,
        0.8293881786591919
      ],
      "length": 6.097726694323514,
      "direction": [
        0.9997437135440028,
        -0.02263862246795556
      ],
      "rmse": 0.0032671234664575317
    },
    {
      "id": 2,
      "p1": [
        -2.5532599473968975,
        3.9839307435332647
      ],
      "p2": [
        -2.5886508102356807,
        2.775848983846061
      ],
      "length": 1.208600037755007,
      "direction": [
        -0.02928252666985401,
        -0.9995711748694183
      ],
      "rmse": 0.004064110874376725
    }
  ],
  "metadata": {
    "input_file": "/home/qzl/Main/MobiMind/test/test_online_road/extracted_lidar_data_code/extracted_lidar_data/laserscan_json/laserscan_000218.json",
    "num_walls": 3,
    "x_limit": 10.0,
    "y_limit": 5.0,
    "params": {
      "rdp_epsilon": 0.05,
      "wall_rmse_thresh": 0.07,
      "min_wall_length": 0.8,
      "gap_thresh": 2
    }
  }
}