{
  "walls": [
    {
      "id": 0,
      "p1": [
        -2.5762378789460207,
        -0.4029820023838394
      ],
      "p2": [
        5.842047960965871,
        -3.194958220331121
      ],
      "length": 8.869197691113007,
      "direction": [
        0.9491597924735234,
        -0.3147946764950417
      ],
      "rmse": 0.08332661918391167
    },
    {
      "id": 1,
      "p1": [
        -3.7857123395622843,
        1.8454370552028134
      ],
      "p2": [
        4.234893709591099,
        -0.7479977170157316
      ],
      "length": 8.42947360832621,
      "direction": [
        0.9514954814287585,
        -0.30766271925381994
      ],
      "rmse": 0.012813692561948755
    }
  ],
  "metadata": {
    "input_file": "/home/qzl/Main/MobiMind/test/test_online_road/extracted_lidar_data_code/extracted_lidar_data/laserscan_json/laserscan_000294.json",
    "num_walls": 2,
    "x_limit": 10.0,
    "y_limit": 5.0,
    "params": {
      "rdp_epsilon": 0.05,
      "wall_rmse_thresh": 0.07,
      "min_wall_length": 0.8,
      "gap_thresh": 2
    }
  }
}