{
  "walls": [
    {
      "id": 0,
      "p1": [
        -5.851056572882902,
        -1.413689336463923
      ],
      "p2": [
        -1.8461954218874588,
        -1.2848726416539162
      ],
      "length": 4.006932315327315,
      "direction": [
        0.9994831047362707,
        0.03214845789062325
      ],
      "rmse": 0.01668375941997161
    },
    {
      "id": 1,
      "p1": [
        0.3730000620455931,
        -1.0680311994969347
      ],
      "p2": [
        5.635741767071803,
        -0.6979113492819612
      ],
      "length": 5.275740607473545,
      "direction": [
        0.9975360990200722,
        0.07015505077908805
      ],
      "rmse": 0.0028359243117455366
    },
    {
      "id": 2,
      "p1": [
        7.257560666697959,
        2.1150295357654327
      ],
      "p2": [
        7.311229333232571,
        1.2563054417602573
      ],
      "length": 0.860399555667373,
      "direction": [
        0.06237644613022927,
        -0.9980526934817434
      ],
      "rmse": 0.0019711689057954522
    },
    {
      "id": 3,
      "p1": [
        0.2443533355524381,
        1.257177300869524
      ],
      "p2": [
        5.39836812194881,
        1.6686008668685404
      ],
      "length": 5.170409826024605,
      "direction": [
        0.99682906381021,
        0.07957271857402026
      ],
      "rmse": 0.04179272639449705
    }
  ],
  "metadata": {
    "input_file": "/home/qzl/Main/MobiMind/test/test_online_road/extracted_lidar_data_code/extracted_lidar_data/laserscan_json/laserscan_000080.json",
    "num_walls": 4,
    "x_limit": 10.0,
    "y_limit": 5.0,
    "params": {
      "rdp_epsilon": 0.05,
      "wall_rmse_thresh": 0.07,
      "min_wall_length": 0.8,
      "gap_thresh": 2
    }
  }
}