{
  "walls": [
    {
      "id": 0,
      "p1": [
        -2.4770466412549057,
        -1.4305954441030906
      ],
      "p2": [
        6.540465667694635,
        -1.3007424656087534
      ],
      "length": 9.018447207700467,
      "direction": [
        0.9998963348414188,
        0.014398596066885155
      ],
      "rmse": 0.027695034367432297
    },
    {
      "id": 1,
      "p1": [
        1.2825996771969834,
        4.927804049967958
      ],
      "p2": [
        1.2558581139486265,
        0.587313695731625
      ],
      "length": 4.34057273023084,
      "direction": [
        -0.006160837500102887,
        -0.9999810218595638
      ],
      "rmse": 0.00514062340750253
    },
    {
      "id": 2,
      "p1": [
        -6.312093465373162,
        2.480489397137724
      ],
      "p2": [
        -6.290989038907644,
        0.9966898945473454
      ],
      "length": 1.483949581590929,
      "direction": [
        0.01422179481520603,
        -0.9998988651609892
      ],
      "rmse": 0.003640691068053401
    }
  ],
  "metadata": {
    "input_file": "/home/qzl/Main/MobiMind/test/test_online_road/extracted_lidar_data_code/extracted_lidar_data/laserscan_json/laserscan_000039.json",
    "num_walls": 3,
    "x_limit": 10.0,
    "y_limit": 5.0,
    "params": {
      "rdp_epsilon": 0.05,
      "wall_rmse_thresh": 0.07,
      "min_wall_length": 0.8,
      "gap_thresh": 2
    }
  }
}