{
  "walls": [
    {
      "id": 0,
      "p1": [
        -5.440055014545056,
        -0.09497022932638532
      ],
      "p2": [
        1.881907961367249,
        -1.6307506213069707
      ],
      "length": 7.481294221792283,
      "direction": [
        0.9787027162461831,
        -0.20528271532290102
      ],
      "rmse": 0.024773865438235475
    },
    {
      "id": 1,
      "p1": [
        3.2123069823679953,
        4.9294058778516305
      ],
      "p2": [
        2.2860215833906965,
        0.2795544354856989
      ],
      "length": 4.7412153585795975,
      "direction": [
        -0.19536876706099993,
        -0.9807298531476775
      ],
      "rmse": 0.0057630262147985965
    },
    {
      "id": 2,
      "p1": [
        -4.682457252083921,
        3.75292471974959
      ],
      "p2": [
        -5.426561821599783,
        0.024215547223843004
      ],
      "length": 3.8022314111126936,
      "direction": [
        -0.19570207308801377,
        -0.9806633971893993
      ],
      "rmse": 0.002655461194968712
    }
  ],
  "metadata": {
    "input_file": "/home/qzl/Main/MobiMind/test/test_online_road/extracted_lidar_data_code/extracted_lidar_data/laserscan_json/laserscan_000004.json",
    "num_walls": 3,
    "x_limit": 10.0,
    "y_limit": 5.0,
    "params": {
      "rdp_epsilon": 0.05,
      "wall_rmse_thresh": 0.07,
      "min_wall_length": 0.8,
      "gap_thresh": 2
    }
  }
}