{
  "walls": [
    {
      "id": 0,
      "p1": [
        -6.045242331184403,
        -1.5426630769175271
      ],
      "p2": [
        -1.6401097375244067,
        -1.310650464383469
      ],
      "length": 4.411238263809893,
      "direction": [
        0.9986158829360015,
        0.05259580160003458
      ],
      "rmse": 0.016957270230316703
    },
    {
      "id": 1,
      "p1": [
        0.47722039208908185,
        -1.0597111840721194
      ],
      "p2": [
        5.649897534437835,
        -0.605476714721422
      ],
      "length": 5.192582957654463,
      "direction": [
        0.9961664906515284,
        0.08747755655605838
      ],
      "rmse": 0.002991866821327481
    },
    {
      "id": 2,
      "p1": [
        0.3651545579739821,
        1.2711656967634328
      ],
      "p2": [
        5.633055352100736,
        1.771776042715001
      ],
      "length": 5.291633915458913,
      "direction": [
        0.9955149729333894,
        0.09460411546773691
      ],
      "rmse": 0.044394291013849604
    }
  ],
  "metadata": {
    "input_file": "/home/qzl/Main/MobiMind/test/test_online_road/extracted_lidar_data_code/extracted_lidar_data/laserscan_json/laserscan_000079.json",
    "num_walls": 3,
    "x_limit": 10.0,
    "y_limit": 5.0,
    "params": {
      "rdp_epsilon": 0.05,
      "wall_rmse_thresh": 0.07,
      "min_wall_length": 0.8,
      "gap_thresh": 2
    }
  }
}