{
  "walls": [
    {
      "id": 0,
      "p1": [
        -1.4126692331531778,
        -1.0544348259383345
      ],
      "p2": [
        4.471972031101131,
        -1.2079130495029584
      ],
      "length": 5.886642368453607,
      "direction": [
        0.9996600601701392,
        -0.02607228602623408
      ],
      "rmse": 0.0031468965353034194
    },
    {
      "id": 1,
      "p1": [
        6.359799064725351,
        1.4961934385562452
      ],
      "p2": [
        6.327845863674706,
        0.579504511432742
      ],
      "length": 0.9172456574812564,
      "direction": [
        -0.034836034152895885,
        -0.9993930411617334
      ],
      "rmse": 0.003969319640181848
    },
    {
      "id": 2,
      "p1": [
        -1.3859431477535304,
        1.2622808743279323
      ],
      "p2": [
        4.6567028077673935,
        1.1219088964160906
      ],
      "length": 6.044276171383656,
      "direction": [
        0.9997302876601681,
        -0.023223951707614873
      ],
      "rmse": 0.01677766762546508
    }
  ],
  "metadata": {
    "input_file": "/home/qzl/Main/MobiMind/test/test_online_road/extracted_lidar_data_code/extracted_lidar_data/laserscan_json/laserscan_000101.json",
    "num_walls": 3,
    "x_limit": 10.0,
    "y_limit": 5.0,
    "params": {
      "rdp_epsilon": 0.05,
      "wall_rmse_thresh": 0.07,
      "min_wall_length": 0.8,
      "gap_thresh": 2
    }
  }
}