{
  "walls": [
    {
      "id": 0,
      "p1": [
        -3.9218682795988515,
        -0.9031756570698177
      ],
      "p2": [
        5.134362326091907,
        -0.8007006747057387
      ],
      "length": 9.056810360466896,
      "direction": [
        0.9999359868693151,
        0.01131468787414179
      ],
      "rmse": 0.05992029216581359
    },
    {
      "id": 1,
      "p1": [
        -2.2815490274471943,
        0.8251234325732262
      ],
      "p2": [
        5.308152789862457,
        1.0198410948433112
      ],
      "length": 7.592199196785694,
      "direction": [
        0.9996710598050839,
        0.025647069738677017
      ],
      "rmse": 0.00410785314286417
    }
  ],
  "metadata": {
    "input_file": "/home/qzl/Main/MobiMind/test/test_online_road/extracted_lidar_data_code/extracted_lidar_data/laserscan_json/laserscan_000267.json",
    "num_walls": 2,
    "x_limit": 10.0,
    "y_limit": 5.0,
    "params": {
      "rdp_epsilon": 0.05,
      "wall_rmse_thresh": 0.07,
      "min_wall_length": 0.8,
      "gap_thresh": 2
    }
  }
}