{
  "walls": [
    {
      "id": 0,
      "p1": [
        -2.2087322530452647,
        -0.2121413230490259
      ],
      "p2": [
        4.731988209043082,
        -3.089375016295489
      ],
      "length": 7.513459539945934,
      "direction": [
        0.9237715895294953,
        -0.3829439258901353
      ],
      "rmse": 0.08856381136334815
    },
    {
      "id": 1,
      "p1": [
        -3.2005382616564644,
        2.10777658322402
      ],
      "p2": [
        4.457809758296403,
        -1.0072645116246415
      ],
      "length": 8.267634209210755,
      "direction": [
        0.926304650901614,
        -0.37677538894683577
      ],
      "rmse": 0.007556558977665838
    }
  ],
  "metadata": {
    "input_file": "/home/qzl/Main/MobiMind/test/test_online_road/extracted_lidar_data_code/extracted_lidar_data/laserscan_json/laserscan_000287.json",
    "num_walls": 2,
    "x_limit": 10.0,
    "y_limit": 5.0,
    "params": {
      "rdp_epsilon": 0.05,
      "wall_rmse_thresh": 0.07,
      "min_wall_length": 0.8,
      "gap_thresh": 2
    }
  }
}