{
  "walls": [
    {
      "id": 0,
      "p1": [
        -3.8741447392767188,
        -0.6864709472731345
      ],
      "p2": [
        5.510890212248563,
        -1.027896648171955
      ],
      "length": 9.391243397473275,
      "direction": [
        0.9993389111862386,
        -0.03635575039939226
      ],
      "rmse": 0.007658336876293882
    },
    {
      "id": 1,
      "p1": [
        -2.1959247102936845,
        0.9722978520940195
      ],
      "p2": [
        5.813182319538516,
        0.7027808135591027
      ],
      "length": 8.013640549049365,
      "direction": [
        0.9994342746973207,
        -0.03363228446359744
      ],
      "rmse": 0.0034208803288381887
    }
  ],
  "metadata": {
    "input_file": "/home/qzl/Main/MobiMind/test/test_online_road/extracted_lidar_data_code/extracted_lidar_data/laserscan_json/laserscan_000254.json",
    "num_walls": 2,
    "x_limit": 10.0,
    "y_limit": 5.0,
    "params": {
      "rdp_epsilon": 0.05,
      "wall_rmse_thresh": 0.07,
      "min_wall_length": 0.8,
      "gap_thresh": 2
    }
  }
}