{
  "walls": [
    {
      "id": 0,
      "p1": [
        -4.6228528429874105,
        0.6338087477292792
      ],
      "p2": [
        4.987153618026652,
        -2.796370903341949
      ],
      "length": 10.203840287820816,
      "direction": [
        0.9418029085064027,
        -0.3361655567229938
      ],
      "rmse": 0.08587834211969966
    },
    {
      "id": 1,
      "p1": [
        -2.3886710260816186,
        1.705471974431666
      ],
      "p2": [
        4.710748055627023,
        -0.7666237526754613
      ],
      "length": 7.517513457368073,
      "direction": [
        0.9443839538116492,
        -0.32884486886840253
      ],
      "rmse": 0.00732885293674747
    }
  ],
  "metadata": {
    "input_file": "/home/qzl/Main/MobiMind/test/test_online_road/extracted_lidar_data_code/extracted_lidar_data/laserscan_json/laserscan_000283.json",
    "num_walls": 2,
    "x_limit": 10.0,
    "y_limit": 5.0,
    "params": {
      "rdp_epsilon": 0.05,
      "wall_rmse_thresh": 0.07,
      "min_wall_length": 0.8,
      "gap_thresh": 2
    }
  }
}