{
  "walls": [
    {
      "id": 0,
      "p1": [
        -5.851290055705607,
        -2.0759207341536836
      ],
      "p2": [
        5.910911554977902,
        -0.2385367632739146
      ],
      "length": 11.904846348727547,
      "direction": [
        0.9880179269956687,
        0.15433915878085405
      ],
      "rmse": 0.025624990611159065
    },
    {
      "id": 1,
      "p1": [
        7.370217630190519,
        2.646201358243956
      ],
      "p2": [
        7.48845795748701,
        1.8316139670998222
      ],
      "length": 0.8231241660953633,
      "direction": [
        0.14364822728661558,
        -0.9896288126340161
      ],
      "rmse": 0.0027575875722435266
    },
    {
      "id": 2,
      "p1": [
        0.6577380551621679,
        1.3112792876242048
      ],
      "p2": [
        5.640939966922148,
        2.115458362672733
      ],
      "length": 5.047673253897703,
      "direction": [
        0.9872275127767188,
        0.1593167851002944
      ],
      "rmse": 0.05179704174232929
    },
    {
      "id": 3,
      "p1": [
        -9.282332440033528,
        4.285305997778571
      ],
      "p2": [
        -8.301269991115912,
        4.454670968213561
      ],
      "length": 0.9955742171664924,
      "direction": [
        0.9854237203016769,
        0.17011787520658309
      ],
      "rmse": 0.007211635830809102
    }
  ],
  "metadata": {
    "input_file": "/home/qzl/Main/MobiMind/test/test_online_road/extracted_lidar_data_code/extracted_lidar_data/laserscan_json/laserscan_000074.json",
    "num_walls": 4,
    "x_limit": 10.0,
    "y_limit": 5.0,
    "params": {
      "rdp_epsilon": 0.05,
      "wall_rmse_thresh": 0.07,
      "min_wall_length": 0.8,
      "gap_thresh": 2
    }
  }
}