{
  "walls": [
    {
      "id": 0,
      "p1": [
        -1.4004907208915185,
        -0.7338726195326148
      ],
      "p2": [
        4.900369273249952,
        -0.8204208175714713
      ],
      "length": 6.301454376281417,
      "direction": [
        0.9999056754027316,
        -0.013734638524804074
      ],
      "rmse": 0.030568684673353066
    },
    {
      "id": 1,
      "p1": [
        -5.600123963113958,
        1.119086400156802
      ],
      "p2": [
        -3.47047704061186,
        1.06044277106248
      ],
      "length": 2.13045419799535,
      "direction": [
        0.9996210782207187,
        -0.02752635055447048
      ],
      "rmse": 0.0031363733971772685
    },
    {
      "id": 2,
      "p1": [
        -0.15728511987452487,
        0.9680294754465826
      ],
      "p2": [
        5.902406685590128,
        0.8467097368380974
      ],
      "length": 6.060906141509823,
      "direction": [
        0.9997996444718203,
        -0.020016765773268056
      ],
      "rmse": 0.00339438303345571
    },
    {
      "id": 3,
      "p1": [
        -2.4057406379471455,
        3.990300234940214
      ],
      "p2": [
        -2.4360771823349365,
        3.149240977206501
      ],
      "length": 0.8416061911279983,
      "direction": [
        -0.0360460090569206,
        -0.9993501314499681
      ],
      "rmse": 0.004483437435015877
    }
  ],
  "metadata": {
    "input_file": "/home/qzl/Main/MobiMind/test/test_online_road/extracted_lidar_data_code/extracted_lidar_data/laserscan_json/laserscan_000215.json",
    "num_walls": 4,
    "x_limit": 10.0,
    "y_limit": 5.0,
    "params": {
      "rdp_epsilon": 0.05,
      "wall_rmse_thresh": 0.07,
      "min_wall_length": 0.8,
      "gap_thresh": 2
    }
  }
}