{
  "walls": [
    {
      "id": 0,
      "p1": [
        2.860130932176733,
        4.934791548080926
      ],
      "p2": [
        -1.8630989713916173,
        -1.0808824044870926
      ],
      "length": 7.648348437771884,
      "direction": [
        -0.6175489966222822,
        -0.7865324130439968
      ],
      "rmse": 0.016797285251083736
    },
    {
      "id": 1,
      "p1": [
        4.123349913323527,
        3.558646043183766
      ],
      "p2": [
        -1.5866926523285516,
        -3.5035917102852396
      ],
      "length": 9.08183837051076,
      "direction": [
        -0.6287320179785625,
        -0.7776220480198621
      ],
      "rmse": 0.07627325547173336
    }
  ],
  "metadata": {
    "input_file": "/home/qzl/Main/MobiMind/test/test_online_road/extracted_lidar_data_code/extracted_lidar_data/laserscan_json/laserscan_000325.json",
    "num_walls": 2,
    "x_limit": 10.0,
    "y_limit": 5.0,
    "params": {
      "rdp_epsilon": 0.05,
      "wall_rmse_thresh": 0.07,
      "min_wall_length": 0.8,
      "gap_thresh": 2
    }
  }
}