{
  "walls": [
    {
      "id": 0,
      "p1": [
        -4.4526081963870086,
        -1.023580823146413
      ],
      "p2": [
        1.6451096006262582,
        -1.241799480382754
      ],
      "length": 6.1016212365549505,
      "direction": [
        0.9993602619047548,
        -0.03576404512439578
      ],
      "rmse": 0.0026377730091054078
    },
    {
      "id": 1,
      "p1": [
        3.550622473015367,
        1.909965623120409
      ],
      "p2": [
        3.488612750319895,
        0.5975034196437455
      ],
      "length": 1.3139262693407072,
      "direction": [
        -0.047194217927102274,
        -0.9988857320996477
      ],
      "rmse": 0.0026051637968447033
    },
    {
      "id": 2,
      "p1": [
        3.3958327971329982,
        -1.4775657202621588
      ],
      "p2": [
        3.3609400480913085,
        -2.522210864067195
      ],
      "length": 1.0452277170124848,
      "direction": [
        -0.03338291596532369,
        -0.9994426351320281
      ],
      "rmse": 0.003700269904208396
    },
    {
      "id": 3,
      "p1": [
        -0.8371664439418911,
        1.1683754855311494
      ],
      "p2": [
        1.7586576674159946,
        1.1175638696918726
      ],
      "length": 2.5963213663587865,
      "direction": [
        0.9998084770976583,
        -0.019570618836945743
      ],
      "rmse": 0.03843885151411702
    }
  ],
  "metadata": {
    "input_file": "/home/qzl/Main/MobiMind/test/test_online_road/extracted_lidar_data_code/extracted_lidar_data/laserscan_json/laserscan_000150.json",
    "num_walls": 4,
    "x_limit": 10.0,
    "y_limit": 5.0,
    "params": {
      "rdp_epsilon": 0.05,
      "wall_rmse_thresh": 0.07,
      "min_wall_length": 0.8,
      "gap_thresh": 2
    }
  }
}