{
  "walls": [
    {
      "id": 0,
      "p1": [
        -2.875336879013462,
        -0.7900632697149986
      ],
      "p2": [
        5.356267908326037,
        -0.9425714872605286
      ],
      "length": 8.233017437815219,
      "direction": [
        0.9998284164348465,
        -0.01852397601453986
      ],
      "rmse": 0.00887606502038543
    },
    {
      "id": 1,
      "p1": [
        -2.5638813611286735,
        0.9145803735313625
      ],
      "p2": [
        5.504865548964087,
        0.7991162987563487
      ],
      "length": 8.069573015451011,
      "direction": [
        0.9998976271278868,
        -0.014308573025340549
      ],
      "rmse": 0.0036873543697414322
    }
  ],
  "metadata": {
    "input_file": "/home/qzl/Main/MobiMind/test/test_online_road/extracted_lidar_data_code/extracted_lidar_data/laserscan_json/laserscan_000261.json",
    "num_walls": 2,
    "x_limit": 10.0,
    "y_limit": 5.0,
    "params": {
      "rdp_epsilon": 0.05,
      "wall_rmse_thresh": 0.07,
      "min_wall_length": 0.8,
      "gap_thresh": 2
    }
  }
}