{
  "walls": [
    {
      "id": 0,
      "p1": [
        2.769267311176717,
        4.722821909732896
      ],
      "p2": [
        -1.6435901699515383,
        -0.7941788338937468
      ],
      "length": 7.064744040227256,
      "direction": [
        -0.6246309075030397,
        -0.7809201171630356
      ],
      "rmse": 0.003117504549473989
    },
    {
      "id": 1,
      "p1": [
        3.969787341983344,
        3.343043580279313
      ],
      "p2": [
        0.051382740998536125,
        -1.5019190800794446
      ],
      "length": 6.231176277179897,
      "direction": [
        -0.6288386697277452,
        -0.7775358046116204
      ],
      "rmse": 0.07787421940606572
    }
  ],
  "metadata": {
    "input_file": "/home/qzl/Main/MobiMind/test/test_online_road/extracted_lidar_data_code/extracted_lidar_data/laserscan_json/laserscan_000343.json",
    "num_walls": 2,
    "x_limit": 10.0,
    "y_limit": 5.0,
    "params": {
      "rdp_epsilon": 0.05,
      "wall_rmse_thresh": 0.07,
      "min_wall_length": 0.8,
      "gap_thresh": 2
    }
  }
}