{
  "walls": [
    {
      "id": 0,
      "p1": [
        -5.978171848263421,
        -1.307020077896914
      ],
      "p2": [
        -1.8423705080808692,
        -1.2492159110724548
      ],
      "length": 4.13620527140011,
      "direction": [
        0.9999023425591358,
        0.0139751687915708
      ],
      "rmse": 0.01571322786137754
    },
    {
      "id": 1,
      "p1": [
        0.2777026888384271,
        -1.0733700746643355
      ],
      "p2": [
        5.56898311288624,
        -0.7968865061664177
      ],
      "length": 5.298499003450029,
      "direction": [
        0.9986376180494122,
        0.05218148919488591
      ],
      "rmse": 0.0029780124260526323
    },
    {
      "id": 2,
      "p1": [
        7.2422933419290505,
        1.9744152737092437
      ],
      "p2": [
        7.277835569518259,
        1.1526842047713737
      ],
      "length": 0.8224993614585836,
      "direction": [
        0.04321246830653353,
        -0.999065905023716
      ],
      "rmse": 0.0017022124936119452
    },
    {
      "id": 3,
      "p1": [
        0.17629482972098853,
        1.2553150087988691
      ],
      "p2": [
        5.523135499450661,
        1.5941560545662194
      ],
      "length": 5.357566462655593,
      "direction": [
        0.9979980102895538,
        0.06324532754355368
      ],
      "rmse": 0.04783301347802938
    }
  ],
  "metadata": {
    "input_file": "/home/qzl/Main/MobiMind/test/test_online_road/extracted_lidar_data_code/extracted_lidar_data/laserscan_json/laserscan_000081.json",
    "num_walls": 4,
    "x_limit": 10.0,
    "y_limit": 5.0,
    "params": {
      "rdp_epsilon": 0.05,
      "wall_rmse_thresh": 0.07,
      "min_wall_length": 0.8,
      "gap_thresh": 2
    }
  }
}