{
  "walls": [
    {
      "id": 0,
      "p1": [
        -2.4679213027461055,
        -0.7107796656749735
      ],
      "p2": [
        4.95160199509054,
        -0.9378439692732002
      ],
      "length": 7.42299698000136,
      "direction": [
        0.9995320377764543,
        -0.03058930297422241
      ],
      "rmse": 0.005248241061214142
    },
    {
      "id": 1,
      "p1": [
        -0.9751808373362656,
        0.963484085769338
      ],
      "p2": [
        5.527111670649932,
        0.7923636412374218
      ],
      "length": 6.504543801524457,
      "direction": [
        0.9996538890945382,
        -0.026307831840818717
      ],
      "rmse": 0.002407923639446678
    },
    {
      "id": 2,
      "p1": [
        -3.253029977849408,
        3.178179999564414
      ],
      "p2": [
        -3.29349536683147,
        1.4502228221994469
      ],
      "length": 1.728430922690454,
      "direction": [
        -0.023411632163484956,
        -0.999725910176105
      ],
      "rmse": 0.002432568568209438
    }
  ],
  "metadata": {
    "input_file": "/home/qzl/Main/MobiMind/test/test_online_road/extracted_lidar_data_code/extracted_lidar_data/laserscan_json/laserscan_000232.json",
    "num_walls": 3,
    "x_limit": 10.0,
    "y_limit": 5.0,
    "params": {
      "rdp_epsilon": 0.05,
      "wall_rmse_thresh": 0.07,
      "min_wall_length": 0.8,
      "gap_thresh": 2
    }
  }
}