{
  "walls": [
    {
      "id": 0,
      "p1": [
        -1.235634577230561,
        -1.169795029060415
      ],
      "p2": [
        1.3911196616872494,
        -1.585603592162523
      ],
      "length": 2.6594613350868115,
      "direction": [
        0.9877016086904079,
        -0.1563506705722116
      ],
      "rmse": 0.017150575153523938
    },
    {
      "id": 1,
      "p1": [
        4.776820760283966,
        -2.1796467267032145
      ],
      "p2": [
        6.143744239289795,
        -2.429713849092021
      ],
      "length": 1.389609068463939,
      "direction": [
        0.9836748406625226,
        -0.1799550161722665
      ],
      "rmse": 0.005171256260187354
    },
    {
      "id": 2,
      "p1": [
        2.621915982128203,
        4.915566294578161
      ],
      "p2": [
        1.7528272141408865,
        0.32842841446998694
      ],
      "length": 4.668741716754636,
      "direction": [
        -0.18615053492198197,
        -0.9825212355701326
      ],
      "rmse": 0.006140703632509693
    },
    {
      "id": 3,
      "p1": [
        -5.285653631655776,
        3.6625753155666674
      ],
      "p2": [
        -5.95002328008503,
        0.02619947441641446
      ],
      "length": 3.696568177087394,
      "direction": [
        -0.17972606390613383,
        -0.9837166980136143
      ],
      "rmse": 0.0025293126437033616
    }
  ],
  "metadata": {
    "input_file": "/home/qzl/Main/MobiMind/test/test_online_road/extracted_lidar_data_code/extracted_lidar_data/laserscan_json/laserscan_000028.json",
    "num_walls": 4,
    "x_limit": 10.0,
    "y_limit": 5.0,
    "params": {
      "rdp_epsilon": 0.05,
      "wall_rmse_thresh": 0.07,
      "min_wall_length": 0.8,
      "gap_thresh": 2
    }
  }
}