{
  "walls": [
    {
      "id": 0,
      "p1": [
        2.7727080546424987,
        4.726406751126618
      ],
      "p2": [
        -1.7423275755469956,
        -0.9176552251094828
      ],
      "length": 7.227792355448156,
      "direction": [
        -0.6246769979192389,
        -0.7808832488077888
      ],
      "rmse": 0.0032489518417724603
    },
    {
      "id": 1,
      "p1": [
        3.9725889225387854,
        3.3407678039630535
      ],
      "p2": [
        0.05129758048884514,
        -1.5065497101711491
      ],
      "length": 6.234822601491401,
      "direction": [
        -0.6289339076155953,
        -0.7774587705141526
      ],
      "rmse": 0.08007293937336374
    }
  ],
  "metadata": {
    "input_file": "/home/qzl/Main/MobiMind/test/test_online_road/extracted_lidar_data_code/extracted_lidar_data/laserscan_json/laserscan_000342.json",
    "num_walls": 2,
    "x_limit": 10.0,
    "y_limit": 5.0,
    "params": {
      "rdp_epsilon": 0.05,
      "wall_rmse_thresh": 0.07,
      "min_wall_length": 0.8,
      "gap_thresh": 2
    }
  }
}