{
  "walls": [
    {
      "id": 0,
      "p1": [
        -3.125664572212033,
        -1.0392916715181935
      ],
      "p2": [
        3.0087126285788486,
        -1.2268808549842414
      ],
      "length": 6.137244768080905,
      "direction": [
        0.9995327598287964,
        -0.030565700172411208
      ],
      "rmse": 0.004060716499815837
    },
    {
      "id": 1,
      "p1": [
        4.8516917742822425,
        1.6942514708601033
      ],
      "p2": [
        4.714449271781053,
        -1.9056281234066368
      ],
      "length": 3.6024947741406734,
      "direction": [
        -0.03809651674894952,
        -0.9992740642134154
      ],
      "rmse": 0.0022829456364888956
    },
    {
      "id": 2,
      "p1": [
        -2.931364054626803,
        1.314035887622524
      ],
      "p2": [
        3.0858612972147115,
        1.1506968872906265
      ],
      "length": 6.019441881426687,
      "direction": [
        0.9996317715770245,
        -0.02713524003541349
      ],
      "rmse": 0.06373951292902941
    }
  ],
  "metadata": {
    "input_file": "/home/qzl/Main/MobiMind/test/test_online_road/extracted_lidar_data_code/extracted_lidar_data/laserscan_json/laserscan_000128.json",
    "num_walls": 3,
    "x_limit": 10.0,
    "y_limit": 5.0,
    "params": {
      "rdp_epsilon": 0.05,
      "wall_rmse_thresh": 0.07,
      "min_wall_length": 0.8,
      "gap_thresh": 2
    }
  }
}