{
  "walls": [
    {
      "id": 0,
      "p1": [
        -3.4556919415607066,
        -1.0310987473727449
      ],
      "p2": [
        2.686692461995742,
        -1.2337639034883723
      ],
      "length": 6.145726916041493,
      "direction": [
        0.9994561241433519,
        -0.03297659640333693
      ],
      "rmse": 0.003993203695400672
    },
    {
      "id": 1,
      "p1": [
        -3.210464681030045,
        -4.045305252647895
      ],
      "p2": [
        -3.2365753518573563,
        -4.977376542425923
      ],
      "length": 0.9324369449777977,
      "direction": [
        -0.028002612903661017,
        -0.9996078499434505
      ],
      "rmse": 0.004293930325240126
    },
    {
      "id": 2,
      "p1": [
        4.532921797814847,
        1.7633058256549334
      ],
      "p2": [
        4.382592286055486,
        -1.9982301618814633
      ],
      "length": 3.764538743011848,
      "direction": [
        -0.039933049444176645,
        -0.9992023576633957
      ],
      "rmse": 0.0034634999352527083
    },
    {
      "id": 3,
      "p1": [
        -2.852187787955085,
        1.31560402850547
      ],
      "p2": [
        2.739474320676734,
        1.1256830207942106
      ],
      "length": 5.5948865159428305,
      "direction": [
        0.9994236867347684,
        -0.0339454620160539
      ],
      "rmse": 0.06170062811307797
    }
  ],
  "metadata": {
    "input_file": "/home/qzl/Main/MobiMind/test/test_online_road/extracted_lidar_data_code/extracted_lidar_data/laserscan_json/laserscan_000133.json",
    "num_walls": 4,
    "x_limit": 10.0,
    "y_limit": 5.0,
    "params": {
      "rdp_epsilon": 0.05,
      "wall_rmse_thresh": 0.07,
      "min_wall_length": 0.8,
      "gap_thresh": 2
    }
  }
}