{
  "walls": [
    {
      "id": 0,
      "p1": [
        -2.805473807160216,
        -1.0394361524246774
      ],
      "p2": [
        3.3005570015572987,
        -1.2224368688227831
      ],
      "length": 6.108772503474793,
      "direction": [
        0.9995511872865089,
        -0.029957035770087747
      ],
      "rmse": 0.004113876238807551
    },
    {
      "id": 1,
      "p1": [
        5.16575208295425,
        1.6287499480284002
      ],
      "p2": [
        5.037626942047814,
        -1.832209077262211
      ],
      "length": 3.463329817743732,
      "direction": [
        -0.03699478468665684,
        -0.9993154586535664
      ],
      "rmse": 0.0024613248701713195
    },
    {
      "id": 2,
      "p1": [
        -2.4608387971238446,
        1.2857477848850256
      ],
      "p2": [
        3.4065691372688796,
        1.1587390290217492
      ],
      "length": 5.8687824199437335,
      "direction": [
        0.9997657971520282,
        -0.021641414994622882
      ],
      "rmse": 0.060836370263100584
    }
  ],
  "metadata": {
    "input_file": "/home/qzl/Main/MobiMind/test/test_online_road/extracted_lidar_data_code/extracted_lidar_data/laserscan_json/laserscan_000123.json",
    "num_walls": 3,
    "x_limit": 10.0,
    "y_limit": 5.0,
    "params": {
      "rdp_epsilon": 0.05,
      "wall_rmse_thresh": 0.07,
      "min_wall_length": 0.8,
      "gap_thresh": 2
    }
  }
}