{
  "walls": [
    {
      "id": 0,
      "p1": [
        -5.509797064511515,
        -0.09623404488476917
      ],
      "p2": [
        1.8250196641238732,
        -1.6383404975160694
      ],
      "length": 7.495173697381311,
      "direction": [
        0.9786053031954038,
        -0.20574659306008405
      ],
      "rmse": 0.026883991399324552
    },
    {
      "id": 1,
      "p1": [
        3.1481752268140166,
        4.931683667559097
      ],
      "p2": [
        2.223424606750991,
        0.29841709073037914
      ],
      "length": 4.724650556524266,
      "direction": [
        -0.19572889232730956,
        -0.9806580447364537
      ],
      "rmse": 0.005979002905090559
    },
    {
      "id": 2,
      "p1": [
        -4.758500776444243,
        3.744078088456828
      ],
      "p2": [
        -5.498289445051606,
        0.02466668319136467
      ],
      "length": 3.7922695679261333,
      "direction": [
        -0.1950780806468852,
        -0.9807877152825312
      ],
      "rmse": 0.002871195323658522
    }
  ],
  "metadata": {
    "input_file": "/home/qzl/Main/MobiMind/test/test_online_road/extracted_lidar_data_code/extracted_lidar_data/laserscan_json/laserscan_000010.json",
    "num_walls": 3,
    "x_limit": 10.0,
    "y_limit": 5.0,
    "params": {
      "rdp_epsilon": 0.05,
      "wall_rmse_thresh": 0.07,
      "min_wall_length": 0.8,
      "gap_thresh": 2
    }
  }
}