{
  "walls": [
    {
      "id": 0,
      "p1": [
        -6.067145314392898,
        -2.2792689988822366
      ],
      "p2": [
        6.813411745021956,
        -0.3848593563957379
      ],
      "length": 13.019122015496578,
      "direction": [
        0.989356812546217,
        0.14550978477885843
      ],
      "rmse": 0.030098936711119822
    },
    {
      "id": 1,
      "p1": [
        0.2659656392920844,
        4.9441432820791045
      ],
      "p2": [
        0.8458785283066108,
        0.7047605711386462
      ],
      "length": 4.278862550803197,
      "direction": [
        0.13552968391216244,
        -0.9907732862651623
      ],
      "rmse": 0.005274833440896772
    },
    {
      "id": 2,
      "p1": [
        -7.975205033662267,
        4.287488794589419
      ],
      "p2": [
        -6.93054359858086,
        4.460076069548322
      ],
      "length": 1.0588219309327156,
      "direction": [
        0.9866261781715462,
        0.16299933909255004
      ],
      "rmse": 0.005861645580303026
    }
  ],
  "metadata": {
    "input_file": "/home/qzl/Main/MobiMind/test/test_online_road/extracted_lidar_data_code/extracted_lidar_data/laserscan_json/laserscan_000046.json",
    "num_walls": 3,
    "x_limit": 10.0,
    "y_limit": 5.0,
    "params": {
      "rdp_epsilon": 0.05,
      "wall_rmse_thresh": 0.07,
      "min_wall_length": 0.8,
      "gap_thresh": 2
    }
  }
}