{
  "walls": [
    {
      "id": 0,
      "p1": [
        -5.644466385442195,
        -0.5189818365040271
      ],
      "p2": [
        0.15735884881202034,
        -1.2657846658358964
      ],
      "length": 5.849691488850251,
      "direction": [
        0.99181730272561,
        -0.1276653359847368
      ],
      "rmse": 0.0031411063680356144
    },
    {
      "id": 1,
      "p1": [
        2.603546897173811,
        4.4429953890202905
      ],
      "p2": [
        2.154127624168581,
        0.5740270415749622
      ],
      "length": 3.894983152271956,
      "direction": [
        -0.11538413786016825,
        -0.9933209454794888
      ],
      "rmse": 0.0052285934958699815
    },
    {
      "id": 2,
      "p1": [
        1.8307596829167296,
        -1.943821797927882
      ],
      "p2": [
        1.423907533106914,
        -4.962441414912608
      ],
      "length": 3.0459141589759033,
      "direction": [
        -0.13357308465521578,
        -0.9910389654568031
      ],
      "rmse": 0.003432060708357263
    },
    {
      "id": 3,
      "p1": [
        -3.096006640128423,
        1.6043793115732339
      ],
      "p2": [
        0.45104102263076706,
        1.0194670848043597
      ],
      "length": 3.594950546935125,
      "direction": [
        0.9866749532284047,
        -0.1627038311464273
      ],
      "rmse": 0.03555340936670721
    }
  ],
  "metadata": {
    "input_file": "/home/qzl/Main/MobiMind/test/test_online_road/extracted_lidar_data_code/extracted_lidar_data/laserscan_json/laserscan_000174.json",
    "num_walls": 4,
    "x_limit": 10.0,
    "y_limit": 5.0,
    "params": {
      "rdp_epsilon": 0.05,
      "wall_rmse_thresh": 0.07,
      "min_wall_length": 0.8,
      "gap_thresh": 2
    }
  }
}