{
  "walls": [
    {
      "id": 0,
      "p1": [
        -3.2227178736926794,
        -1.0364942745609023
      ],
      "p2": [
        2.820722021662306,
        -1.2284434336649008
      ],
      "length": 6.04648743060374,
      "direction": [
        0.9994959825370061,
        -0.03174556489314336
      ],
      "rmse": 0.003993705827297134
    },
    {
      "id": 1,
      "p1": [
        4.721820245568816,
        1.720191927302521
      ],
      "p2": [
        4.576881335980968,
        -1.9705496198211125
      ],
      "length": 3.69358639470868,
      "direction": [
        -0.03924069836171663,
        -0.9992297871811493
      ],
      "rmse": 0.0035953986692178436
    },
    {
      "id": 2,
      "p1": [
        -2.9313331946465,
        1.3125940763046824
      ],
      "p2": [
        2.939235223289947,
        1.134953655197819
      ],
      "length": 5.8732554574855556,
      "direction": [
        0.9995424957122281,
        -0.030245648668368465
      ],
      "rmse": 0.06243803037736541
    }
  ],
  "metadata": {
    "input_file": "/home/qzl/Main/MobiMind/test/test_online_road/extracted_lidar_data_code/extracted_lidar_data/laserscan_json/laserscan_000130.json",
    "num_walls": 3,
    "x_limit": 10.0,
    "y_limit": 5.0,
    "params": {
      "rdp_epsilon": 0.05,
      "wall_rmse_thresh": 0.07,
      "min_wall_length": 0.8,
      "gap_thresh": 2
    }
  }
}