{
  "walls": [
    {
      "id": 0,
      "p1": [
        -2.469734274509211,
        -0.4128094512863043
      ],
      "p2": [
        3.0043592092246665,
        1.7662845326176844
      ],
      "length": 5.891871524341332,
      "direction": [
        0.9290924727589621,
        0.36984750514318393
      ],
      "rmse": 0.010160167376351798
    },
    {
      "id": 1,
      "p1": [
        -5.050970949997742,
        -3.3042151579546113
      ],
      "p2": [
        6.690922742781365,
        1.3521768627852258
      ],
      "length": 12.631470783061465,
      "direction": [
        0.9295745439646662,
        0.36863419159226524
      ],
      "rmse": 0.016299281855110766
    }
  ],
  "metadata": {
    "input_file": "/home/qzl/Main/MobiMind/test/test_online_road/extracted_lidar_data_code/extracted_lidar_data/laserscan_json/laserscan_000311.json",
    "num_walls": 2,
    "x_limit": 10.0,
    "y_limit": 5.0,
    "params": {
      "rdp_epsilon": 0.05,
      "wall_rmse_thresh": 0.07,
      "min_wall_length": 0.8,
      "gap_thresh": 2
    }
  }
}