{
  "walls": [
    {
      "id": 0,
      "p1": [
        -1.9523941670771354,
        -0.7145185914474222
      ],
      "p2": [
        5.154697215690266,
        -0.9180204928580422
      ],
      "length": 7.1100042859962045,
      "direction": [
        0.9995903092151932,
        -0.028621909808300944
      ],
      "rmse": 0.004370508573324156
    },
    {
      "id": 1,
      "p1": [
        -0.5515643726821161,
        0.9662514698802935
      ],
      "p2": [
        5.658154157495545,
        0.808532777935313
      ],
      "length": 6.2117211310409495,
      "direction": [
        0.9996776093409134,
        -0.0253904978374959
      ],
      "rmse": 0.0025695954059568775
    },
    {
      "id": 2,
      "p1": [
        -2.797101425536425,
        3.9715635524609034
      ],
      "p2": [
        -2.8339978450651806,
        2.5759262732387738
      ],
      "length": 1.3961249087845222,
      "direction": [
        -0.02642773529543372,
        -0.9996507264065557
      ],
      "rmse": 0.0038855617111903627
    }
  ],
  "metadata": {
    "input_file": "/home/qzl/Main/MobiMind/test/test_online_road/extracted_lidar_data_code/extracted_lidar_data/laserscan_json/laserscan_000223.json",
    "num_walls": 3,
    "x_limit": 10.0,
    "y_limit": 5.0,
    "params": {
      "rdp_epsilon": 0.05,
      "wall_rmse_thresh": 0.07,
      "min_wall_length": 0.8,
      "gap_thresh": 2
    }
  }
}