{
  "walls": [
    {
      "id": 0,
      "p1": [
        -2.4176664277072852,
        -0.5824941466548215
      ],
      "p2": [
        2.654868838069283,
        1.953752671982385
      ],
      "length": 5.671257527885179,
      "direction": [
        0.8944286590461096,
        0.44721065939328636
      ],
      "rmse": 0.011580136142397416
    },
    {
      "id": 1,
      "p1": [
        -4.821453114018822,
        -3.708935912281526
      ],
      "p2": [
        6.23310673733444,
        1.7298280451855002
      ],
      "length": 12.320042487434604,
      "direction": [
        0.8972826078008186,
        0.4414565909986644
      ],
      "rmse": 0.06472263990867919
    }
  ],
  "metadata": {
    "input_file": "/home/qzl/Main/MobiMind/test/test_online_road/extracted_lidar_data_code/extracted_lidar_data/laserscan_json/laserscan_000313.json",
    "num_walls": 2,
    "x_limit": 10.0,
    "y_limit": 5.0,
    "params": {
      "rdp_epsilon": 0.05,
      "wall_rmse_thresh": 0.07,
      "min_wall_length": 0.8,
      "gap_thresh": 2
    }
  }
}