{
  "walls": [
    {
      "id": 0,
      "p1": [
        -5.978619684374925,
        -0.971938941085013
      ],
      "p2": [
        5.060507559821325,
        -1.1800324200346646
      ],
      "length": 11.041088406925164,
      "direction": [
        0.9998223759589931,
        -0.01884718890747434
      ],
      "rmse": 0.019582444673003917
    },
    {
      "id": 1,
      "p1": [
        6.986421247785031,
        1.452590354796814
      ],
      "p2": [
        6.955103940741787,
        0.6092144303434355
      ],
      "length": 0.8439571811816234,
      "direction": [
        -0.03710769662433001,
        -0.9993112722516627
      ],
      "rmse": 0.002713847700629002
    },
    {
      "id": 2,
      "p1": [
        3.8226882255819037,
        1.2358069082792724
      ],
      "p2": [
        5.236401108139594,
        1.0845225656505268
      ],
      "length": 1.4217844656044691,
      "direction": [
        0.9943229207777561,
        -0.10640455447955396
      ],
      "rmse": 0.023642647978184512
    },
    {
      "id": 3,
      "p1": [
        -0.4162699214543024,
        1.2460702642827655
      ],
      "p2": [
        3.6077436808035657,
        1.240694207145584
      ],
      "length": 4.02401719344571,
      "direction": [
        0.9999991075605066,
        -0.0013359925861978616
      ],
      "rmse": 0.04365636867926077
    }
  ],
  "metadata": {
    "input_file": "/home/qzl/Main/MobiMind/test/test_online_road/extracted_lidar_data_code/extracted_lidar_data/laserscan_json/laserscan_000089.json",
    "num_walls": 4,
    "x_limit": 10.0,
    "y_limit": 5.0,
    "params": {
      "rdp_epsilon": 0.05,
      "wall_rmse_thresh": 0.07,
      "min_wall_length": 0.8,
      "gap_thresh": 2
    }
  }
}