{
  "walls": [
    {
      "id": 0,
      "p1": [
        -2.7044003703479293,
        -0.7192579903069612
      ],
      "p2": [
        4.182134180867759,
        -0.9402995365047052
      ],
      "length": 6.890081094604978,
      "direction": [
        0.9994852682649912,
        -0.032081124033591014
      ],
      "rmse": 0.005546266175833344
    },
    {
      "id": 1,
      "p1": [
        -1.5830961973229667,
        0.967911324310276
      ],
      "p2": [
        5.6325051415092515,
        0.7529241976773093
      ],
      "length": 7.21880337352218,
      "direction": [
        0.9995564313735263,
        -0.029781546263097043
      ],
      "rmse": 0.0027178974274662507
    },
    {
      "id": 2,
      "p1": [
        -3.864824310199679,
        2.3221569940029787
      ],
      "p2": [
        -3.8880029522329513,
        1.5119635072049433
      ],
      "length": 0.8105249752453436,
      "direction": [
        -0.028597073182394427,
        -0.9995910200694086
      ],
      "rmse": 0.002343393984239505
    }
  ],
  "metadata": {
    "input_file": "/home/qzl/Main/MobiMind/test/test_online_road/extracted_lidar_data_code/extracted_lidar_data/laserscan_json/laserscan_000243.json",
    "num_walls": 3,
    "x_limit": 10.0,
    "y_limit": 5.0,
    "params": {
      "rdp_epsilon": 0.05,
      "wall_rmse_thresh": 0.07,
      "min_wall_length": 0.8,
      "gap_thresh": 2
    }
  }
}