{
  "walls": [
    {
      "id": 0,
      "p1": [
        -3.7538698372631916,
        -0.6642051633678456
      ],
      "p2": [
        3.6561320808452127,
        -1.0049593293346106
      ],
      "length": 7.41783269075233,
      "direction": [
        0.9989443314539708,
        -0.04593715983797208
      ],
      "rmse": 0.05020747855540778
    },
    {
      "id": 1,
      "p1": [
        -2.0666747791498525,
        0.9703716483666196
      ],
      "p2": [
        5.8577414148897295,
        0.7082189477401524
      ],
      "length": 7.928751229216523,
      "direction": [
        0.9994532512044404,
        -0.03306355478277625
      ],
      "rmse": 0.003357782355264212
    }
  ],
  "metadata": {
    "input_file": "/home/qzl/Main/MobiMind/test/test_online_road/extracted_lidar_data_code/extracted_lidar_data/laserscan_json/laserscan_000252.json",
    "num_walls": 2,
    "x_limit": 10.0,
    "y_limit": 5.0,
    "params": {
      "rdp_epsilon": 0.05,
      "wall_rmse_thresh": 0.07,
      "min_wall_length": 0.8,
      "gap_thresh": 2
    }
  }
}