{
  "walls": [
    {
      "id": 0,
      "p1": [
        -5.7761843584466614,
        -0.9318434598000478
      ],
      "p2": [
        -4.278220436964565,
        -1.0726360182853574
      ],
      "length": 1.5045658691419461,
      "direction": [
        0.9956120580715334,
        -0.09357686584068467
      ],
      "rmse": 0.019175006018819968
    },
    {
      "id": 1,
      "p1": [
        -2.004320467596587,
        -1.0483081811781474
      ],
      "p2": [
        4.068718129994261,
        -1.2117043448825167
      ],
      "length": 6.0752363010949235,
      "direction": [
        0.999638252176339,
        -0.02689544169249141
      ],
      "rmse": 0.0036586497433682293
    },
    {
      "id": 2,
      "p1": [
        5.948095290316993,
        1.5380346526787179
      ],
      "p2": [
        5.914646197400427,
        0.5949712442027889
      ],
      "length": 0.9436564174651587,
      "direction": [
        -0.035446262323296375,
        -0.999371583789187
      ],
      "rmse": 0.002436575416828821
    },
    {
      "id": 3,
      "p1": [
        -1.9519351404966039,
        1.270044792661485
      ],
      "p2": [
        4.21333685707778,
        1.1961927291748404
      ],
      "length": 6.165714308282218,
      "direction": [
        0.9999282628594379,
        -0.011977860113850465
      ],
      "rmse": 0.056459578695552654
    }
  ],
  "metadata": {
    "input_file": "/home/qzl/Main/MobiMind/test/test_online_road/extracted_lidar_data_code/extracted_lidar_data/laserscan_json/laserscan_000109.json",
    "num_walls": 4,
    "x_limit": 10.0,
    "y_limit": 5.0,
    "params": {
      "rdp_epsilon": 0.05,
      "wall_rmse_thresh": 0.07,
      "min_wall_length": 0.8,
      "gap_thresh": 2
    }
  }
}