{
  "walls": [
    {
      "id": 0,
      "p1": [
        2.7694531648669787,
        4.722674239673396
      ],
      "p2": [
        -1.6007546359066878,
        -0.7402059229239277
      ],
      "length": 6.995839899028734,
      "direction": [
        -0.6246866514735469,
        -0.7808755262324254
      ],
      "rmse": 0.0031116216659523464
    },
    {
      "id": 1,
      "p1": [
        3.966963652055096,
        3.3389992682091076
      ],
      "p2": [
        0.049251681452797014,
        -1.5048918715858102
      ],
      "length": 6.229907580276312,
      "direction": [
        -0.6288555520473098,
        -0.777522150589469
      ],
      "rmse": 0.07811451560948636
    }
  ],
  "metadata": {
    "input_file": "/home/qzl/Main/MobiMind/test/test_online_road/extracted_lidar_data_code/extracted_lidar_data/laserscan_json/laserscan_000347.json",
    "num_walls": 2,
    "x_limit": 10.0,
    "y_limit": 5.0,
    "params": {
      "rdp_epsilon": 0.05,
      "wall_rmse_thresh": 0.07,
      "min_wall_length": 0.8,
      "gap_thresh": 2
    }
  }
}