{
  "walls": [
    {
      "id": 0,
      "p1": [
        -5.530039663957071,
        -0.09804351074539808
      ],
      "p2": [
        1.802988348660242,
        -1.636949393511434
      ],
      "length": 7.492765253886054,
      "direction": [
        0.9786811362876707,
        -0.20538557269845842
      ],
      "rmse": 0.02683755178253096
    },
    {
      "id": 1,
      "p1": [
        3.1436895033279635,
        4.989547941413498
      ],
      "p2": [
        2.1998960422811398,
        0.285339398586274
      ],
      "length": 4.7979499905192196,
      "direction": [
        -0.19670764866470516,
        -0.9804621874171399
      ],
      "rmse": 0.006239663185757838
    },
    {
      "id": 2,
      "p1": [
        -4.7721507210306084,
        3.755723876446058
      ],
      "p2": [
        -5.516559135318035,
        0.024611473391520144
      ],
      "length": 3.804647638282595,
      "direction": [
        -0.19565764955377193,
        -0.9806722613437648
      ],
      "rmse": 0.002664341761147232
    }
  ],
  "metadata": {
    "input_file": "/home/qzl/Main/MobiMind/test/test_online_road/extracted_lidar_data_code/extracted_lidar_data/laserscan_json/laserscan_000011.json",
    "num_walls": 3,
    "x_limit": 10.0,
    "y_limit": 5.0,
    "params": {
      "rdp_epsilon": 0.05,
      "wall_rmse_thresh": 0.07,
      "min_wall_length": 0.8,
      "gap_thresh": 2
    }
  }
}