{
  "walls": [
    {
      "id": 0,
      "p1": [
        2.7695357384111894,
        4.7226079848080245
      ],
      "p2": [
        -1.9048067486148268,
        -1.1206215386307226
      ],
      "length": 7.4828342858573835,
      "direction": [
        -0.6246753981784532,
        -0.7808845285370886
      ],
      "rmse": 0.003070631295097245
    },
    {
      "id": 1,
      "p1": [
        3.9761826688964534,
        3.3441639203380324
      ],
      "p2": [
        0.05498970550881621,
        -1.5001561279658049
      ],
      "length": 6.232430584171733,
      "direction": [
        -0.6291595085458667,
        -0.777276213970506
      ],
      "rmse": 0.07983489090144494
    }
  ],
  "metadata": {
    "input_file": "/home/qzl/Main/MobiMind/test/test_online_road/extracted_lidar_data_code/extracted_lidar_data/laserscan_json/laserscan_000341.json",
    "num_walls": 2,
    "x_limit": 10.0,
    "y_limit": 5.0,
    "params": {
      "rdp_epsilon": 0.05,
      "wall_rmse_thresh": 0.07,
      "min_wall_length": 0.8,
      "gap_thresh": 2
    }
  }
}