{
  "walls": [
    {
      "id": 0,
      "p1": [
        -5.908599660301032,
        -0.33548513876486774
      ],
      "p2": [
        0.07307114737518261,
        -1.2658317733883018
      ],
      "length": 6.053588234424354,
      "direction": [
        0.9881198680899445,
        -0.1536851531017573
      ],
      "rmse": 0.002900364054602964
    },
    {
      "id": 1,
      "p1": [
        2.6650698925985354,
        4.390138340226965
      ],
      "p2": [
        2.111162635914205,
        0.5227946107593944
      ],
      "length": 3.906809538595361,
      "direction": [
        -0.1417799488845637,
        -0.9898981998631428
      ],
      "rmse": 0.006292988907620883
    },
    {
      "id": 2,
      "p1": [
        1.7197181758905595,
        -2.0226926077218277
      ],
      "p2": [
        1.2442147834957873,
        -4.977277694501537
      ],
      "length": 2.9926036341620654,
      "direction": [
        -0.15889287407332797,
        -0.9872958293068584
      ],
      "rmse": 0.0033405328443611637
    },
    {
      "id": 3,
      "p1": [
        -2.9242333291962934,
        1.6505723633150131
      ],
      "p2": [
        0.4290422920381469,
        1.0114112456025595
      ],
      "length": 3.413646778206652,
      "direction": [
        0.9823147616323442,
        -0.1872370398110128
      ],
      "rmse": 0.03486277379786719
    }
  ],
  "metadata": {
    "input_file": "/home/qzl/Main/MobiMind/test/test_online_road/extracted_lidar_data_code/extracted_lidar_data/laserscan_json/laserscan_000175.json",
    "num_walls": 4,
    "x_limit": 10.0,
    "y_limit": 5.0,
    "params": {
      "rdp_epsilon": 0.05,
      "wall_rmse_thresh": 0.07,
      "min_wall_length": 0.8,
      "gap_thresh": 2
    }
  }
}