{
  "walls": [
    {
      "id": 0,
      "p1": [
        -3.738982134005361,
        -1.0318311589235214
      ],
      "p2": [
        2.3713220697129405,
        -1.234754340724671
      ],
      "length": 6.1136728142492105,
      "direction": [
        0.9994490037920959,
        -0.03319169801301621
      ],
      "rmse": 0.0036283108846587703
    },
    {
      "id": 1,
      "p1": [
        -3.4752724122123984,
        -3.5748430348777553
      ],
      "p2": [
        -3.5261875659757815,
        -4.988615130800596
      ],
      "length": 1.4146886201891962,
      "direction": [
        -0.0359903607314823,
        -0.9993521371030423
      ],
      "rmse": 0.0037785688236300226
    },
    {
      "id": 2,
      "p1": [
        4.254432159804105,
        1.8301009525534846
      ],
      "p2": [
        4.092184676585479,
        -2.108328471923749
      ],
      "length": 3.9417699802752133,
      "direction": [
        -0.04116107333262912,
        -0.9991525239121933
      ],
      "rmse": 0.0033778848983948653
    },
    {
      "id": 3,
      "p1": [
        -2.717741270738663,
        1.3075528986432345
      ],
      "p2": [
        2.471020941216689,
        1.1057845196150058
      ],
      "length": 5.192683677154952,
      "direction": [
        0.9992448095342219,
        -0.03885628156317333
      ],
      "rmse": 0.05707694733558404
    }
  ],
  "metadata": {
    "input_file": "/home/qzl/Main/MobiMind/test/test_online_road/extracted_lidar_data_code/extracted_lidar_data/laserscan_json/laserscan_000138.json",
    "num_walls": 4,
    "x_limit": 10.0,
    "y_limit": 5.0,
    "params": {
      "rdp_epsilon": 0.05,
      "wall_rmse_thresh": 0.07,
      "min_wall_length": 0.8,
      "gap_thresh": 2
    }
  }
}