{
  "walls": [
    {
      "id": 0,
      "p1": [
        -2.870025898345007,
        -1.0401875142683603
      ],
      "p2": [
        3.229544608356609,
        -1.2233652307901388
      ],
      "length": 6.102320414568079,
      "direction": [
        0.9995493668496988,
        -0.030017715242269913
      ],
      "rmse": 0.004393960154738813
    },
    {
      "id": 1,
      "p1": [
        5.102682133367101,
        1.659580471268946
      ],
      "p2": [
        4.974780087279605,
        -1.8617287793743913
      ],
      "length": 3.523631333164653,
      "direction": [
        -0.03629836211397774,
        -0.999340997310649
      ],
      "rmse": 0.0033575157283305184
    },
    {
      "id": 2,
      "p1": [
        -2.606790993913705,
        1.2894565551958725
      ],
      "p2": [
        3.298276045751695,
        1.158539382265182
      ],
      "length": 5.906518098601819,
      "direction": [
        0.9997543292142509,
        -0.022164864433675418
      ],
      "rmse": 0.061475071631456144
    }
  ],
  "metadata": {
    "input_file": "/home/qzl/Main/MobiMind/test/test_online_road/extracted_lidar_data_code/extracted_lidar_data/laserscan_json/laserscan_000124.json",
    "num_walls": 3,
    "x_limit": 10.0,
    "y_limit": 5.0,
    "params": {
      "rdp_epsilon": 0.05,
      "wall_rmse_thresh": 0.07,
      "min_wall_length": 0.8,
      "gap_thresh": 2
    }
  }
}