{
  "walls": [
    {
      "id": 0,
      "p1": [
        -6.551548900737593,
        -1.133432553145615
      ],
      "p2": [
        -1.9370630150086572,
        -1.190125008548438
      ],
      "length": 4.6148341274731814,
      "direction": [
        0.9999245386206219,
        -0.012284830578256968
      ],
      "rmse": 0.017109885860772427
    },
    {
      "id": 1,
      "p1": [
        0.08979970772530677,
        -1.078959535038202
      ],
      "p2": [
        5.441278937374299,
        -0.9710275416487358
      ],
      "length": 5.3525675390938865,
      "direction": [
        0.999796675251214,
        0.02016452713600498
      ],
      "rmse": 0.003025545589474949
    },
    {
      "id": 2,
      "p1": [
        7.205068878083986,
        1.7298214255400282
      ],
      "p2": [
        7.21610060846256,
        0.8850820596123964
      ],
      "length": 0.8448113963619116,
      "direction": [
        0.013058216811551887,
        -0.9999147378510341
      ],
      "rmse": 0.002703655338976255
    },
    {
      "id": 3,
      "p1": [
        0.08191776300473963,
        1.2503375330716424
      ],
      "p2": [
        5.515600525781351,
        1.4241577325172223
      ],
      "length": 5.436462252994217,
      "direction": [
        0.9994887318087218,
        0.03197303528589237
      ],
      "rmse": 0.047363857981218116
    }
  ],
  "metadata": {
    "input_file": "/home/qzl/Main/MobiMind/test/test_online_road/extracted_lidar_data_code/extracted_lidar_data/laserscan_json/laserscan_000083.json",
    "num_walls": 4,
    "x_limit": 10.0,
    "y_limit": 5.0,
    "params": {
      "rdp_epsilon": 0.05,
      "wall_rmse_thresh": 0.07,
      "min_wall_length": 0.8,
      "gap_thresh": 2
    }
  }
}