{
  "walls": [
    {
      "id": 0,
      "p1": [
        -2.5379308182718123,
        -0.7136477782273581
      ],
      "p2": [
        4.735091930347156,
        -0.9294972710825962
      ],
      "length": 7.276225045000662,
      "direction": [
        0.9995598959118003,
        -0.02966503805477096
      ],
      "rmse": 0.006257913250994793
    },
    {
      "id": 1,
      "p1": [
        -1.0314971389104348,
        0.96354686837663
      ],
      "p2": [
        5.53206646323795,
        0.7939521090729011
      ],
      "length": 6.56575430105562,
      "direction": [
        0.9996663446706426,
        -0.02583020191241278
      ],
      "rmse": 0.0025492833399643924
    },
    {
      "id": 2,
      "p1": [
        -3.305797041435437,
        3.054767612840196
      ],
      "p2": [
        -3.343413922920221,
        1.471580673151557
      ],
      "length": 1.5836337694597569,
      "direction": [
        -0.023753523200998362,
        -0.9997178452611216
      ],
      "rmse": 0.0023243401664562345
    }
  ],
  "metadata": {
    "input_file": "/home/qzl/Main/MobiMind/test/test_online_road/extracted_lidar_data_code/extracted_lidar_data/laserscan_json/laserscan_000233.json",
    "num_walls": 3,
    "x_limit": 10.0,
    "y_limit": 5.0,
    "params": {
      "rdp_epsilon": 0.05,
      "wall_rmse_thresh": 0.07,
      "min_wall_length": 0.8,
      "gap_thresh": 2
    }
  }
}