{
  "walls": [
    {
      "id": 0,
      "p1": [
        -2.635165193762956,
        -1.041916752098331
      ],
      "p2": [
        3.5375917824362695,
        -1.2236033844416685
      ],
      "length": 6.175430245706648,
      "direction": [
        0.9995671120217975,
        -0.029420886499279954
      ],
      "rmse": 0.0039056779661451827
    },
    {
      "id": 1,
      "p1": [
        5.333902752630584,
        1.6035424702755723
      ],
      "p2": [
        5.291667749666676,
        0.5762980137173488
      ],
      "length": 1.0281123328727075,
      "direction": [
        -0.041080144273588436,
        -0.9991558545814867
      ],
      "rmse": 0.0039258937795642055
    },
    {
      "id": 2,
      "p1": [
        -2.4683736857594853,
        1.3046595671791406
      ],
      "p2": [
        3.555263691728575,
        1.1790639652362693
      ],
      "length": 6.024946598161566,
      "direction": [
        0.9997827000358925,
        -0.020845927826326223
      ],
      "rmse": 0.06628011811664747
    }
  ],
  "metadata": {
    "input_file": "/home/qzl/Main/MobiMind/test/test_online_road/extracted_lidar_data_code/extracted_lidar_data/laserscan_json/laserscan_000120.json",
    "num_walls": 3,
    "x_limit": 10.0,
    "y_limit": 5.0,
    "params": {
      "rdp_epsilon": 0.05,
      "wall_rmse_thresh": 0.07,
      "min_wall_length": 0.8,
      "gap_thresh": 2
    }
  }
}