{
  "walls": [
    {
      "id": 0,
      "p1": [
        -2.7603292721617976,
        -0.721784380153269
      ],
      "p2": [
        3.999755800141932,
        -0.9417019190090355
      ],
      "length": 6.763661279860199,
      "direction": [
        0.9994712615822621,
        -0.032514570105747855
      ],
      "rmse": 0.005717778020999605
    },
    {
      "id": 1,
      "p1": [
        -1.7409681965788235,
        0.968669217432785
      ],
      "p2": [
        5.573202840290689,
        0.7460244497138024
      ],
      "length": 7.317558926935503,
      "direction": [
        0.9995370190924142,
        -0.030426098367205168
      ],
      "rmse": 0.003045993330951088
    },
    {
      "id": 2,
      "p1": [
        -4.039055258040257,
        2.2195556292981387
      ],
      "p2": [
        -4.060372244863427,
        1.4189748498562291
      ],
      "length": 0.8008645318273463,
      "direction": [
        -0.02661746896757935,
        -0.999645692404944
      ],
      "rmse": 0.0025829722537392824
    }
  ],
  "metadata": {
    "input_file": "/home/qzl/Main/MobiMind/test/test_online_road/extracted_lidar_data_code/extracted_lidar_data/laserscan_json/laserscan_000246.json",
    "num_walls": 3,
    "x_limit": 10.0,
    "y_limit": 5.0,
    "params": {
      "rdp_epsilon": 0.05,
      "wall_rmse_thresh": 0.07,
      "min_wall_length": 0.8,
      "gap_thresh": 2
    }
  }
}