{
  "walls": [
    {
      "id": 0,
      "p1": [
        2.771588106056636,
        4.727299152680231
      ],
      "p2": [
        -2.9073404601806936,
        -2.3752277992623227
      ],
      "length": 9.0937406364761,
      "direction": [
        -0.6244876331146698,
        -0.7810346958265284
      ],
      "rmse": 0.00309500377847819
    },
    {
      "id": 1,
      "p1": [
        3.9613516017923227,
        3.3308940844379418
      ],
      "p2": [
        0.05025211845804334,
        -1.5056984218244749
      ],
      "length": 6.220074456159783,
      "direction": [
        -0.6287866022981733,
        -0.7775779117029489
      ],
      "rmse": 0.07926685192282447
    }
  ],
  "metadata": {
    "input_file": "/home/qzl/Main/MobiMind/test/test_online_road/extracted_lidar_data_code/extracted_lidar_data/laserscan_json/laserscan_000337.json",
    "num_walls": 2,
    "x_limit": 10.0,
    "y_limit": 5.0,
    "params": {
      "rdp_epsilon": 0.05,
      "wall_rmse_thresh": 0.07,
      "min_wall_length": 0.8,
      "gap_thresh": 2
    }
  }
}