{
  "walls": [
    {
      "id": 0,
      "p1": [
        2.7725264761913815,
        4.726551623437737
      ],
      "p2": [
        -1.5900218158758317,
        -0.7272230548804355
      ],
      "length": 6.983944862503071,
      "direction": [
        -0.6246538851538552,
        -0.7809017375830293
      ],
      "rmse": 0.003178329438452892
    },
    {
      "id": 1,
      "p1": [
        3.96914940701758,
        3.3435759432292382
      ],
      "p2": [
        0.05179133865634644,
        -1.502242592575298
      ],
      "length": 6.231183797457885,
      "direction": [
        -0.6286699599449252,
        -0.7776722198078353
      ],
      "rmse": 0.07779879487920356
    }
  ],
  "metadata": {
    "input_file": "/home/qzl/Main/MobiMind/test/test_online_road/extracted_lidar_data_code/extracted_lidar_data/laserscan_json/laserscan_000344.json",
    "num_walls": 2,
    "x_limit": 10.0,
    "y_limit": 5.0,
    "params": {
      "rdp_epsilon": 0.05,
      "wall_rmse_thresh": 0.07,
      "min_wall_length": 0.8,
      "gap_thresh": 2
    }
  }
}