{
  "walls": [
    {
      "id": 0,
      "p1": [
        -1.2458596828133561,
        -1.0589775670922341
      ],
      "p2": [
        4.638470466132216,
        -1.205100205883089
      ],
      "length": 5.886144164676654,
      "direction": [
        0.9996918159517989,
        -0.02482484878090579
      ],
      "rmse": 0.0030824710182723496
    },
    {
      "id": 1,
      "p1": [
        6.464398297045383,
        1.4934313839192574
      ],
      "p2": [
        6.43406394722811,
        0.563375187184134
      ],
      "length": 0.9305507519013884,
      "direction": [
        -0.03259827554301653,
        -0.9994685349872809
      ],
      "rmse": 0.002978058048523278
    },
    {
      "id": 2,
      "p1": [
        -1.2156600042838064,
        1.2609827993125948
      ],
      "p2": [
        4.667333914952464,
        1.200788971699243
      ],
      "length": 5.8833018578561544,
      "direction": [
        0.9999476588770715,
        -0.0102313002235153
      ],
      "rmse": 0.05051702702407174
    }
  ],
  "metadata": {
    "input_file": "/home/qzl/Main/MobiMind/test/test_online_road/extracted_lidar_data_code/extracted_lidar_data/laserscan_json/laserscan_000099.json",
    "num_walls": 3,
    "x_limit": 10.0,
    "y_limit": 5.0,
    "params": {
      "rdp_epsilon": 0.05,
      "wall_rmse_thresh": 0.07,
      "min_wall_length": 0.8,
      "gap_thresh": 2
    }
  }
}