{
  "walls": [
    {
      "id": 0,
      "p1": [
        -5.973547524110772,
        -0.9436142133062404
      ],
      "p2": [
        -5.097981385740545,
        -0.9687479494724913
      ],
      "length": 0.8759268047926294,
      "direction": [
        0.9995882459341293,
        -0.028693877192371223
      ],
      "rmse": 0.0038667432186753796
    },
    {
      "id": 1,
      "p1": [
        -2.178999439331802,
        -1.0470331157652208
      ],
      "p2": [
        3.957852680694439,
        -1.2129347994583153
      ],
      "length": 6.139094176808397,
      "direction": [
        0.9996347902925543,
        -0.027023804964526166
      ],
      "rmse": 0.003671365154710435
    },
    {
      "id": 2,
      "p1": [
        5.785615568791308,
        1.5488265873078828
      ],
      "p2": [
        5.741477277668506,
        0.5716253934126566
      ],
      "length": 0.9781975066894705,
      "direction": [
        -0.04512206463512284,
        -0.9989814809500043
      ],
      "rmse": 0.008102658172267492
    },
    {
      "id": 3,
      "p1": [
        -2.1181592668079023,
        1.2671054433931885
      ],
      "p2": [
        4.083213557523986,
        1.1680201345202346
      ],
      "length": 6.202164364542148,
      "direction": [
        0.9998723767752776,
        -0.01597592437880667
      ],
      "rmse": 0.052884476362372014
    }
  ],
  "metadata": {
    "input_file": "/home/qzl/Main/MobiMind/test/test_online_road/extracted_lidar_data_code/extracted_lidar_data/laserscan_json/laserscan_000112.json",
    "num_walls": 4,
    "x_limit": 10.0,
    "y_limit": 5.0,
    "params": {
      "rdp_epsilon": 0.05,
      "wall_rmse_thresh": 0.07,
      "min_wall_length": 0.8,
      "gap_thresh": 2
    }
  }
}