{
  "walls": [
    {
      "id": 0,
      "p1": [
        -3.346171864989416,
        -0.03788230730881326
      ],
      "p2": [
        -0.5783392790006359,
        -1.1737714169348834
      ],
      "length": 2.991845800409581,
      "direction": [
        0.9251254144204553,
        -0.37966164882877057
      ],
      "rmse": 0.0027515037885476198
    },
    {
      "id": 1,
      "p1": [
        3.206890083590481,
        3.6048569631771374
      ],
      "p2": [
        1.8542751052777222,
        0.13587048768953502
      ],
      "length": 3.7233633245591173,
      "direction": [
        -0.36327773048351897,
        -0.9316808952279442
      ],
      "rmse": 0.005061239225368971
    },
    {
      "id": 2,
      "p1": [
        0.7451318665022942,
        -2.597382503892838
      ],
      "p2": [
        -0.236800109139075,
        -4.968137668110799
      ],
      "length": 2.566061272349726,
      "direction": [
        -0.3826611570896896,
        -0.9238887589167756
      ],
      "rmse": 0.002651245474281565
    },
    {
      "id": 3,
      "p1": [
        -3.0943903297655773,
        2.477862939086871
      ],
      "p2": [
        0.2973051114340993,
        0.9498402857007288
      ],
      "length": 3.7200068810576004,
      "direction": [
        0.9117443998469228,
        -0.4107580179932883
      ],
      "rmse": 0.027128754292154816
    }
  ],
  "metadata": {
    "input_file": "/home/qzl/Main/MobiMind/test/test_online_road/extracted_lidar_data_code/extracted_lidar_data/laserscan_json/laserscan_000182.json",
    "num_walls": 4,
    "x_limit": 10.0,
    "y_limit": 5.0,
    "params": {
      "rdp_epsilon": 0.05,
      "wall_rmse_thresh": 0.07,
      "min_wall_length": 0.8,
      "gap_thresh": 2
    }
  }
}