{
  "walls": [
    {
      "id": 0,
      "p1": [
        -2.6577071271150534,
        -0.7111276783709521
      ],
      "p2": [
        4.618784647113093,
        -0.9340583792594546
      ],
      "length": 7.27990594979142,
      "direction": [
        0.9995310137803844,
        -0.030622744637884614
      ],
      "rmse": 0.0058368067511378454
    },
    {
      "id": 1,
      "p1": [
        -1.1338024965204925,
        0.9640063358305248
      ],
      "p2": [
        5.49250735157902,
        0.7859898194689533
      ],
      "length": 6.62870063308927,
      "direction": [
        0.9996393282592292,
        -0.026855416500900228
      ],
      "rmse": 0.0023824742751147876
    },
    {
      "id": 2,
      "p1": [
        -3.417999144498839,
        2.8699004654366376
      ],
      "p2": [
        -3.447975195120024,
        1.6082365953632467
      ],
      "length": 1.2620199224494872,
      "direction": [
        -0.023752438521710304,
        -0.9997178710327592
      ],
      "rmse": 0.002169400371409489
    }
  ],
  "metadata": {
    "input_file": "/home/qzl/Main/MobiMind/test/test_online_road/extracted_lidar_data_code/extracted_lidar_data/laserscan_json/laserscan_000235.json",
    "num_walls": 3,
    "x_limit": 10.0,
    "y_limit": 5.0,
    "params": {
      "rdp_epsilon": 0.05,
      "wall_rmse_thresh": 0.07,
      "min_wall_length": 0.8,
      "gap_thresh": 2
    }
  }
}