{
  "walls": [
    {
      "id": 0,
      "p1": [
        2.771618936651661,
        4.724762204488267
      ],
      "p2": [
        -1.6494274055678506,
        -0.8007578925013812
      ],
      "length": 7.0765120717970245,
      "direction": [
        -0.6247493535459199,
        -0.7808253615514514
      ],
      "rmse": 0.0031278236494940636
    },
    {
      "id": 1,
      "p1": [
        3.969859842397729,
        3.3429813530231334
      ],
      "p2": [
        0.048934027532735236,
        -1.5046356325309018
      ],
      "length": 6.234825553638747,
      "direction": [
        -0.6288749831296813,
        -0.777506434437454
      ],
      "rmse": 0.07754343932031733
    }
  ],
  "metadata": {
    "input_file": "/home/qzl/Main/MobiMind/test/test_online_road/extracted_lidar_data_code/extracted_lidar_data/laserscan_json/laserscan_000353.json",
    "num_walls": 2,
    "x_limit": 10.0,
    "y_limit": 5.0,
    "params": {
      "rdp_epsilon": 0.05,
      "wall_rmse_thresh": 0.07,
      "min_wall_length": 0.8,
      "gap_thresh": 2
    }
  }
}