{
  "walls": [
    {
      "id": 0,
      "p1": [
        -3.064685070246638,
        -0.6942815066766419
      ],
      "p2": [
        3.7816661882540537,
        -0.9990671000101351
      ],
      "length": 6.85313211697233,
      "direction": [
        0.9990105460740072,
        -0.04447391180134445
      ],
      "rmse": 0.04945618870446134
    },
    {
      "id": 1,
      "p1": [
        -1.9467832597431132,
        0.9685075982462357
      ],
      "p2": [
        5.899530343273035,
        0.716557320877909
      ],
      "length": 7.850357705171289,
      "direction": [
        0.9994848512239992,
        -0.03209411428502254
      ],
      "rmse": 0.003415516203914293
    }
  ],
  "metadata": {
    "input_file": "/home/qzl/Main/MobiMind/test/test_online_road/extracted_lidar_data_code/extracted_lidar_data/laserscan_json/laserscan_000250.json",
    "num_walls": 2,
    "x_limit": 10.0,
    "y_limit": 5.0,
    "params": {
      "rdp_epsilon": 0.05,
      "wall_rmse_thresh": 0.07,
      "min_wall_length": 0.8,
      "gap_thresh": 2
    }
  }
}