{
  "walls": [
    {
      "id": 0,
      "p1": [
        -6.050630845406258,
        -0.9157620177186077
      ],
      "p2": [
        -3.9792839415594736,
        -1.0693126452350998
      ],
      "length": 2.0770305224734584,
      "direction": [
        0.9972635844455588,
        -0.07392795910070735
      ],
      "rmse": 0.018500394701529425
    },
    {
      "id": 1,
      "p1": [
        -1.7887588019375245,
        -1.0509811924090133
      ],
      "p2": [
        4.289926804673932,
        -1.2115447010902343
      ],
      "length": 6.080805813734337,
      "direction": [
        0.9996513279335165,
        -0.02640497223548985
      ],
      "rmse": 0.00345866390642746
    },
    {
      "id": 2,
      "p1": [
        6.100729319713512,
        1.5225305893769545
      ],
      "p2": [
        6.069061349802597,
        0.6111166831745154
      ],
      "length": 0.9119639075848709,
      "direction": [
        -0.03472502546153199,
        -0.9993969044402209
      ],
      "rmse": 0.0027125300877342533
    },
    {
      "id": 3,
      "p1": [
        -1.7783547071139465,
        1.268460696796411
      ],
      "p2": [
        4.420491106357011,
        1.196983927791386
      ],
      "length": 6.199257886851766,
      "direction": [
        0.9999335285941434,
        -0.01152989120787361
      ],
      "rmse": 0.055363159935774335
    }
  ],
  "metadata": {
    "input_file": "/home/qzl/Main/MobiMind/test/test_online_road/extracted_lidar_data_code/extracted_lidar_data/laserscan_json/laserscan_000106.json",
    "num_walls": 4,
    "x_limit": 10.0,
    "y_limit": 5.0,
    "params": {
      "rdp_epsilon": 0.05,
      "wall_rmse_thresh": 0.07,
      "min_wall_length": 0.8,
      "gap_thresh": 2
    }
  }
}