{
  "walls": [
    {
      "id": 0,
      "p1": [
        -6.045580801251459,
        -0.9149244899380384
      ],
      "p2": [
        -4.18080214197369,
        -1.0654532130758245
      ],
      "length": 1.8708442865688444,
      "direction": [
        0.9967578128567481,
        -0.08046031634931378
      ],
      "rmse": 0.019563275759230128
    },
    {
      "id": 1,
      "p1": [
        -1.94275565312476,
        -1.0494305807823023
      ],
      "p2": [
        4.203209545634006,
        -1.2141621092081563
      ],
      "length": 6.148172468369068,
      "direction": [
        0.9996409876873488,
        -0.026793576346986862
      ],
      "rmse": 0.0036636156152990546
    },
    {
      "id": 2,
      "p1": [
        6.000424768070808,
        1.5244570185475284
      ],
      "p2": [
        5.969373257688725,
        0.6011378467795118
      ],
      "length": 0.923841160184685,
      "direction": [
        -0.03361130865379914,
        -0.9994349803406818
      ],
      "rmse": 0.0019317386933181706
    },
    {
      "id": 3,
      "p1": [
        -1.8987050762212172,
        1.2678678158323071
      ],
      "p2": [
        4.30479790065867,
        1.1986442815910712
      ],
      "length": 6.20388919000416,
      "direction": [
        0.9999377466104491,
        -0.011158086826035064
      ],
      "rmse": 0.05650299361946956
    }
  ],
  "metadata": {
    "input_file": "/home/qzl/Main/MobiMind/test/test_online_road/extracted_lidar_data_code/extracted_lidar_data/laserscan_json/laserscan_000108.json",
    "num_walls": 4,
    "x_limit": 10.0,
    "y_limit": 5.0,
    "params": {
      "rdp_epsilon": 0.05,
      "wall_rmse_thresh": 0.07,
      "min_wall_length": 0.8,
      "gap_thresh": 2
    }
  }
}