{
  "walls": [
    {
      "id": 0,
      "p1": [
        -6.055006818328819,
        -0.9134872654671266
      ],
      "p2": [
        -4.577427978779972,
        -1.0497887061226543
      ],
      "length": 1.4838521859697782,
      "direction": [
        0.9957722565079427,
        -0.09185648135586434
      ],
      "rmse": 0.01983586887262289
    },
    {
      "id": 1,
      "p1": [
        -2.120787912084667,
        -1.0475279730488447
      ],
      "p2": [
        3.9408646233907985,
        -1.2128122976082738
      ],
      "length": 6.063905537587241,
      "direction": [
        0.9996284569236985,
        -0.027257074427486642
      ],
      "rmse": 0.0038011455256521166
    },
    {
      "id": 2,
      "p1": [
        5.84000375148807,
        1.5641444610899744
      ],
      "p2": [
        5.800348973159054,
        0.5799654982501153
      ],
      "length": 0.9849775288507165,
      "direction": [
        -0.04025957665780079,
        -0.9991892545886062
      ],
      "rmse": 0.005655793360678222
    },
    {
      "id": 3,
      "p1": [
        -2.059462185441159,
        1.2658981336988648
      ],
      "p2": [
        4.030698870033126,
        1.1780246956406408
      ],
      "length": 6.0907949746097865,
      "direction": [
        0.9998959217730635,
        -0.014427252669716705
      ],
      "rmse": 0.0502253226379529
    }
  ],
  "metadata": {
    "input_file": "/home/qzl/Main/MobiMind/test/test_online_road/extracted_lidar_data_code/extracted_lidar_data/laserscan_json/laserscan_000111.json",
    "num_walls": 4,
    "x_limit": 10.0,
    "y_limit": 5.0,
    "params": {
      "rdp_epsilon": 0.05,
      "wall_rmse_thresh": 0.07,
      "min_wall_length": 0.8,
      "gap_thresh": 2
    }
  }
}