{
  "walls": [
    {
      "id": 0,
      "p1": [
        -2.61963586423646,
        -0.49701858360352547
      ],
      "p2": [
        5.593363371755321,
        -2.8541451230758974
      ],
      "length": 8.544553936484137,
      "direction": [
        0.9611969562173546,
        -0.2758630300647282
      ],
      "rmse": 0.07242248107051377
    },
    {
      "id": 1,
      "p1": [
        -3.528722493102417,
        1.5975631392544294
      ],
      "p2": [
        4.093238569865949,
        -0.5713086941072129
      ],
      "length": 7.924537555905413,
      "direction": [
        0.9618177728592896,
        -0.2736906498402821
      ],
      "rmse": 0.01264654981227909
    }
  ],
  "metadata": {
    "input_file": "/home/qzl/Main/MobiMind/test/test_online_road/extracted_lidar_data_code/extracted_lidar_data/laserscan_json/laserscan_000295.json",
    "num_walls": 2,
    "x_limit": 10.0,
    "y_limit": 5.0,
    "params": {
      "rdp_epsilon": 0.05,
      "wall_rmse_thresh": 0.07,
      "min_wall_length": 0.8,
      "gap_thresh": 2
    }
  }
}