{
  "walls": [
    {
      "id": 0,
      "p1": [
        -6.139133426790549,
        -2.1776683381078112
      ],
      "p2": [
        6.110869015868686,
        -0.25186803045619444
      ],
      "length": 12.400454292892187,
      "direction": [
        0.9878672307730337,
        0.15530078674242925
      ],
      "rmse": 0.02811201780803386
    },
    {
      "id": 1,
      "p1": [
        1.1442109646086944,
        1.3483195253315405
      ],
      "p2": [
        5.9856217477435205,
        2.1151363930834264
      ],
      "length": 4.901761569040561,
      "direction": [
        0.9876879393131337,
        0.1564369986076681
      ],
      "rmse": 0.05740755229591405
    },
    {
      "id": 2,
      "p1": [
        -9.030156113740412,
        4.2617781187602795
      ],
      "p2": [
        -8.015455758396817,
        4.433963423694054
      ],
      "length": 1.0292058056431457,
      "direction": [
        0.9859061713206134,
        0.16729919709887808
      ],
      "rmse": 0.006737204529619358
    }
  ],
  "metadata": {
    "input_file": "/home/qzl/Main/MobiMind/test/test_online_road/extracted_lidar_data_code/extracted_lidar_data/laserscan_json/laserscan_000068.json",
    "num_walls": 3,
    "x_limit": 10.0,
    "y_limit": 5.0,
    "params": {
      "rdp_epsilon": 0.05,
      "wall_rmse_thresh": 0.07,
      "min_wall_length": 0.8,
      "gap_thresh": 2
    }
  }
}