{
  "walls": [
    {
      "id": 0,
      "p1": [
        -6.2622138879648,
        -2.219276735073959
      ],
      "p2": [
        6.296446350657542,
        -0.2641194300783023
      ],
      "length": 12.709940482804459,
      "direction": [
        0.988097486026835,
        0.1538289898083216
      ],
      "rmse": 0.028455882679303643
    },
    {
      "id": 1,
      "p1": [
        1.5847338233277466,
        1.3779822388106568
      ],
      "p2": [
        4.490101882270148,
        1.8749635938888927
      ],
      "length": 2.947567475939802,
      "direction": [
        0.9856833075596171,
        0.1686072869016447
      ],
      "rmse": 0.061681451195806605
    },
    {
      "id": 2,
      "p1": [
        -8.849703317411532,
        4.266439809202771
      ],
      "p2": [
        -7.80253331312049,
        4.447737921696672
      ],
      "length": 1.0627483349696443,
      "direction": [
        0.9853414678084678,
        0.17059364529505341
      ],
      "rmse": 0.007082007849812102
    }
  ],
  "metadata": {
    "input_file": "/home/qzl/Main/MobiMind/test/test_online_road/extracted_lidar_data_code/extracted_lidar_data/laserscan_json/laserscan_000064.json",
    "num_walls": 3,
    "x_limit": 10.0,
    "y_limit": 5.0,
    "params": {
      "rdp_epsilon": 0.05,
      "wall_rmse_thresh": 0.07,
      "min_wall_length": 0.8,
      "gap_thresh": 2
    }
  }
}