{
  "walls": [
    {
      "id": 0,
      "p1": [
        -6.05642445441797,
        -0.1461191146534967
      ],
      "p2": [
        -0.015759881979437118,
        -1.2646815325830842
      ],
      "length": 6.143354975867705,
      "direction": [
        0.983284312262827,
        -0.1820768004327277
      ],
      "rmse": 0.00423549196619265
    },
    {
      "id": 1,
      "p1": [
        2.7112347630608404,
        4.244482624706092
      ],
      "p2": [
        2.0719122099735823,
        0.48376479923391913
      ],
      "length": 3.8146732349848995,
      "direction": [
        -0.16759562712300036,
        -0.9858558240266413
      ],
      "rmse": 0.0061327400026533925
    },
    {
      "id": 2,
      "p1": [
        1.6019685246618596,
        -2.101101430947967
      ],
      "p2": [
        1.0606083228048289,
        -4.971948456297319
      ],
      "length": 2.921443737454464,
      "direction": [
        -0.18530570858372633,
        -0.9826809219498885
      ],
      "rmse": 0.0028602566210763573
    },
    {
      "id": 3,
      "p1": [
        -2.2041486878921503,
        1.5595506208223402
      ],
      "p2": [
        0.40087973473395505,
        1.012511202657629
      ],
      "length": 2.6618462028666947,
      "direction": [
        0.978654747151806,
        -0.20551127919224857
      ],
      "rmse": 0.033708879467161924
    }
  ],
  "metadata": {
    "input_file": "/home/qzl/Main/MobiMind/test/test_online_road/extracted_lidar_data_code/extracted_lidar_data/laserscan_json/laserscan_000176.json",
    "num_walls": 4,
    "x_limit": 10.0,
    "y_limit": 5.0,
    "params": {
      "rdp_epsilon": 0.05,
      "wall_rmse_thresh": 0.07,
      "min_wall_length": 0.8,
      "gap_thresh": 2
    }
  }
}