{
  "walls": [
    {
      "id": 0,
      "p1": [
        -6.065081382458076,
        -0.9161328454949995
      ],
      "p2": [
        -4.427372310718528,
        -1.0587820841030184
      ],
      "length": 1.6439099150906835,
      "direction": [
        0.9962279907823104,
        -0.08677436476195675
      ],
      "rmse": 0.0197988011672179
    },
    {
      "id": 1,
      "p1": [
        -2.066516502098565,
        -1.0484765858098464
      ],
      "p2": [
        4.111901191983344,
        -1.2131066476094094
      ],
      "length": 6.180610670459073,
      "direction": [
        0.9996451845132678,
        -0.026636536513498014
      ],
      "rmse": 0.003955633915768572
    },
    {
      "id": 2,
      "p1": [
        5.894488796195418,
        1.5517055000783864
      ],
      "p2": [
        5.8574784158674875,
        0.5868007764131776
      ],
      "length": 0.9656142573530337,
      "direction": [
        -0.03832832836307431,
        -0.9992651996556733
      ],
      "rmse": 0.0044651554283587445
    },
    {
      "id": 3,
      "p1": [
        -2.0023133533237214,
        1.2697269706981995
      ],
      "p2": [
        4.217808304360776,
        1.206474234614256
      ],
      "length": 6.220443259528845,
      "direction": [
        0.9999482992068008,
        -0.010168525528624645
      ],
      "rmse": 0.05890783956834772
    }
  ],
  "metadata": {
    "input_file": "/home/qzl/Main/MobiMind/test/test_online_road/extracted_lidar_data_code/extracted_lidar_data/laserscan_json/laserscan_000110.json",
    "num_walls": 4,
    "x_limit": 10.0,
    "y_limit": 5.0,
    "params": {
      "rdp_epsilon": 0.05,
      "wall_rmse_thresh": 0.07,
      "min_wall_length": 0.8,
      "gap_thresh": 2
    }
  }
}