{
  "walls": [
    {
      "id": 0,
      "p1": [
        -2.671938367094858,
        -1.4949448671077545
      ],
      "p2": [
        6.503432586045386,
        -1.1503997776453445
      ],
      "length": 9.181837694405317,
      "direction": [
        0.9992957029421038,
        0.03752463296884498
      ],
      "rmse": 0.027614285117784326
    },
    {
      "id": 1,
      "p1": [
        1.1186600028414935,
        4.997778707542325
      ],
      "p2": [
        1.1963838242432938,
        0.593194424965332
      ],
      "length": 4.405269991128533,
      "direction": [
        0.017643372950635287,
        -0.9998443435800018
      ],
      "rmse": 0.005047290479409136
    },
    {
      "id": 2,
      "p1": [
        -6.414392177271278,
        2.3318326713372493
      ],
      "p2": [
        -6.363809971198312,
        0.9516487115024105
      ],
      "length": 1.381110539586381,
      "direction": [
        0.036624299520633445,
        -0.9993291052914565
      ],
      "rmse": 0.003421659600868415
    }
  ],
  "metadata": {
    "input_file": "/home/qzl/Main/MobiMind/test/test_online_road/extracted_lidar_data_code/extracted_lidar_data/laserscan_json/laserscan_000040.json",
    "num_walls": 3,
    "x_limit": 10.0,
    "y_limit": 5.0,
    "params": {
      "rdp_epsilon": 0.05,
      "wall_rmse_thresh": 0.07,
      "min_wall_length": 0.8,
      "gap_thresh": 2
    }
  }
}