{
  "walls": [
    {
      "id": 0,
      "p1": [
        -2.3989609869638393,
        -1.0432059220172918
      ],
      "p2": [
        3.670217566701906,
        -1.2181804912653955
      ],
      "length": 6.071700290376641,
      "direction": [
        0.9995846737163621,
        -0.028818051102630207
      ],
      "rmse": 0.003787492915777759
    },
    {
      "id": 1,
      "p1": [
        5.557855849858635,
        1.5938706977515757
      ],
      "p2": [
        5.517405265819368,
        0.577501619036456
      ],
      "length": 1.0171737088213297,
      "direction": [
        -0.039767626402868114,
        -0.9992089550680988
      ],
      "rmse": 0.003255657525027903
    },
    {
      "id": 2,
      "p1": [
        -2.342012859805579,
        1.2888158805134065
      ],
      "p2": [
        3.7817906236415677,
        1.1946155738518192
      ],
      "length": 6.1245279656194365,
      "direction": [
        0.9998817080789768,
        -0.015380827255634161
      ],
      "rmse": 0.06256536172332665
    }
  ],
  "metadata": {
    "input_file": "/home/qzl/Main/MobiMind/test/test_online_road/extracted_lidar_data_code/extracted_lidar_data/laserscan_json/laserscan_000116.json",
    "num_walls": 3,
    "x_limit": 10.0,
    "y_limit": 5.0,
    "params": {
      "rdp_epsilon": 0.05,
      "wall_rmse_thresh": 0.07,
      "min_wall_length": 0.8,
      "gap_thresh": 2
    }
  }
}