{
  "walls": [
    {
      "id": 0,
      "p1": [
        -1.249362969482561,
        -1.180507127806936
      ],
      "p2": [
        1.3593320887765692,
        -1.5757137924032643
      ],
      "length": 2.6384613347038,
      "direction": [
        0.9887183200088013,
        -0.14978679406734596
      ],
      "rmse": 0.017431272409743424
    },
    {
      "id": 1,
      "p1": [
        4.762870411915513,
        -2.151965845423158
      ],
      "p2": [
        5.999410704891145,
        -2.3737513844548817
      ],
      "length": 1.2562725506337604,
      "direction": [
        0.9842930121736636,
        -0.17654253364018538
      ],
      "rmse": 0.006042831053601534
    },
    {
      "id": 2,
      "p1": [
        2.569458352509918,
        4.96775825796149
      ],
      "p2": [
        1.7135614338880458,
        0.3142313380549191
      ],
      "length": 4.731582433985649,
      "direction": [
        -0.18089020545713108,
        -0.9835032961651308
      ],
      "rmse": 0.0058347209990477315
    },
    {
      "id": 3,
      "p1": [
        -5.339738833239766,
        3.6305311262150335
      ],
      "p2": [
        -5.9338120667349,
        0.2596515528286978
      ],
      "length": 3.422828085812755,
      "direction": [
        -0.17356210087117974,
        -0.9848229267940418
      ],
      "rmse": 0.002679282579445302
    }
  ],
  "metadata": {
    "input_file": "/home/qzl/Main/MobiMind/test/test_online_road/extracted_lidar_data_code/extracted_lidar_data/laserscan_json/laserscan_000029.json",
    "num_walls": 4,
    "x_limit": 10.0,
    "y_limit": 5.0,
    "params": {
      "rdp_epsilon": 0.05,
      "wall_rmse_thresh": 0.07,
      "min_wall_length": 0.8,
      "gap_thresh": 2
    }
  }
}