{
  "walls": [
    {
      "id": 0,
      "p1": [
        -6.129404702921536,
        -2.3201197873143093
      ],
      "p2": [
        6.784707735129137,
        -0.307106134232618
      ],
      "length": 13.070062128012566,
      "direction": [
        0.9880681753118398,
        0.1540171449350086
      ],
      "rmse": 0.03169125440699468
    },
    {
      "id": 1,
      "p1": [
        0.0618635860932491,
        4.926053222485336
      ],
      "p2": [
        0.7030575680499751,
        0.6910918651710061
      ],
      "length": 4.283226286392439,
      "direction": [
        0.1496988342626494,
        -0.9887316415582157
      ],
      "rmse": 0.005949960029964837
    },
    {
      "id": 2,
      "p1": [
        -8.144705952180392,
        4.25035780493777
      ],
      "p2": [
        -7.093526527689123,
        4.430595168478238
      ],
      "length": 1.0665194277132568,
      "direction": [
        0.9856167615662375,
        0.1689958559186663
      ],
      "rmse": 0.006211800346881442
    }
  ],
  "metadata": {
    "input_file": "/home/qzl/Main/MobiMind/test/test_online_road/extracted_lidar_data_code/extracted_lidar_data/laserscan_json/laserscan_000049.json",
    "num_walls": 3,
    "x_limit": 10.0,
    "y_limit": 5.0,
    "params": {
      "rdp_epsilon": 0.05,
      "wall_rmse_thresh": 0.07,
      "min_wall_length": 0.8,
      "gap_thresh": 2
    }
  }
}