{
  "walls": [
    {
      "id": 0,
      "p1": [
        -1.2865551615199196,
        -1.2060313325167384
      ],
      "p2": [
        1.2988882623949214,
        -1.548377539349919
      ],
      "length": 2.608010472294458,
      "direction": [
        0.9913470253965856,
        -0.13126719024699748
      ],
      "rmse": 0.018045355019915884
    },
    {
      "id": 1,
      "p1": [
        4.689338944801209,
        -2.0677127009919043
      ],
      "p2": [
        6.264685893385765,
        -2.3196207647958427
      ],
      "length": 1.5953606742752944,
      "direction": [
        0.9874550463634784,
        -0.15790038444950258
      ],
      "rmse": 0.005430162870151858
    },
    {
      "id": 2,
      "p1": [
        2.4169475483955836,
        4.9375016783979175
      ],
      "p2": [
        1.6535543128024142,
        0.3701099221824742
      ],
      "length": 4.630749041666391,
      "direction": [
        -0.16485307856754342,
        -0.9863181345209076
      ],
      "rmse": 0.005826923455834331
    },
    {
      "id": 3,
      "p1": [
        -5.478574600564928,
        3.487288794571184
      ],
      "p2": [
        -5.908843659768308,
        0.6994281555433808
      ],
      "length": 2.8208683779907693,
      "direction": [
        -0.15253071095412776,
        -0.9882987312618732
      ],
      "rmse": 0.0026847623236970126
    }
  ],
  "metadata": {
    "input_file": "/home/qzl/Main/MobiMind/test/test_online_road/extracted_lidar_data_code/extracted_lidar_data/laserscan_json/laserscan_000031.json",
    "num_walls": 4,
    "x_limit": 10.0,
    "y_limit": 5.0,
    "params": {
      "rdp_epsilon": 0.05,
      "wall_rmse_thresh": 0.07,
      "min_wall_length": 0.8,
      "gap_thresh": 2
    }
  }
}