{
  "walls": [
    {
      "id": 0,
      "p1": [
        -5.726570697672095,
        -0.12375859770720288
      ],
      "p2": [
        1.6042576294777176,
        -1.6458091796662235
      ],
      "length": 7.487167818086083,
      "direction": [
        0.9791190080492191,
        -0.20328789456018564
      ],
      "rmse": 0.02716722813742232
    },
    {
      "id": 1,
      "p1": [
        2.9449620361711077,
        4.939406924593322
      ],
      "p2": [
        1.9979707817122851,
        0.27690751444832573
      ],
      "length": 4.757698307545775,
      "direction": [
        -0.19904399002264062,
        -0.9799905560942243
      ],
      "rmse": 0.007011293076545154
    },
    {
      "id": 2,
      "p1": [
        -4.978850584536536,
        3.7491001971861495
      ],
      "p2": [
        -5.719394539844205,
        0.02666115824424109
      ],
      "length": 3.795386376692297,
      "direction": [
        -0.1951168818686432,
        -0.9807799969452159
      ],
      "rmse": 0.002611556074568184
    }
  ],
  "metadata": {
    "input_file": "/home/qzl/Main/MobiMind/test/test_online_road/extracted_lidar_data_code/extracted_lidar_data/laserscan_json/laserscan_000020.json",
    "num_walls": 3,
    "x_limit": 10.0,
    "y_limit": 5.0,
    "params": {
      "rdp_epsilon": 0.05,
      "wall_rmse_thresh": 0.07,
      "min_wall_length": 0.8,
      "gap_thresh": 2
    }
  }
}