{
  "walls": [
    {
      "id": 0,
      "p1": [
        -3.1969734564653938,
        -1.0363947051143128
      ],
      "p2": [
        2.9366310146917662,
        -1.2302879448171344
      ],
      "length": 6.136668346668374,
      "direction": [
        0.9995007265597118,
        -0.031595847901393165
      ],
      "rmse": 0.003481036564277529
    },
    {
      "id": 1,
      "p1": [
        4.785102240588908,
        1.6959693953654253
      ],
      "p2": [
        4.646329659688981,
        -1.9258595838095274
      ],
      "length": 3.6244865820693977,
      "direction": [
        -0.03828751404027994,
        -0.9992667643160237
      ],
      "rmse": 0.002691658101925485
    },
    {
      "id": 2,
      "p1": [
        -2.9274831641072403,
        1.3189992493753404
      ],
      "p2": [
        3.0725003352733506,
        1.1417448016321348
      ],
      "length": 6.002601197154789,
      "direction": [
        0.9995639060976699,
        -0.02952960590269536
      ],
      "rmse": 0.06392724953277618
    }
  ],
  "metadata": {
    "input_file": "/home/qzl/Main/MobiMind/test/test_online_road/extracted_lidar_data_code/extracted_lidar_data/laserscan_json/laserscan_000129.json",
    "num_walls": 3,
    "x_limit": 10.0,
    "y_limit": 5.0,
    "params": {
      "rdp_epsilon": 0.05,
      "wall_rmse_thresh": 0.07,
      "min_wall_length": 0.8,
      "gap_thresh": 2
    }
  }
}