{
  "walls": [
    {
      "id": 0,
      "p1": [
        -2.979718224905274,
        -0.728527558202934
      ],
      "p2": [
        5.157848684224034,
        -1.0260180084146862
      ],
      "length": 8.143002871700556,
      "direction": [
        0.9993324375951925,
        -0.036533261119841384
      ],
      "rmse": 0.00798662911111804
    },
    {
      "id": 1,
      "p1": [
        -2.460455868548708,
        0.968702606229277
      ],
      "p2": [
        5.709226648086769,
        0.6965041703017496
      ],
      "length": 8.17421582851473,
      "direction": [
        0.999445413238098,
        -0.033299638966923895
      ],
      "rmse": 0.0037011962665067437
    }
  ],
  "metadata": {
    "input_file": "/home/qzl/Main/MobiMind/test/test_online_road/extracted_lidar_data_code/extracted_lidar_data/laserscan_json/laserscan_000259.json",
    "num_walls": 2,
    "x_limit": 10.0,
    "y_limit": 5.0,
    "params": {
      "rdp_epsilon": 0.05,
      "wall_rmse_thresh": 0.07,
      "min_wall_length": 0.8,
      "gap_thresh": 2
    }
  }
}