{
  "walls": [
    {
      "id": 0,
      "p1": [
        -6.172358008151692,
        -2.188208146928375
      ],
      "p2": [
        6.340415383640036,
        -0.22267349674927406
      ],
      "length": 12.666207973003829,
      "direction": [
        0.9878863049184384,
        0.15517940763063306
      ],
      "rmse": 0.027802801295053144
    },
    {
      "id": 1,
      "p1": [
        1.254109719426584,
        1.3604507490143887
      ],
      "p2": [
        5.931007028323162,
        2.104903012483466
      ],
      "length": 4.735776347184091,
      "direction": [
        0.9875671835036723,
        0.15719751290851958
      ],
      "rmse": 0.059525800951958543
    },
    {
      "id": 2,
      "p1": [
        -9.021401216994091,
        4.259069430783268
      ],
      "p2": [
        -7.952783438532732,
        4.444092242483216
      ],
      "length": 1.084517126325373,
      "direction": [
        0.9853396986740509,
        0.17060386342322537
      ],
      "rmse": 0.007610842091801483
    }
  ],
  "metadata": {
    "input_file": "/home/qzl/Main/MobiMind/test/test_online_road/extracted_lidar_data_code/extracted_lidar_data/laserscan_json/laserscan_000067.json",
    "num_walls": 3,
    "x_limit": 10.0,
    "y_limit": 5.0,
    "params": {
      "rdp_epsilon": 0.05,
      "wall_rmse_thresh": 0.07,
      "min_wall_length": 0.8,
      "gap_thresh": 2
    }
  }
}