{
  "walls": [
    {
      "id": 0,
      "p1": [
        -6.204878034291601,
        -2.200163801027127
      ],
      "p2": [
        6.365689344482585,
        -0.2280134306546513
      ],
      "length": 12.724328717369023,
      "direction": [
        0.9879159567453237,
        0.1549905236005472
      ],
      "rmse": 0.028114050506663314
    },
    {
      "id": 1,
      "p1": [
        1.3799623102488399,
        1.3730276304275157
      ],
      "p2": [
        5.8938631157687595,
        2.088176018776114
      ],
      "length": 4.570201056784152,
      "direction": [
        0.9876810121547778,
        0.15648072797285228
      ],
      "rmse": 0.05959222057191532
    },
    {
      "id": 2,
      "p1": [
        -8.943096664840983,
        4.267543206567098
      ],
      "p2": [
        -7.925090289695954,
        4.438928320121369
      ],
      "length": 1.0323322318827068,
      "direction": [
        0.9861228233544838,
        0.16601740046567923
      ],
      "rmse": 0.00660186793759339
    }
  ],
  "metadata": {
    "input_file": "/home/qzl/Main/MobiMind/test/test_online_road/extracted_lidar_data_code/extracted_lidar_data/laserscan_json/laserscan_000066.json",
    "num_walls": 3,
    "x_limit": 10.0,
    "y_limit": 5.0,
    "params": {
      "rdp_epsilon": 0.05,
      "wall_rmse_thresh": 0.07,
      "min_wall_length": 0.8,
      "gap_thresh": 2
    }
  }
}