{
  "walls": [
    {
      "id": 0,
      "p1": [
        -5.189566783154099,
        -1.0074029214532512
      ],
      "p2": [
        0.9190716364104908,
        -1.2442652514999393
      ],
      "length": 6.113228860788357,
      "direction": [
        0.9992490971081877,
        -0.03874586334657617
      ],
      "rmse": 0.002355775150823247
    },
    {
      "id": 1,
      "p1": [
        2.828840839092285,
        1.9637206421231124
      ],
      "p2": [
        2.760158228319052,
        0.6290447151854195
      ],
      "length": 1.3364419669292105,
      "direction": [
        -0.05139213858344972,
        -0.9986785509310889
      ],
      "rmse": 0.003578435411004656
    },
    {
      "id": 2,
      "p1": [
        2.6576224125302734,
        -1.5640612028855632
      ],
      "p2": [
        2.574773737608575,
        -3.4771891492488445
      ],
      "length": 1.9149210015278613,
      "direction": [
        -0.0432648004045665,
        -0.99906364013708
      ],
      "rmse": 0.003569906347996601
    },
    {
      "id": 3,
      "p1": [
        -2.727430520620306,
        1.3209102767596355
      ],
      "p2": [
        1.0315991303376988,
        1.0685560810260215
      ],
      "length": 3.7674907507365982,
      "direction": [
        0.9977541816709973,
        -0.06698203457673327
      ],
      "rmse": 0.04121121168317895
    }
  ],
  "metadata": {
    "input_file": "/home/qzl/Main/MobiMind/test/test_online_road/extracted_lidar_data_code/extracted_lidar_data/laserscan_json/laserscan_000162.json",
    "num_walls": 4,
    "x_limit": 10.0,
    "y_limit": 5.0,
    "params": {
      "rdp_epsilon": 0.05,
      "wall_rmse_thresh": 0.07,
      "min_wall_length": 0.8,
      "gap_thresh": 2
    }
  }
}