{
  "walls": [
    {
      "id": 0,
      "p1": [
        -3.359624927222597,
        -1.0328992233843206
      ],
      "p2": [
        2.742361403182615,
        -1.232523717882313
      ],
      "length": 6.105250782339383,
      "direction": [
        0.9994653042018002,
        -0.032697181756275284
      ],
      "rmse": 0.0038674935176690986
    },
    {
      "id": 1,
      "p1": [
        4.596125408939984,
        1.7404342500439165
      ],
      "p2": [
        4.549585799213095,
        0.619516612561727
      ],
      "length": 1.1218833652800921,
      "direction": [
        -0.041483465364710606,
        -0.9991391905532155
      ],
      "rmse": 0.0025856823938826745
    },
    {
      "id": 2,
      "p1": [
        -3.0390637578478623,
        1.3217742717597432
      ],
      "p2": [
        2.816592283730965,
        1.1318428354523884
      ],
      "length": 5.858735497338687,
      "direction": [
        0.9994743821824498,
        -0.03241850334316006
      ],
      "rmse": 0.06258367936804672
    }
  ],
  "metadata": {
    "input_file": "/home/qzl/Main/MobiMind/test/test_online_road/extracted_lidar_data_code/extracted_lidar_data/laserscan_json/laserscan_000132.json",
    "num_walls": 3,
    "x_limit": 10.0,
    "y_limit": 5.0,
    "params": {
      "rdp_epsilon": 0.05,
      "wall_rmse_thresh": 0.07,
      "min_wall_length": 0.8,
      "gap_thresh": 2
    }
  }
}