{
  "walls": [
    {
      "id": 0,
      "p1": [
        -0.9407084903663556,
        -0.9766914401370335
      ],
      "p2": [
        3.7449999803655274,
        -0.14224713705271108
      ],
      "length": 4.759428659790837,
      "direction": [
        0.9845107061512549,
        0.1753244691181398
      ],
      "rmse": 0.0064377519635894775
    },
    {
      "id": 1,
      "p1": [
        -5.476017159622801,
        0.030427379957728873
      ],
      "p2": [
        -2.361486021583585,
        0.5485092110056621
      ],
      "length": 3.157326874664363,
      "direction": [
        0.9864455793374861,
        0.16408875343402304
      ],
      "rmse": 0.003054694509784426
    },
    {
      "id": 2,
      "p1": [
        -0.04101989522416005,
        0.9296044896150863
      ],
      "p2": [
        5.201140183820953,
        1.9309352806182882
      ],
      "length": 5.336937853052569,
      "direction": [
        0.9822411696327908,
        0.18762271897722574
      ],
      "rmse": 0.003473105145952989
    },
    {
      "id": 3,
      "p1": [
        -0.20440464348579457,
        1.838403225545592
      ],
      "p2": [
        -0.048879225995333786,
        0.925234511561696
      ],
      "length": 0.9263181179727538,
      "direction": [
        0.1678963354734683,
        -0.9858046563759885
      ],
      "rmse": 0.0031822476339943445
    }
  ],
  "metadata": {
    "input_file": "/home/qzl/Main/MobiMind/test/test_online_road/extracted_lidar_data_code/extracted_lidar_data/laserscan_json/laserscan_000209.json",
    "num_walls": 4,
    "x_limit": 10.0,
    "y_limit": 5.0,
    "params": {
      "rdp_epsilon": 0.05,
      "wall_rmse_thresh": 0.07,
      "min_wall_length": 0.8,
      "gap_thresh": 2
    }
  }
}