{
  "walls": [
    {
      "id": 0,
      "p1": [
        -1.1542135345506457,
        -1.1690894410347887
      ],
      "p2": [
        1.398454251178429,
        -1.592213575275092
      ],
      "length": 2.5874981849801526,
      "direction": [
        0.9865389666915273,
        -0.16352635016172026
      ],
      "rmse": 0.017428339868338385
    },
    {
      "id": 1,
      "p1": [
        4.753293609682373,
        -2.21527965695447
      ],
      "p2": [
        5.986103349072506,
        -2.453944106416012
      ],
      "length": 1.2556992366693338,
      "direction": [
        0.9817715129451325,
        -0.190064979329243
      ],
      "rmse": 0.005417362762314384
    },
    {
      "id": 2,
      "p1": [
        2.7245366696452002,
        4.956957622473468
      ],
      "p2": [
        1.7849178690999623,
        0.2807504243715637
      ],
      "length": 4.769674753053727,
      "direction": [
        -0.19699850601819727,
        -0.9804037885609165
      ],
      "rmse": 0.006204309513959213
    },
    {
      "id": 3,
      "p1": [
        -5.231929959700755,
        3.693890827817892
      ],
      "p2": [
        -5.921889509550865,
        0.02642557804921486
      ],
      "length": 3.7318019157895015,
      "direction": [
        -0.1848864343335466,
        -0.9827598925462042
      ],
      "rmse": 0.0024110693629686548
    }
  ],
  "metadata": {
    "input_file": "/home/qzl/Main/MobiMind/test/test_online_road/extracted_lidar_data_code/extracted_lidar_data/laserscan_json/laserscan_000027.json",
    "num_walls": 4,
    "x_limit": 10.0,
    "y_limit": 5.0,
    "params": {
      "rdp_epsilon": 0.05,
      "wall_rmse_thresh": 0.07,
      "min_wall_length": 0.8,
      "gap_thresh": 2
    }
  }
}