{
  "walls": [
    {
      "id": 0,
      "p1": [
        -5.55781639649152,
        -0.9878725996251909
      ],
      "p2": [
        0.5199456777617582,
        -1.2475939879392095
      ],
      "length": 6.083308888325438,
      "direction": [
        0.9990881912820698,
        -0.042694098406246266
      ],
      "rmse": 0.0023911163423691096
    },
    {
      "id": 1,
      "p1": [
        2.527337029788622,
        4.148734024667652
      ],
      "p2": [
        2.372503063990108,
        0.6907414744852215
      ],
      "length": 3.4614572125164407,
      "direction": [
        -0.04473086226184969,
        -0.9989990740532804
      ],
      "rmse": 0.004241118254421188
    },
    {
      "id": 2,
      "p1": [
        2.25198225351862,
        -1.6800049925002052
      ],
      "p2": [
        2.0843616768587006,
        -4.931862460598177
      ],
      "length": 3.25617469594989,
      "direction": [
        -0.05147775912276528,
        -0.9986741412060787
      ],
      "rmse": 0.003729748911515971
    },
    {
      "id": 3,
      "p1": [
        -3.1330323068646777,
        1.3424358600649147
      ],
      "p2": [
        0.6410272272878402,
        1.0496187178656482
      ],
      "length": 3.785401860581419,
      "direction": [
        0.9970036664929063,
        -0.07735430820388471
      ],
      "rmse": 0.03649425278795334
    }
  ],
  "metadata": {
    "input_file": "/home/qzl/Main/MobiMind/test/test_online_road/extracted_lidar_data_code/extracted_lidar_data/laserscan_json/laserscan_000169.json",
    "num_walls": 4,
    "x_limit": 10.0,
    "y_limit": 5.0,
    "params": {
      "rdp_epsilon": 0.05,
      "wall_rmse_thresh": 0.07,
      "min_wall_length": 0.8,
      "gap_thresh": 2
    }
  }
}