{
  "walls": [
    {
      "id": 0,
      "p1": [
        2.771763441709509,
        4.727158866468849
      ],
      "p2": [
        -2.646598183789891,
        -2.0495739965097917
      ],
      "length": 8.676563317400454,
      "direction": [
        -0.624482462385505,
        -0.7810388301300624
      ],
      "rmse": 0.0030925628480281426
    },
    {
      "id": 1,
      "p1": [
        3.931308826286081,
        3.374337645922254
      ],
      "p2": [
        -0.4178206423351025,
        -2.153122762475145
      ],
      "length": 7.033331053009656,
      "direction": [
        -0.6183598405702492,
        -0.7858950995953187
      ],
      "rmse": 0.08535530149037937
    }
  ],
  "metadata": {
    "input_file": "/home/qzl/Main/MobiMind/test/test_online_road/extracted_lidar_data_code/extracted_lidar_data/laserscan_json/laserscan_000338.json",
    "num_walls": 2,
    "x_limit": 10.0,
    "y_limit": 5.0,
    "params": {
      "rdp_epsilon": 0.05,
      "wall_rmse_thresh": 0.07,
      "min_wall_length": 0.8,
      "gap_thresh": 2
    }
  }
}