{
  "walls": [
    {
      "id": 0,
      "p1": [
        -5.136070504672921,
        -1.0060948197795065
      ],
      "p2": [
        0.9782181530971882,
        -1.2458266663521353
      ],
      "length": 6.118986611261487,
      "direction": [
        0.9992322334079233,
        -0.039178357757995816
      ],
      "rmse": 0.0023446149283597993
    },
    {
      "id": 1,
      "p1": [
        2.8858570158818537,
        1.9661331264603485
      ],
      "p2": [
        2.8213842438857832,
        0.6787862025091248
      ],
      "length": 1.2889603721354412,
      "direction": [
        -0.05001920415070094,
        -0.9987482561757645
      ],
      "rmse": 0.002130291513180179
    },
    {
      "id": 2,
      "p1": [
        2.7131518291380448,
        -1.5679798976939119
      ],
      "p2": [
        2.6386683148417296,
        -3.3417220762751625
      ],
      "length": 1.775305356827408,
      "direction": [
        -0.041955325606265054,
        -0.9991194876746585
      ],
      "rmse": 0.003681640855423291
    },
    {
      "id": 3,
      "p1": [
        -1.5210259455032522,
        1.2072700206187181
      ],
      "p2": [
        1.102482005364742,
        1.0865760892030631
      ],
      "length": 2.626282732941781,
      "direction": [
        0.9989434564521156,
        -0.045956183582847324
      ],
      "rmse": 0.03858142803192009
    }
  ],
  "metadata": {
    "input_file": "/home/qzl/Main/MobiMind/test/test_online_road/extracted_lidar_data_code/extracted_lidar_data/laserscan_json/laserscan_000161.json",
    "num_walls": 4,
    "x_limit": 10.0,
    "y_limit": 5.0,
    "params": {
      "rdp_epsilon": 0.05,
      "wall_rmse_thresh": 0.07,
      "min_wall_length": 0.8,
      "gap_thresh": 2
    }
  }
}