{
  "walls": [
    {
      "id": 0,
      "p1": [
        -2.700373985260623,
        -1.5973653344902783
      ],
      "p2": [
        6.466517742820136,
        -0.5172079731808443
      ],
      "length": 9.230311147493698,
      "direction": [
        0.9931292219288484,
        0.11702285481477495
      ],
      "rmse": 0.06470607858366664
    },
    {
      "id": 1,
      "p1": [
        -3.328906943477827,
        0.04977124463894944
      ],
      "p2": [
        3.6357777662624695,
        0.9650693488387687
      ],
      "length": 7.024571426474505,
      "direction": [
        0.991474680360503,
        0.1302994942508933
      ],
      "rmse": 0.00884131189464746
    }
  ],
  "metadata": {
    "input_file": "/home/qzl/Main/MobiMind/test/test_online_road/extracted_lidar_data_code/extracted_lidar_data/laserscan_json/laserscan_000305.json",
    "num_walls": 2,
    "x_limit": 10.0,
    "y_limit": 5.0,
    "params": {
      "rdp_epsilon": 0.05,
      "wall_rmse_thresh": 0.07,
      "min_wall_length": 0.8,
      "gap_thresh": 2
    }
  }
}