{
  "walls": [
    {
      "id": 0,
      "p1": [
        -3.622199716363915,
        -1.0315632212933141
      ],
      "p2": [
        2.484074276693112,
        -1.2340284759119777
      ],
      "length": 6.109629633423977,
      "direction": [
        0.9994507620634319,
        -0.033138711634962854
      ],
      "rmse": 0.0038485822042156072
    },
    {
      "id": 1,
      "p1": [
        -3.3698260019387836,
        -3.7266701503477058
      ],
      "p2": [
        -3.4072596546145504,
        -4.9560501895929425
      ],
      "length": 1.2299498198086254,
      "direction": [
        -0.030435105622076377,
        -0.9995367448692284
      ],
      "rmse": 0.00491921602179062
    },
    {
      "id": 2,
      "p1": [
        4.362386843116663,
        1.8078830137258084
      ],
      "p2": [
        4.204188134127871,
        -2.0796089631310997
      ],
      "length": 3.8907095370449527,
      "direction": [
        -0.04066063207298376,
        -0.9991730145462422
      ],
      "rmse": 0.0027741601312297345
    },
    {
      "id": 3,
      "p1": [
        -2.5640939859392007,
        1.332390050103763
      ],
      "p2": [
        2.567770247083792,
        1.1046381253006015
      ],
      "length": 5.136915557553211,
      "direction": [
        0.9990166619484483,
        -0.04433631860427456
      ],
      "rmse": 0.06185067759819709
    }
  ],
  "metadata": {
    "input_file": "/home/qzl/test_road/test_online_road/extracted_lidar_data_code/extracted_lidar_data/laserscan_json/laserscan_000136.json",
    "num_walls": 4,
    "num_points": 1385,
    "x_limit": 10.0,
    "y_limit": 5.0,
    "params": {
      "rdp_epsilon": 0.05,
      "wall_rmse_thresh": 0.07,
      "min_wall_length": 0.8,
      "gap_thresh": 2
    }
  }
}