{
  "walls": [
    {
      "id": 0,
      "p1": [
        -8.296439080519587,
        -0.036222922329131824
      ],
      "p2": [
        -8.264114008875442,
        -1.3086752362081113
      ],
      "length": 1.2728628368181578,
      "direction": [
        0.025395565577919575,
        -0.9996774806141118
      ],
      "rmse": 0.0019672222141013237
    },
    {
      "id": 1,
      "p1": [
        0.2644500390552942,
        -1.1689924481131495
      ],
      "p2": [
        5.516345386290467,
        -1.03419097495065
      ],
      "length": 5.25362505090316,
      "direction": [
        0.9996707599692631,
        0.025658754070999157
      ],
      "rmse": 0.0027510958693999317
    },
    {
      "id": 2,
      "p1": [
        7.326495883581192,
        1.6233319928820604
      ],
      "p2": [
        7.338928514556987,
        0.3196583877320712
      ],
      "length": 1.3037328863988014,
      "direction": [
        0.009536179615844789,
        -0.9999545296043886
      ],
      "rmse": 0.005362242798803173
    },
    {
      "id": 3,
      "p1": [
        0.23051073830602387,
        1.1629590584098655
      ],
      "p2": [
        5.655348125650136,
        1.3431017354188037
      ],
      "length": 5.427827563879165,
      "direction": [
        0.9994491025174828,
        0.03318872511860225
      ],
      "rmse": 0.04515940207274215
    }
  ],
  "metadata": {
    "input_file": "/home/qzl/test_road/test_online_road/extracted_lidar_data_code/extracted_lidar_data/laserscan_json2/laserscan_000067.json",
    "num_walls": 4,
    "x_limit": 10.0,
    "y_limit": 5.0,
    "params": {
      "rdp_epsilon": 0.05,
      "wall_rmse_thresh": 0.07,
      "min_wall_length": 0.8,
      "gap_thresh": 2
    }
  }
}