{
  "walls": [
    {
      "id": 0,
      "p1": [
        -2.499212256921774,
        0.001795970162189242
      ],
      "p2": [
        -1.9627138931601444,
        -4.108995305122552
      ],
      "length": 4.145652590760116,
      "direction": [
        0.12941228238874808,
        -0.9915908738814284
      ],
      "rmse": 0.008940754412216817
    },
    {
      "id": 1,
      "p1": [
        -0.5670065259520739,
        -1.199445717913864
      ],
      "p2": [
        6.456901346624976,
        -0.278208253890171
      ],
      "length": 7.0840638243575045,
      "direction": [
        0.9915082707780467,
        0.13004364258481596
      ],
      "rmse": 0.004665568757812403
    },
    {
      "id": 2,
      "p1": [
        -0.2578427470072552,
        1.2776372405373855
      ],
      "p2": [
        1.3362620689609435,
        1.3885625253730958
      ],
      "length": 1.5979595060917182,
      "direction": [
        0.9975877422985885,
        0.0694168309101273
      ],
      "rmse": 0.020494282457384418
    }
  ],
  "metadata": {
    "input_file": "/home/qzl/test_road/test_online_road/extracted_lidar_data_code/extracted_lidar_data/laserscan_json2/laserscan_000587.json",
    "num_walls": 3,
    "x_limit": 10.0,
    "y_limit": 5.0,
    "params": {
      "rdp_epsilon": 0.05,
      "wall_rmse_thresh": 0.07,
      "min_wall_length": 0.8,
      "gap_thresh": 2
    }
  }
}