{
  "walls": [
    {
      "id": 0,
      "p1": [
        -1.4786960420085011,
        -1.7122582917414453
      ],
      "p2": [
        -0.41825703822954446,
        -1.6747855274755732
      ],
      "length": 1.06110088530612,
      "direction": [
        0.9993762312920578,
        0.03531498727854129
      ],
      "rmse": 0.0017344138213148794
    },
    {
      "id": 1,
      "p1": [
        6.914711256200765,
        -1.407307838498427
      ],
      "p2": [
        6.949661460480272,
        -2.5567269261916135
      ],
      "length": 1.149950327593595,
      "direction": [
        0.030392794750195316,
        -0.9995380323055608
      ],
      "rmse": 0.004474191385458926
    },
    {
      "id": 2,
      "p1": [
        -5.88797240544454,
        1.7175474717334258
      ],
      "p2": [
        -4.2012349854355815,
        1.7791859780302044
      ],
      "length": 1.687863273347985,
      "direction": [
        0.9993329712432926,
        0.0365186607647746
      ],
      "rmse": 0.005575577516542671
    },
    {
      "id": 3,
      "p1": [
        -0.8058959537400185,
        1.9207606127607502
      ],
      "p2": [
        7.0137781996884865,
        2.207283637485218
      ],
      "length": 7.824921680725952,
      "direction": [
        0.9993293827696458,
        0.03661672747855532
      ],
      "rmse": 0.003425414106010075
    }
  ],
  "metadata": {
    "input_file": "/home/qzl/test_road/test_online_road/extracted_lidar_data_code/extracted_lidar_data/laserscan_json2/laserscan_000882.json",
    "num_walls": 4,
    "x_limit": 10.0,
    "y_limit": 5.0,
    "params": {
      "rdp_epsilon": 0.05,
      "wall_rmse_thresh": 0.07,
      "min_wall_length": 0.8,
      "gap_thresh": 2
    }
  }
}