{
  "walls": [
    {
      "id": 0,
      "p1": [
        -2.472473284346257,
        -1.007220977329703
      ],
      "p2": [
        4.917531672500022,
        -0.7708717272323256
      ],
      "length": 7.393783485485234,
      "direction": [
        0.9994889587105489,
        0.03196594146435571
      ],
      "rmse": 0.0053804296909055705
    },
    {
      "id": 1,
      "p1": [
        -0.9949158425478071,
        0.7596307420670338
      ],
      "p2": [
        5.0956694984594675,
        0.980611547071495
      ],
      "length": 6.094592875022344,
      "direction": [
        0.9993424443431513,
        0.03625850151695818
      ],
      "rmse": 0.0035517978168836378
    }
  ],
  "metadata": {
    "input_file": "/home/qzl/test_road/test_online_road/extracted_lidar_data_code/extracted_lidar_data/laserscan_json2/laserscan_000165.json",
    "num_walls": 2,
    "x_limit": 10.0,
    "y_limit": 5.0,
    "params": {
      "rdp_epsilon": 0.05,
      "wall_rmse_thresh": 0.07,
      "min_wall_length": 0.8,
      "gap_thresh": 2
    }
  }
}