{
  "walls": [
    {
      "id": 0,
      "p1": [
        -2.1622716794420165,
        0.5402184266001566
      ],
      "p2": [
        -0.5328171769300785,
        -4.980414880952588
      ],
      "length": 5.756084962213221,
      "direction": [
        0.2830838170748233,
        -0.9590951738531207
      ],
      "rmse": 0.0076550794304287425
    },
    {
      "id": 1,
      "p1": [
        0.17469986744988142,
        -1.2474199575886633
      ],
      "p2": [
        6.5432421908353255,
        0.6684191537439479
      ],
      "length": 6.650471473907952,
      "direction": [
        0.957607644565505,
        0.28807568288160923
      ],
      "rmse": 0.0052261069978318635
    },
    {
      "id": 2,
      "p1": [
        -0.49336439972034585,
        1.0091879482740433
      ],
      "p2": [
        2.21147903243498,
        1.8293721211168634
      ],
      "length": 2.8264606966762624,
      "direction": [
        0.956971889024795,
        0.2901806396269667
      ],
      "rmse": 0.02957568353475736
    }
  ],
  "metadata": {
    "input_file": "/home/qzl/test_road/test_online_road/extracted_lidar_data_code/extracted_lidar_data/laserscan_json2/laserscan_000581.json",
    "num_walls": 3,
    "x_limit": 10.0,
    "y_limit": 5.0,
    "params": {
      "rdp_epsilon": 0.05,
      "wall_rmse_thresh": 0.07,
      "min_wall_length": 0.8,
      "gap_thresh": 2
    }
  }
}