{
  "walls": [
    {
      "id": 0,
      "p1": [
        -1.7814938034210193,
        -0.8808220724795801
      ],
      "p2": [
        5.237268419339228,
        -0.5763536843614134
      ],
      "length": 7.025362918669016,
      "direction": [
        0.9990604476961257,
        0.04333845690857846
      ],
      "rmse": 0.009777817264022005
    },
    {
      "id": 1,
      "p1": [
        -4.165123812578846,
        0.7398931071044503
      ],
      "p2": [
        4.917870452733954,
        1.1663871771476637
      ],
      "length": 9.093001815434068,
      "direction": [
        0.9988994228381914,
        0.04690355052155321
      ],
      "rmse": 0.002605652731075981
    }
  ],
  "metadata": {
    "input_file": "/home/qzl/test_road/test_online_road/extracted_lidar_data_code/extracted_lidar_data/laserscan_json2/laserscan_000415.json",
    "num_walls": 2,
    "x_limit": 10.0,
    "y_limit": 5.0,
    "params": {
      "rdp_epsilon": 0.05,
      "wall_rmse_thresh": 0.07,
      "min_wall_length": 0.8,
      "gap_thresh": 2
    }
  }
}