{
  "walls": [
    {
      "id": 0,
      "p1": [
        -1.8519777298310465,
        -0.8784849862666018
      ],
      "p2": [
        5.100012998246907,
        -0.7917425867856694
      ],
      "length": 6.9525318645188205,
      "direction": [
        0.9999221669949361,
        0.012476375681717063
      ],
      "rmse": 0.005924271105600787
    },
    {
      "id": 1,
      "p1": [
        -3.3387444122385244,
        -2.904886701526465
      ],
      "p2": [
        -2.300631120012274,
        -2.8943259608379037
      ],
      "length": 1.0381670081160908,
      "direction": [
        0.99994825891166,
        0.01017248728382825
      ],
      "rmse": 0.0031412697468459795
    },
    {
      "id": 2,
      "p1": [
        -3.866454056380171,
        0.8061204865532172
      ],
      "p2": [
        3.6891801540544975,
        0.9405144701993913
      ],
      "length": 7.55682936586046,
      "direction": [
        0.9998418443271,
        0.017784440687941463
      ],
      "rmse": 0.0028554737661272435
    }
  ],
  "metadata": {
    "input_file": "/home/qzl/test_road/test_online_road/extracted_lidar_data_code/extracted_lidar_data/laserscan_json2/laserscan_000216.json",
    "num_walls": 3,
    "x_limit": 10.0,
    "y_limit": 5.0,
    "params": {
      "rdp_epsilon": 0.05,
      "wall_rmse_thresh": 0.07,
      "min_wall_length": 0.8,
      "gap_thresh": 2
    }
  }
}