{
  "walls": [
    {
      "id": 0,
      "p1": [
        -4.717537020580001,
        5.0001343219166
      ],
      "p2": [
        -4.426345490404399,
        -4.5717755736843735
      ],
      "length": 9.576338107896456,
      "direction": [
        0.03040739862089872,
        -0.9995375881411912
      ],
      "rmse": 0.013876521134187572
    },
    {
      "id": 1,
      "p1": [
        2.6337917814374068,
        -1.7248765087132092
      ],
      "p2": [
        3.7947591655061856,
        -1.75054796172025
      ],
      "length": 1.161251174540201,
      "direction": [
        0.9997556166324694,
        -0.02210671865815748
      ],
      "rmse": 0.009337819288128489
    },
    {
      "id": 2,
      "p1": [
        6.2544215244387305,
        1.7566215217661445
      ],
      "p2": [
        7.906588435389056,
        1.705298659649435
      ],
      "length": 1.6529638646428393,
      "direction": [
        0.9995178638134729,
        -0.031048992185771476
      ],
      "rmse": 0.009157717343467845
    },
    {
      "id": 3,
      "p1": [
        2.6860687908135965,
        1.205863495124799
      ],
      "p2": [
        3.5904452913379346,
        1.1881377286468806
      ],
      "length": 0.9045501962289753,
      "direction": [
        0.9998079756034925,
        -0.01959622202482356
      ],
      "rmse": 0.00264659755166966
    }
  ],
  "metadata": {
    "input_file": "/home/qzl/test_road/test_online_road/extracted_lidar_data_code/extracted_lidar_data/laserscan_json2/laserscan_000757.json",
    "num_walls": 4,
    "x_limit": 10.0,
    "y_limit": 5.0,
    "params": {
      "rdp_epsilon": 0.05,
      "wall_rmse_thresh": 0.07,
      "min_wall_length": 0.8,
      "gap_thresh": 2
    }
  }
}