{
  "walls": [
    {
      "id": 0,
      "p1": [
        -3.193308208697432,
        -0.32137081806626155
      ],
      "p2": [
        -3.1323455781796614,
        -2.4405996006503203
      ],
      "length": 2.1201054396544428,
      "direction": [
        0.028754527665211718,
        -0.9995865030785231
      ],
      "rmse": 0.005947617548861196
    },
    {
      "id": 1,
      "p1": [
        -1.4134310696884567,
        -1.1088237650305521
      ],
      "p2": [
        5.854159445984431,
        -0.8601847544009413
      ],
      "length": 7.271842494244866,
      "direction": [
        0.9994152818102688,
        0.034192023661973145
      ],
      "rmse": 0.002657054744138413
    },
    {
      "id": 2,
      "p1": [
        1.074056566240236,
        1.3139475112792534
      ],
      "p2": [
        3.2703439978303006,
        1.3845482154240343
      ],
      "length": 2.1974218852068947,
      "direction": [
        0.9994837342675691,
        0.03212888003892029
      ],
      "rmse": 0.006680508317727312
    },
    {
      "id": 3,
      "p1": [
        -1.5047679367992233,
        1.1934302347243733
      ],
      "p2": [
        -0.34582971711990096,
        1.341429940328799
      ],
      "length": 1.1683499946045595,
      "direction": [
        0.991944387409715,
        0.12667411844716092
      ],
      "rmse": 0.014959561248970507
    }
  ],
  "metadata": {
    "input_file": "/home/qzl/test_road/test_online_road/extracted_lidar_data_code/extracted_lidar_data/laserscan_json2/laserscan_000595.json",
    "num_walls": 4,
    "x_limit": 10.0,
    "y_limit": 5.0,
    "params": {
      "rdp_epsilon": 0.05,
      "wall_rmse_thresh": 0.07,
      "min_wall_length": 0.8,
      "gap_thresh": 2
    }
  }
}