{
  "walls": [
    {
      "id": 0,
      "p1": [
        -1.2629886508818167,
        -1.0418235664072066
      ],
      "p2": [
        5.3872413649686886,
        -1.536021383487303
      ],
      "length": 6.6685673683427495,
      "direction": [
        0.9972501811129709,
        -0.07410854382692075
      ],
      "rmse": 0.011993957028600673
    },
    {
      "id": 1,
      "p1": [
        -0.6487400098022101,
        -1.1057796410730751
      ],
      "p2": [
        -0.8056994168123343,
        -4.115043094409625
      ],
      "length": 3.013354075948591,
      "direction": [
        -0.05208794023336172,
        -0.9986425018394949
      ],
      "rmse": 0.010615506463493032
    },
    {
      "id": 2,
      "p1": [
        9.51146203445119,
        2.1954188543983926
      ],
      "p2": [
        9.284373079970672,
        -1.7197112238534111
      ],
      "length": 3.9217104588277585,
      "direction": [
        -0.05790558912097041,
        -0.9983220636380593
      ],
      "rmse": 0.00346992915869503
    },
    {
      "id": 3,
      "p1": [
        -1.8476793627803256,
        1.2793473655428549
      ],
      "p2": [
        2.4559879604317705,
        1.1286216711420074
      ],
      "length": 4.306305918514869,
      "direction": [
        0.9993872717458991,
        -0.03500115812781785
      ],
      "rmse": 0.03176644370762535
    }
  ],
  "metadata": {
    "input_file": "/home/qzl/test_road/test_online_road/extracted_lidar_data_code/extracted_lidar_data/laserscan_json2/laserscan_000617.json",
    "num_walls": 4,
    "x_limit": 10.0,
    "y_limit": 5.0,
    "params": {
      "rdp_epsilon": 0.05,
      "wall_rmse_thresh": 0.07,
      "min_wall_length": 0.8,
      "gap_thresh": 2
    }
  }
}