{
  "walls": [
    {
      "id": 0,
      "p1": [
        7.9297690842052155,
        -1.3979474547623192
      ],
      "p2": [
        7.968240597017024,
        -2.5101480851762314
      ],
      "length": 1.112865804844022,
      "direction": [
        0.034569768110686364,
        -0.9994022869349325
      ],
      "rmse": 0.003309636155197849
    },
    {
      "id": 1,
      "p1": [
        -4.884891535989069,
        1.7124159234813603
      ],
      "p2": [
        -3.192989354296269,
        1.7772412688451527
      ],
      "length": 1.6931436199621077,
      "direction": [
        0.9992667850167208,
        0.038286973768461664
      ],
      "rmse": 0.005222158512650031
    },
    {
      "id": 2,
      "p1": [
        0.4436225446984561,
        1.9353402412736063
      ],
      "p2": [
        7.916310853572108,
        2.2421666418444355
      ],
      "length": 7.478984757416224,
      "direction": [
        0.9991581145363614,
        0.04102514051339262
      ],
      "rmse": 0.0037354849875852604
    }
  ],
  "metadata": {
    "input_file": "/home/qzl/test_road/test_online_road/extracted_lidar_data_code/extracted_lidar_data/laserscan_json2/laserscan_000871.json",
    "num_walls": 3,
    "x_limit": 10.0,
    "y_limit": 5.0,
    "params": {
      "rdp_epsilon": 0.05,
      "wall_rmse_thresh": 0.07,
      "min_wall_length": 0.8,
      "gap_thresh": 2
    }
  }
}