{
  "walls": [
    {
      "id": 0,
      "p1": [
        -3.641389329414362,
        -1.008572377329134
      ],
      "p2": [
        5.523888569434105,
        -0.8564685828450331
      ],
      "length": 9.166539943043757,
      "direction": [
        0.999862320547088,
        0.016593370609744206
      ],
      "rmse": 0.0036836813992267557
    },
    {
      "id": 1,
      "p1": [
        -0.6197223607132045,
        0.7854874324501556
      ],
      "p2": [
        2.9799668170896463,
        0.8493267722373754
      ],
      "length": 3.6002552184665233,
      "direction": [
        0.999842777627439,
        0.01773189285573687
      ],
      "rmse": 0.003203583001121114
    }
  ],
  "metadata": {
    "input_file": "/home/qzl/test_road/test_online_road/extracted_lidar_data_code/extracted_lidar_data/laserscan_json2/laserscan_000283.json",
    "num_walls": 2,
    "x_limit": 10.0,
    "y_limit": 5.0,
    "params": {
      "rdp_epsilon": 0.05,
      "wall_rmse_thresh": 0.07,
      "min_wall_length": 0.8,
      "gap_thresh": 2
    }
  }
}