{
  "walls": [
    {
      "id": 0,
      "p1": [
        -1.7937362493361646,
        -0.8494823430131802
      ],
      "p2": [
        4.3164993401060565,
        -0.5868669024647996
      ],
      "length": 6.115876538003424,
      "direction": [
        0.9990776549310206,
        0.04293995127538181
      ],
      "rmse": 0.005577959965369316
    },
    {
      "id": 1,
      "p1": [
        -3.522772289533868,
        0.8118870751606775
      ],
      "p2": [
        4.096110819904406,
        1.1631642078596223
      ],
      "length": 7.626976823043388,
      "direction": [
        0.9989388044830189,
        0.04605719157783196
      ],
      "rmse": 0.002944989543137045
    }
  ],
  "metadata": {
    "input_file": "/home/qzl/test_road/test_online_road/extracted_lidar_data_code/extracted_lidar_data/laserscan_json2/laserscan_000425.json",
    "num_walls": 2,
    "x_limit": 10.0,
    "y_limit": 5.0,
    "params": {
      "rdp_epsilon": 0.05,
      "wall_rmse_thresh": 0.07,
      "min_wall_length": 0.8,
      "gap_thresh": 2
    }
  }
}