{
  "walls": [
    {
      "id": 0,
      "p1": [
        -2.162332872952718,
        -0.5200161516221296
      ],
      "p2": [
        4.808484231799131,
        -1.139426931545012
      ],
      "length": 6.998282705220304,
      "direction": [
        0.9960753799707265,
        -0.0885089679872777
      ],
      "rmse": 0.005497435584643589
    },
    {
      "id": 1,
      "p1": [
        -4.048989842957336,
        1.3757652308156199
      ],
      "p2": [
        1.5644210306246666,
        0.8965618480167041
      ],
      "length": 5.633827963093529,
      "direction": [
        0.9963759827863241,
        -0.08505822079368332
      ],
      "rmse": 0.0042860022738055
    },
    {
      "id": 2,
      "p1": [
        3.9090626452090143,
        0.6823838995551627
      ],
      "p2": [
        4.909467504343346,
        0.586018801895633
      ],
      "length": 1.0050353795894515,
      "direction": [
        0.9953926791532337,
        -0.09588229391367055
      ],
      "rmse": 0.004232718186510603
    },
    {
      "id": 3,
      "p1": [
        4.060449860808322,
        2.314372471238345
      ],
      "p2": [
        3.9063702168316587,
        0.689711209324211
      ],
      "length": 1.63195121025489,
      "direction": [
        -0.09441436913573154,
        -0.9955329863438487
      ],
      "rmse": 0.003708886934125974
    }
  ],
  "metadata": {
    "input_file": "/home/qzl/test_road/test_online_road/extracted_lidar_data_code/extracted_lidar_data/laserscan_json2/laserscan_000545.json",
    "num_walls": 4,
    "x_limit": 10.0,
    "y_limit": 5.0,
    "params": {
      "rdp_epsilon": 0.05,
      "wall_rmse_thresh": 0.07,
      "min_wall_length": 0.8,
      "gap_thresh": 2
    }
  }
}