{
  "walls": [
    {
      "id": 0,
      "p1": [
        -1.6527885416566392,
        -0.9678791382995258
      ],
      "p2": [
        5.81610818786448,
        -1.467633720105765
      ],
      "length": 7.485597704812062,
      "direction": [
        0.997768918935134,
        -0.06676214799580746
      ],
      "rmse": 0.008677944273660351
    },
    {
      "id": 1,
      "p1": [
        -1.1452459728990267,
        1.3056837748754075
      ],
      "p2": [
        3.213504578390481,
        1.114811510438062
      ],
      "length": 4.3629277543523495,
      "direction": [
        0.9990425688202074,
        -0.0437486649295866
      ],
      "rmse": 0.021689693302664445
    }
  ],
  "metadata": {
    "input_file": "/home/qzl/test_road/test_online_road/extracted_lidar_data_code/extracted_lidar_data/laserscan_json2/laserscan_000609.json",
    "num_walls": 2,
    "x_limit": 10.0,
    "y_limit": 5.0,
    "params": {
      "rdp_epsilon": 0.05,
      "wall_rmse_thresh": 0.07,
      "min_wall_length": 0.8,
      "gap_thresh": 2
    }
  }
}