{
  "walls": [
    {
      "id": 0,
      "p1": [
        0.004898470989740611,
        -1.087594490505354
      ],
      "p2": [
        2.9364221709351708,
        -1.047367134156733
      ],
      "length": 2.931799693625153,
      "direction": [
        0.999905862026231,
        0.013721045280156895
      ],
      "rmse": 0.003288707127006775
    },
    {
      "id": 1,
      "p1": [
        4.677098265371928,
        2.010773003377456
      ],
      "p2": [
        4.686361913049492,
        0.30584127688689955
      ],
      "length": 1.7049568930510717,
      "direction": [
        0.005433361814196588,
        -0.9999852391797571
      ],
      "rmse": 0.0032133055208395755
    },
    {
      "id": 2,
      "p1": [
        -0.4494410728491711,
        1.3775135628095543
      ],
      "p2": [
        2.9060836819204257,
        1.2748944082103377
      ],
      "length": 3.3570935451312973,
      "direction": [
        0.9995326938782116,
        -0.030567856754524943
      ],
      "rmse": 0.017144387470789047
    },
    {
      "id": 3,
      "p1": [
        -1.7906360143894289,
        1.201312119507566
      ],
      "p2": [
        1.0697949340025663,
        1.2358237671145553
      ],
      "length": 2.8606391356372227,
      "direction": [
        0.9999272235195643,
        0.012064313592377373
      ],
      "rmse": 0.009636221824589333
    }
  ],
  "metadata": {
    "input_file": "/home/qzl/test_road/test_online_road/extracted_lidar_data_code/extracted_lidar_data/laserscan_json2/laserscan_000101.json",
    "num_walls": 4,
    "x_limit": 10.0,
    "y_limit": 5.0,
    "params": {
      "rdp_epsilon": 0.05,
      "wall_rmse_thresh": 0.07,
      "min_wall_length": 0.8,
      "gap_thresh": 2
    }
  }
}