{
  "walls": [
    {
      "id": 0,
      "p1": [
        -0.6976768404215934,
        -0.8981490300062687
      ],
      "p2": [
        5.302068058375987,
        -0.7575902809087043
      ],
      "length": 6.001391139777132,
      "direction": [
        0.9997256901029763,
        0.023421027862323886
      ],
      "rmse": 0.0063249637860575145
    },
    {
      "id": 1,
      "p1": [
        -1.3323554680608574,
        0.8027935656358726
      ],
      "p2": [
        5.574206653135954,
        1.0038559769801298
      ],
      "length": 6.909488145094842,
      "direction": [
        0.9995765208878729,
        0.02909946541941658
      ],
      "rmse": 0.004618647646248572
    }
  ],
  "metadata": {
    "input_file": "/home/qzl/test_road/test_online_road/extracted_lidar_data_code/extracted_lidar_data/laserscan_json2/laserscan_000190.json",
    "num_walls": 2,
    "x_limit": 10.0,
    "y_limit": 5.0,
    "params": {
      "rdp_epsilon": 0.05,
      "wall_rmse_thresh": 0.07,
      "min_wall_length": 0.8,
      "gap_thresh": 2
    }
  }
}