{
  "walls": [
    {
      "id": 0,
      "p1": [
        -1.703632199228449,
        -0.8031263471676364
      ],
      "p2": [
        5.234869155915924,
        -0.5167250730393391
      ],
      "length": 6.944409747787252,
      "direction": [
        0.9991491872074943,
        0.04124198953255443
      ],
      "rmse": 0.004653946630247109
    },
    {
      "id": 1,
      "p1": [
        -3.0708877828354706,
        0.8877840131137462
      ],
      "p2": [
        5.817534630993665,
        1.2520906028973064
      ],
      "length": 8.895885132915097,
      "direction": [
        0.9991611043776589,
        0.040952258751099244
      ],
      "rmse": 0.004233335902222789
    }
  ],
  "metadata": {
    "input_file": "/home/qzl/test_road/test_online_road/extracted_lidar_data_code/extracted_lidar_data/laserscan_json2/laserscan_000437.json",
    "num_walls": 2,
    "x_limit": 10.0,
    "y_limit": 5.0,
    "params": {
      "rdp_epsilon": 0.05,
      "wall_rmse_thresh": 0.07,
      "min_wall_length": 0.8,
      "gap_thresh": 2
    }
  }
}