{
  "walls": [
    {
      "id": 0,
      "p1": [
        -1.9389957457238474,
        -0.8853463199089937
      ],
      "p2": [
        5.504869331870135,
        -0.7831410435854662
      ],
      "length": 7.444566690676607,
      "direction": [
        0.999905755013123,
        0.013728841525649122
      ],
      "rmse": 0.006368533767635042
    },
    {
      "id": 1,
      "p1": [
        -3.136391592248793,
        -2.9042132278215997
      ],
      "p2": [
        -2.2243614906257254,
        -2.8946124688464994
      ],
      "length": 0.9120806328606483,
      "direction": [
        0.9999445978385327,
        0.010526217342187418
      ],
      "rmse": 0.0024699170536539613
    },
    {
      "id": 2,
      "p1": [
        -3.9438601717138,
        0.7876277770287907
      ],
      "p2": [
        5.1589989869822945,
        0.9862467098275888
      ],
      "length": 9.1050257739077,
      "direction": [
        0.9997620418355193,
        0.021814208738187468
      ],
      "rmse": 0.01506289469999868
    }
  ],
  "metadata": {
    "input_file": "/home/qzl/test_road/test_online_road/extracted_lidar_data_code/extracted_lidar_data/laserscan_json2/laserscan_000215.json",
    "num_walls": 3,
    "x_limit": 10.0,
    "y_limit": 5.0,
    "params": {
      "rdp_epsilon": 0.05,
      "wall_rmse_thresh": 0.07,
      "min_wall_length": 0.8,
      "gap_thresh": 2
    }
  }
}