{
  "walls": [
    {
      "id": 0,
      "p1": [
        7.489201647587648,
        -1.3894287993074026
      ],
      "p2": [
        7.519819453569194,
        -2.5490329954020106
      ],
      "length": 1.1600083368852767,
      "direction": [
        0.026394470632622038,
        -0.9996516052695678
      ],
      "rmse": 0.003695453243848289
    },
    {
      "id": 1,
      "p1": [
        -5.312911527349527,
        1.6928375859259344
      ],
      "p2": [
        7.431370742060986,
        2.245853891735668
      ],
      "length": 12.756275224253459,
      "direction": [
        0.9990598388130661,
        0.04335249091817435
      ],
      "rmse": 0.013613524112059428
    }
  ],
  "metadata": {
    "input_file": "/home/qzl/test_road/test_online_road/extracted_lidar_data_code/extracted_lidar_data/laserscan_json2/laserscan_000876.json",
    "num_walls": 2,
    "x_limit": 10.0,
    "y_limit": 5.0,
    "params": {
      "rdp_epsilon": 0.05,
      "wall_rmse_thresh": 0.07,
      "min_wall_length": 0.8,
      "gap_thresh": 2
    }
  }
}