{
  "walls": [
    {
      "id": 0,
      "p1": [
        3.1344342846946107,
        -1.6687511487638238
      ],
      "p2": [
        3.1577362122390973,
        -2.8074097224772494
      ],
      "length": 1.13889697836037,
      "direction": [
        0.0204600837364679,
        -0.9997906705763446
      ],
      "rmse": 0.0035402284107076453
    },
    {
      "id": 1,
      "p1": [
        3.1378701982054356,
        -1.6559176168049479
      ],
      "p2": [
        4.317179965192111,
        -1.614834380553922
      ],
      "length": 1.1800251517705134,
      "direction": [
        0.9993937546297683,
        0.03481555981187622
      ],
      "rmse": 0.00370367734506466
    },
    {
      "id": 2,
      "p1": [
        -1.3171350589513708,
        1.8067331386353414
      ],
      "p2": [
        0.4382774960726152,
        1.8556698580786073
      ],
      "length": 1.7560945421148908,
      "direction": [
        0.999611645571292,
        0.027866790921337148
      ],
      "rmse": 0.0024179422910939005
    },
    {
      "id": 3,
      "p1": [
        5.824860484855869,
        2.0438572062237297
      ],
      "p2": [
        7.397440663458829,
        2.09067431479706
      ],
      "length": 1.5732769177071413,
      "direction": [
        0.9995571414682866,
        0.029757703838631296
      ],
      "rmse": 0.0069416590089864
    }
  ],
  "metadata": {
    "input_file": "/home/qzl/test_road/test_online_road/extracted_lidar_data_code/extracted_lidar_data/laserscan_json2/laserscan_000834.json",
    "num_walls": 4,
    "x_limit": 10.0,
    "y_limit": 5.0,
    "params": {
      "rdp_epsilon": 0.05,
      "wall_rmse_thresh": 0.07,
      "min_wall_length": 0.8,
      "gap_thresh": 2
    }
  }
}