{
  "walls": [
    {
      "id": 0,
      "p1": [
        -2.077472057662065,
        -1.211470115409896
      ],
      "p2": [
        3.7531216522361848,
        -0.9004602313008971
      ],
      "length": 5.838882612102981,
      "direction": [
        0.998580395811798,
        0.05326530858216241
      ],
      "rmse": 0.003637657849626635
    },
    {
      "id": 1,
      "p1": [
        5.212820620824541,
        2.1037163724843695
      ],
      "p2": [
        5.286227702704217,
        0.5066639039136198
      ],
      "length": 1.598738623739983,
      "direction": [
        0.045915624223726526,
        -0.9989453215517582
      ],
      "rmse": 0.007351143685929467
    },
    {
      "id": 2,
      "p1": [
        -2.4062633718139135,
        1.116155586978255
      ],
      "p2": [
        3.4613633582612637,
        1.4879898217113614
      ],
      "length": 5.879396579719067,
      "direction": [
        0.9979981194515167,
        0.06324360496711073
      ],
      "rmse": 0.056196907228305615
    }
  ],
  "metadata": {
    "input_file": "/home/qzl/test_road/test_online_road/extracted_lidar_data_code/extracted_lidar_data/laserscan_json2/laserscan_000093.json",
    "num_walls": 3,
    "x_limit": 10.0,
    "y_limit": 5.0,
    "params": {
      "rdp_epsilon": 0.05,
      "wall_rmse_thresh": 0.07,
      "min_wall_length": 0.8,
      "gap_thresh": 2
    }
  }
}