{
  "walls": [
    {
      "id": 0,
      "p1": [
        -2.3131322616877457,
        -1.0330608898553495
      ],
      "p2": [
        6.617724392783156,
        -2.308002511962613
      ],
      "length": 9.021401039887799,
      "direction": [
        0.9899633787451093,
        -0.14132412653742804
      ],
      "rmse": 0.030094203421388032
    },
    {
      "id": 1,
      "p1": [
        7.134683452008505,
        1.678287736399927
      ],
      "p2": [
        6.634669193454161,
        -2.2503512480098378
      ],
      "length": 3.9603306084949317,
      "direction": [
        -0.1262556861998618,
        -0.9919977327092043
      ],
      "rmse": 0.004682118689265353
    },
    {
      "id": 2,
      "p1": [
        8.252251289419961,
        4.530426690855325
      ],
      "p2": [
        9.372442602769787,
        4.3682631604548305
      ],
      "length": 1.1318681853892532,
      "direction": [
        0.9896835407238419,
        -0.14327068513244196
      ],
      "rmse": 0.0067080902569925036
    },
    {
      "id": 3,
      "p1": [
        -3.973355665601727,
        1.519744904246617
      ],
      "p2": [
        -0.045216373696543855,
        1.1448575876613982
      ],
      "length": 3.945987683298798,
      "direction": [
        0.9954768253653994,
        -0.09500468492882944
      ],
      "rmse": 0.033768261507602024
    }
  ],
  "metadata": {
    "input_file": "/home/qzl/test_road/test_online_road/extracted_lidar_data_code/extracted_lidar_data/laserscan_json2/laserscan_000645.json",
    "num_walls": 4,
    "x_limit": 10.0,
    "y_limit": 5.0,
    "params": {
      "rdp_epsilon": 0.05,
      "wall_rmse_thresh": 0.07,
      "min_wall_length": 0.8,
      "gap_thresh": 2
    }
  }
}