{
  "walls": [
    {
      "id": 0,
      "p1": [
        -4.337785488142998,
        -0.5438312077407841
      ],
      "p2": [
        4.596555847274047,
        -0.6520825845404665
      ],
      "length": 8.934997115742156,
      "direction": [
        0.9999266054229733,
        -0.012115435002083117
      ],
      "rmse": 0.0058852798354254434
    },
    {
      "id": 1,
      "p1": [
        -1.9423741960607617,
        1.1468191229224918
      ],
      "p2": [
        2.9795164523496873,
        1.1086429103384239
      ],
      "length": 4.92203870140387,
      "direction": [
        0.9999699203912598,
        -0.007756178872210233
      ],
      "rmse": 0.002927664157641286
    }
  ],
  "metadata": {
    "input_file": "/home/qzl/test_road/test_online_road/extracted_lidar_data_code/extracted_lidar_data/laserscan_json2/laserscan_000515.json",
    "num_walls": 2,
    "x_limit": 10.0,
    "y_limit": 5.0,
    "params": {
      "rdp_epsilon": 0.05,
      "wall_rmse_thresh": 0.07,
      "min_wall_length": 0.8,
      "gap_thresh": 2
    }
  }
}