{
  "walls": [
    {
      "id": 0,
      "p1": [
        -6.3450844193444365,
        -1.8420017922046084
      ],
      "p2": [
        6.695955401650776,
        -0.6660579548004869
      ],
      "length": 13.093951409773581,
      "direction": [
        0.9959590816297121,
        0.08980817177351048
      ],
      "rmse": 0.027792681283297326
    },
    {
      "id": 1,
      "p1": [
        8.199181128124536,
        2.0446364098382763
      ],
      "p2": [
        8.295063599092678,
        0.8348681920770015
      ],
      "length": 1.2135619427718751,
      "direction": [
        0.07900912807882096,
        -0.9968738925652654
      ],
      "rmse": 0.003925285528736731
    },
    {
      "id": 2,
      "p1": [
        2.024677115258984,
        1.2787714518670912
      ],
      "p2": [
        4.823214763720928,
        1.5679137693401486
      ],
      "length": 2.813434955639209,
      "direction": [
        0.9947049398991068,
        0.10277199296653917
      ],
      "rmse": 0.06540266611983271
    },
    {
      "id": 3,
      "p1": [
        0.06754460569944364,
        2.1241211331156964
      ],
      "p2": [
        0.199771518497287,
        0.6630930091552352
      ],
      "length": 1.466999364509567,
      "direction": [
        0.0901342672646051,
        -0.9959296229466583
      ],
      "rmse": 0.007062350559516011
    }
  ],
  "metadata": {
    "input_file": "/home/qzl/test_road/test_online_road/extracted_lidar_data_code/extracted_lidar_data/laserscan_json2/laserscan_000051.json",
    "num_walls": 4,
    "x_limit": 10.0,
    "y_limit": 5.0,
    "params": {
      "rdp_epsilon": 0.05,
      "wall_rmse_thresh": 0.07,
      "min_wall_length": 0.8,
      "gap_thresh": 2
    }
  }
}