{
  "walls": [
    {
      "id": 0,
      "p1": [
        -0.9765937798284288,
        -0.8983765839953616
      ],
      "p2": [
        5.326797046682911,
        -0.760930720260991
      ],
      "length": 6.3048891566152845,
      "direction": [
        0.999762354250324,
        0.021799885821945142
      ],
      "rmse": 0.0055213729252904
    },
    {
      "id": 1,
      "p1": [
        1.3334151145228865,
        -1.0798028851210317
      ],
      "p2": [
        1.0105887354018237,
        -1.8318437837349104
      ],
      "length": 0.818402336411857,
      "direction": [
        -0.3944592589216158,
        -0.9189134306609135
      ],
      "rmse": 0.007489522496141911
    },
    {
      "id": 2,
      "p1": [
        -1.2299463055090691,
        0.8126504019405512
      ],
      "p2": [
        5.11525530247907,
        0.9876388193315138
      ],
      "length": 6.347614070832934,
      "direction": [
        0.9996199417884862,
        0.027567589245044585
      ],
      "rmse": 0.0042576562033604035
    }
  ],
  "metadata": {
    "input_file": "/home/qzl/test_road/test_online_road/extracted_lidar_data_code/extracted_lidar_data/laserscan_json2/laserscan_000193.json",
    "num_walls": 3,
    "x_limit": 10.0,
    "y_limit": 5.0,
    "params": {
      "rdp_epsilon": 0.05,
      "wall_rmse_thresh": 0.07,
      "min_wall_length": 0.8,
      "gap_thresh": 2
    }
  }
}