{
  "walls": [
    {
      "id": 0,
      "p1": [
        0.35778228296210113,
        -1.6956380785657565
      ],
      "p2": [
        0.36809248274828366,
        -2.7876951350876285
      ],
      "length": 1.0921057251561526,
      "direction": [
        0.009440660870721162,
        -0.9999554359671855
      ],
      "rmse": 0.0017189125865396775
    },
    {
      "id": 1,
      "p1": [
        0.36042251893105204,
        -1.6961349222426285
      ],
      "p2": [
        1.5600384045463636,
        -1.6756841582624915
      ],
      "length": 1.1997901928120513,
      "direction": [
        0.9998547186008157,
        0.017045283502596775
      ],
      "rmse": 0.0018129994680406588
    },
    {
      "id": 2,
      "p1": [
        8.734457848008455,
        -1.541186675880675
      ],
      "p2": [
        8.747069035860862,
        -2.6720456350186703
      ],
      "length": 1.1309292760918868,
      "direction": [
        0.01115117286199685,
        -0.9999378237379573
      ],
      "rmse": 0.003359978347002377
    },
    {
      "id": 3,
      "p1": [
        -4.011999494478811,
        1.7920935298805867
      ],
      "p2": [
        7.877911303007157,
        2.0516760628182484
      ],
      "length": 11.892744084675316,
      "direction": [
        0.9997617633759656,
        0.021826967022009106
      ],
      "rmse": 0.022729976021749424
    }
  ],
  "metadata": {
    "input_file": "/home/qzl/test_road/test_online_road/extracted_lidar_data_code/extracted_lidar_data/laserscan_json2/laserscan_000862.json",
    "num_walls": 4,
    "x_limit": 10.0,
    "y_limit": 5.0,
    "params": {
      "rdp_epsilon": 0.05,
      "wall_rmse_thresh": 0.07,
      "min_wall_length": 0.8,
      "gap_thresh": 2
    }
  }
}