{
  "walls": [
    {
      "id": 0,
      "p1": [
        -3.8273859202125378,
        -1.7558198147438127
      ],
      "p2": [
        -1.6046232456583893,
        -0.39688241945752156
      ],
      "length": 2.605260975737095,
      "direction": [
        0.8531823472782988,
        0.5216127704444097
      ],
      "rmse": 0.008573531685815077
    },
    {
      "id": 1,
      "p1": [
        0.15574081563635422,
        0.6858091010855634
      ],
      "p2": [
        3.249315077560422,
        2.7620555244908838
      ],
      "length": 3.7257215307564824,
      "direction": [
        0.8303289004245158,
        0.5572736465308711
      ],
      "rmse": 0.003523154107855256
    },
    {
      "id": 2,
      "p1": [
        0.09190546769084351,
        -1.415403395790258
      ],
      "p2": [
        5.912504957562038,
        2.467298145749014
      ],
      "length": 6.9967670878885375,
      "direction": [
        0.8318984206207006,
        0.5549279392558855
      ],
      "rmse": 0.034956871265816855
    },
    {
      "id": 3,
      "p1": [
        -0.32640911665436956,
        1.4074492538331607
      ],
      "p2": [
        0.1554455515262176,
        0.676472828706099
      ],
      "length": 0.8755058282724122,
      "direction": [
        0.5503728845882417,
        -0.8349189708636509
      ],
      "rmse": 0.005938932739527903
    }
  ],
  "metadata": {
    "input_file": "/home/qzl/test_road/test_online_road/extracted_lidar_data_code/extracted_lidar_data/laserscan_json2/laserscan_000148.json",
    "num_walls": 4,
    "x_limit": 10.0,
    "y_limit": 5.0,
    "params": {
      "rdp_epsilon": 0.05,
      "wall_rmse_thresh": 0.07,
      "min_wall_length": 0.8,
      "gap_thresh": 2
    }
  }
}