{
  "walls": [
    {
      "id": 0,
      "p1": [
        0.2532949405445897,
        -1.6943620336533969
      ],
      "p2": [
        1.273307312454526,
        -1.6762210179826096
      ],
      "length": 1.0201736789875055,
      "direction": [
        0.9998418827284886,
        0.017782281629510063
      ],
      "rmse": 0.0018945701849095472
    },
    {
      "id": 1,
      "p1": [
        8.448875530198215,
        -1.5658148778616978
      ],
      "p2": [
        8.45737115993674,
        -2.705565183979726
      ],
      "length": 1.1397819686329458,
      "direction": [
        0.007453732356116086,
        -0.9999722205501328
      ],
      "rmse": 0.0029061460329586745
    },
    {
      "id": 2,
      "p1": [
        -4.28873864903748,
        1.8253673560519623
      ],
      "p2": [
        -2.5980475089540382,
        1.8540507377143778
      ],
      "length": 1.6909344362039116,
      "direction": [
        0.9998561173532508,
        0.016963035968904847
      ],
      "rmse": 0.004888205848264478
    },
    {
      "id": 3,
      "p1": [
        1.2869383660891998,
        1.9313971449745655
      ],
      "p2": [
        7.857074298761459,
        2.0365779833857682
      ],
      "length": 6.5709777950134685,
      "direction": [
        0.9998718817238406,
        0.016006877772576908
      ],
      "rmse": 0.003705376775582424
    }
  ],
  "metadata": {
    "input_file": "/home/qzl/test_road/test_online_road/extracted_lidar_data_code/extracted_lidar_data/laserscan_json2/laserscan_000865.json",
    "num_walls": 4,
    "x_limit": 10.0,
    "y_limit": 5.0,
    "params": {
      "rdp_epsilon": 0.05,
      "wall_rmse_thresh": 0.07,
      "min_wall_length": 0.8,
      "gap_thresh": 2
    }
  }
}