{
  "walls": [
    {
      "id": 0,
      "p1": [
        -3.3045491353926497,
        -0.5815950817421497
      ],
      "p2": [
        4.034119753204363,
        -0.7007389225666559
      ],
      "length": 7.339635979479373,
      "direction": [
        0.9998682372133437,
        -0.016232935959970926
      ],
      "rmse": 0.041245516547650275
    },
    {
      "id": 1,
      "p1": [
        -2.9857278204256024,
        1.181862232922677
      ],
      "p2": [
        2.632372382635127,
        1.0419124036977492
      ],
      "length": 5.619843044634885,
      "direction": [
        0.9996898771787874,
        -0.024902800329698545
      ],
      "rmse": 0.00407630071271584
    },
    {
      "id": 2,
      "p1": [
        5.002583070295496,
        1.8428547314173191
      ],
      "p2": [
        4.9750474525104655,
        0.9680521379131373
      ],
      "length": 0.8752358469855118,
      "direction": [
        -0.031460797543703095,
        -0.9995049865888184
      ],
      "rmse": 0.002615387279913488
    }
  ],
  "metadata": {
    "input_file": "/home/qzl/test_road/test_online_road/extracted_lidar_data_code/extracted_lidar_data/laserscan_json2/laserscan_000531.json",
    "num_walls": 3,
    "x_limit": 10.0,
    "y_limit": 5.0,
    "params": {
      "rdp_epsilon": 0.05,
      "wall_rmse_thresh": 0.07,
      "min_wall_length": 0.8,
      "gap_thresh": 2
    }
  }
}