{
  "walls": [
    {
      "id": 0,
      "p1": [
        -3.5862734652439388,
        -2.906471835986323
      ],
      "p2": [
        -2.3812933382558867,
        -2.8968954206880615
      ],
      "length": 1.2050181800147692,
      "direction": [
        0.9999684212001502,
        0.007947112713382313
      ],
      "rmse": 0.003095275591777023
    },
    {
      "id": 1,
      "p1": [
        -0.4823095565688452,
        -0.8594274667184524
      ],
      "p2": [
        5.118772780509401,
        -0.8002964801678454
      ],
      "length": 5.601394453196486,
      "direction": [
        0.9999442788529807,
        0.010556476078345853
      ],
      "rmse": 0.004346016451383724
    },
    {
      "id": 2,
      "p1": [
        -3.746479382384909,
        0.7944086192687622
      ],
      "p2": [
        5.017812104360001,
        0.9857365646548877
      ],
      "length": 8.76637962030592,
      "direction": [
        0.9997618020596624,
        0.021825195083127986
      ],
      "rmse": 0.016223625278655326
    }
  ],
  "metadata": {
    "input_file": "/home/qzl/test_road/test_online_road/extracted_lidar_data_code/extracted_lidar_data/laserscan_json2/laserscan_000217.json",
    "num_walls": 3,
    "x_limit": 10.0,
    "y_limit": 5.0,
    "params": {
      "rdp_epsilon": 0.05,
      "wall_rmse_thresh": 0.07,
      "min_wall_length": 0.8,
      "gap_thresh": 2
    }
  }
}