{
  "walls": [
    {
      "id": 0,
      "p1": [
        -0.8759381287610475,
        -0.9274131455122812
      ],
      "p2": [
        5.692679024062249,
        -0.9114085710895822
      ],
      "length": 6.568636650536159,
      "direction": [
        0.9999970316946319,
        0.002436513887760357
      ],
      "rmse": 0.003479529194286468
    },
    {
      "id": 1,
      "p1": [
        -4.915226222191484,
        0.80077755234283
      ],
      "p2": [
        5.017978135681024,
        0.8331491677410395
      ],
      "length": 9.933257106143024,
      "direction": [
        0.9999946897296742,
        0.0032589124646897104
      ],
      "rmse": 0.0036262483416334796
    },
    {
      "id": 2,
      "p1": [
        -2.6253816781743256,
        3.202278337141404
      ],
      "p2": [
        -2.4051567155809095,
        1.7667074713003292
      ],
      "length": 1.4523645358521269,
      "direction": [
        0.15163201603789223,
        -0.9884370145387538
      ],
      "rmse": 0.010284626659744648
    },
    {
      "id": 3,
      "p1": [
        -2.6376426565478326,
        1.8308148763393421
      ],
      "p2": [
        -2.62877113656833,
        0.8165809154245229
      ],
      "length": 1.0142727598332264,
      "direction": [
        0.008746680706433219,
        -0.9999617470556659
      ],
      "rmse": 0.0024434936503738495
    }
  ],
  "metadata": {
    "input_file": "/home/qzl/test_road/test_online_road/extracted_lidar_data_code/extracted_lidar_data/laserscan_json2/laserscan_000348.json",
    "num_walls": 4,
    "x_limit": 10.0,
    "y_limit": 5.0,
    "params": {
      "rdp_epsilon": 0.05,
      "wall_rmse_thresh": 0.07,
      "min_wall_length": 0.8,
      "gap_thresh": 2
    }
  }
}