{
  "walls": [
    {
      "id": 0,
      "p1": [
        -2.128489398666648,
        -0.8609333245215983
      ],
      "p2": [
        5.467429498296706,
        -0.97729679594779
      ],
      "length": 7.596810142864395,
      "direction": [
        0.9998826815608295,
        -0.015317412076616695
      ],
      "rmse": 0.04341621959410376
    },
    {
      "id": 1,
      "p1": [
        -1.3169018615317798,
        0.8959856590373049
      ],
      "p2": [
        5.388091949398454,
        0.8072967690445241
      ],
      "length": 6.705580342059955,
      "direction": [
        0.9999125308912121,
        -0.013226131888451413
      ],
      "rmse": 0.04530521842644535
    }
  ],
  "metadata": {
    "input_file": "/home/qzl/test_road/test_online_road/extracted_lidar_data_code/extracted_lidar_data/laserscan_json2/laserscan_000254.json",
    "num_walls": 2,
    "x_limit": 10.0,
    "y_limit": 5.0,
    "params": {
      "rdp_epsilon": 0.05,
      "wall_rmse_thresh": 0.07,
      "min_wall_length": 0.8,
      "gap_thresh": 2
    }
  }
}