{
  "walls": [
    {
      "id": 0,
      "p1": [
        -2.2139957087740854,
        0.5088310344663594
      ],
      "p2": [
        -0.7928998714527296,
        -4.987576255567491
      ],
      "length": 5.677147741321282,
      "direction": [
        0.2503186286621445,
        -0.9681635110572507
      ],
      "rmse": 0.007979766712978923
    },
    {
      "id": 1,
      "p1": [
        0.04894611018323625,
        -1.243892078983762
      ],
      "p2": [
        6.497296777684177,
        0.4574961725676111
      ],
      "length": 6.6690290382916215,
      "direction": [
        0.9669099700226138,
        0.2551178352621942
      ],
      "rmse": 0.005489760179576388
    },
    {
      "id": 2,
      "p1": [
        -0.5476698774480517,
        1.034160476100765
      ],
      "p2": [
        2.0472310384903096,
        1.7273235088628571
      ],
      "length": 2.6858863999666274,
      "direction": [
        0.9661245970671019,
        0.2580760797515531
      ],
      "rmse": 0.03004761719652033
    }
  ],
  "metadata": {
    "input_file": "/home/qzl/test_road/test_online_road/extracted_lidar_data_code/extracted_lidar_data/laserscan_json2/laserscan_000582.json",
    "num_walls": 3,
    "x_limit": 10.0,
    "y_limit": 5.0,
    "params": {
      "rdp_epsilon": 0.05,
      "wall_rmse_thresh": 0.07,
      "min_wall_length": 0.8,
      "gap_thresh": 2
    }
  }
}