{
  "walls": [
    {
      "id": 0,
      "p1": [
        -1.717624922458073,
        -0.7328980696648453
      ],
      "p2": [
        3.8373891938171627,
        -0.5426022631747048
      ],
      "length": 5.558272602705347,
      "direction": [
        0.9994137591535039,
        0.034236501174362804
      ],
      "rmse": 0.003439476814721684
    },
    {
      "id": 1,
      "p1": [
        2.545712353074088,
        2.217463490371612
      ],
      "p2": [
        2.5612103326173044,
        1.390567664134142
      ],
      "length": 0.8270410478439811,
      "direction": [
        0.018739069340757444,
        -0.9998244082228851
      ],
      "rmse": 0.004968019654569041
    },
    {
      "id": 2,
      "p1": [
        -2.4478898967550586,
        0.9886567559411187
      ],
      "p2": [
        1.1225688555044158,
        1.1105193896191754
      ],
      "length": 3.5725377818958384,
      "direction": [
        0.9994180524414689,
        0.03411094328952514
      ],
      "rmse": 0.002937529576721279
    }
  ],
  "metadata": {
    "input_file": "/home/qzl/test_road/test_online_road/extracted_lidar_data_code/extracted_lidar_data/laserscan_json2/laserscan_000458.json",
    "num_walls": 3,
    "x_limit": 10.0,
    "y_limit": 5.0,
    "params": {
      "rdp_epsilon": 0.05,
      "wall_rmse_thresh": 0.07,
      "min_wall_length": 0.8,
      "gap_thresh": 2
    }
  }
}