{
  "walls": [
    {
      "id": 0,
      "p1": [
        -3.8208767122666556,
        -1.1373217333464456
      ],
      "p2": [
        2.326319101097895,
        -1.0564475470226582
      ],
      "length": 6.147727791782928,
      "direction": [
        0.9999134674724481,
        0.013155134557486957
      ],
      "rmse": 0.0033748998720920785
    },
    {
      "id": 1,
      "p1": [
        4.014679789126452,
        2.204600428732011
      ],
      "p2": [
        4.033701012223392,
        -1.8428878291978663
      ],
      "length": 4.047532952924328,
      "direction": [
        0.004699460960083741,
        -0.9999889574713735
      ],
      "rmse": 0.004409605922768895
    },
    {
      "id": 2,
      "p1": [
        -1.0982592261846549,
        1.3015463265725518
      ],
      "p2": [
        2.2616277245991103,
        1.252264941277113
      ],
      "length": 3.3602483504919194,
      "direction": [
        0.9998924485115925,
        -0.014665994937003695
      ],
      "rmse": 0.054312222438492944
    }
  ],
  "metadata": {
    "input_file": "/home/qzl/test_road/test_online_road/extracted_lidar_data_code/extracted_lidar_data/laserscan_json2/laserscan_000110.json",
    "num_walls": 3,
    "x_limit": 10.0,
    "y_limit": 5.0,
    "params": {
      "rdp_epsilon": 0.05,
      "wall_rmse_thresh": 0.07,
      "min_wall_length": 0.8,
      "gap_thresh": 2
    }
  }
}