{
  "walls": [
    {
      "id": 0,
      "p1": [
        -0.5127722259730081,
        -0.895096908034039
      ],
      "p2": [
        5.307072534326931,
        -0.7608470871806701
      ],
      "length": 5.821392964608198,
      "direction": [
        0.999734049165983,
        0.023061459975202016
      ],
      "rmse": 0.007189454015044779
    },
    {
      "id": 1,
      "p1": [
        -1.4034006856943306,
        0.7968856029876006
      ],
      "p2": [
        5.755524805221246,
        1.0055997671136387
      ],
      "length": 7.1619673126025685,
      "direction": [
        0.9995752812654145,
        0.029142015736174226
      ],
      "rmse": 0.004549395643878805
    }
  ],
  "metadata": {
    "input_file": "/home/qzl/test_road/test_online_road/extracted_lidar_data_code/extracted_lidar_data/laserscan_json2/laserscan_000188.json",
    "num_walls": 2,
    "x_limit": 10.0,
    "y_limit": 5.0,
    "params": {
      "rdp_epsilon": 0.05,
      "wall_rmse_thresh": 0.07,
      "min_wall_length": 0.8,
      "gap_thresh": 2
    }
  }
}