{
  "walls": [
    {
      "id": 0,
      "p1": [
        -4.606306179846307,
        -0.539979565168852
      ],
      "p2": [
        4.783724795521827,
        -0.6663219083188908
      ],
      "length": 9.390880901494048,
      "direction": [
        0.9999094945251442,
        -0.013453726490111477
      ],
      "rmse": 0.005050379765799003
    },
    {
      "id": 1,
      "p1": [
        -6.4599314461426784,
        1.2047276812520735
      ],
      "p2": [
        -5.305791012620171,
        1.1998979261621434
      ],
      "length": 1.1541505390657454,
      "direction": [
        0.9999912441713191,
        -0.004184683822818069
      ],
      "rmse": 0.00443771514654932
    },
    {
      "id": 2,
      "p1": [
        -1.2094490124732227,
        1.1351253316669228
      ],
      "p2": [
        3.477728253840103,
        1.0936021917175152
      ],
      "length": 4.68736118695751,
      "direction": [
        0.9999607624329477,
        -0.008858532187556478
      ],
      "rmse": 0.0033665362796865294
    }
  ],
  "metadata": {
    "input_file": "/home/qzl/test_road/test_online_road/extracted_lidar_data_code/extracted_lidar_data/laserscan_json2/laserscan_000521.json",
    "num_walls": 3,
    "x_limit": 10.0,
    "y_limit": 5.0,
    "params": {
      "rdp_epsilon": 0.05,
      "wall_rmse_thresh": 0.07,
      "min_wall_length": 0.8,
      "gap_thresh": 2
    }
  }
}