{
  "walls": [
    {
      "id": 0,
      "p1": [
        -3.655834597536537,
        -1.012897158059375
      ],
      "p2": [
        5.499202981776383,
        -0.8533940839759548
      ],
      "length": 9.15642694009371,
      "direction": [
        0.9998482638698442,
        0.017419794328815807
      ],
      "rmse": 0.0034105071035103194
    },
    {
      "id": 1,
      "p1": [
        -1.9247955718860519,
        0.846642476594535
      ],
      "p2": [
        2.8961838758638794,
        0.783297547053899
      ],
      "length": 4.821395587973023,
      "direction": [
        0.9999136888437548,
        -0.013138297487679012
      ],
      "rmse": 0.037543648745244275
    }
  ],
  "metadata": {
    "input_file": "/home/qzl/test_road/test_online_road/extracted_lidar_data_code/extracted_lidar_data/laserscan_json2/laserscan_000284.json",
    "num_walls": 2,
    "x_limit": 10.0,
    "y_limit": 5.0,
    "params": {
      "rdp_epsilon": 0.05,
      "wall_rmse_thresh": 0.07,
      "min_wall_length": 0.8,
      "gap_thresh": 2
    }
  }
}