{
  "walls": [
    {
      "id": 0,
      "p1": [
        -0.3203642972623,
        -0.8478252872891554
      ],
      "p2": [
        5.293967674339967,
        -0.8858221824864171
      ],
      "length": 5.614460548565644,
      "direction": [
        0.9999770989629584,
        -0.006767684066625236
      ],
      "rmse": 0.004170442937381085
    },
    {
      "id": 1,
      "p1": [
        -1.210710169017358,
        0.8880475527408593
      ],
      "p2": [
        5.288648967695259,
        0.8777923931635768
      ],
      "length": 6.499367227374349,
      "direction": [
        0.999998755160626,
        -0.0015778704631550981
      ],
      "rmse": 0.0031479812794172573
    },
    {
      "id": 2,
      "p1": [
        1.6376237105637892,
        1.0106437061699534
      ],
      "p2": [
        2.5872463676140813,
        1.0212754949066998
      ],
      "length": 0.9496821708945575,
      "direction": [
        0.999937332881422,
        0.011195101964187916
      ],
      "rmse": 0.006483063618046605
    }
  ],
  "metadata": {
    "input_file": "/home/qzl/test_road/test_online_road/extracted_lidar_data_code/extracted_lidar_data/laserscan_json2/laserscan_000244.json",
    "num_walls": 3,
    "x_limit": 10.0,
    "y_limit": 5.0,
    "params": {
      "rdp_epsilon": 0.05,
      "wall_rmse_thresh": 0.07,
      "min_wall_length": 0.8,
      "gap_thresh": 2
    }
  }
}