{
  "walls": [
    {
      "id": 0,
      "p1": [
        -1.0719756171712584,
        -1.1818003696102974
      ],
      "p2": [
        4.748848842207438,
        -1.0605808658972902
      ],
      "length": 5.822086529327928,
      "direction": [
        0.9997832272075149,
        0.0208206290137153
      ],
      "rmse": 0.0032973413385175058
    },
    {
      "id": 1,
      "p1": [
        6.472828009158568,
        1.67337199053642
      ],
      "p2": [
        6.484133903246313,
        0.28233877993169965
      ],
      "length": 1.3910791552770818,
      "direction": [
        0.008127426857662778,
        -0.9999669719199096
      ],
      "rmse": 0.004800573693007755
    },
    {
      "id": 2,
      "p1": [
        -1.2196556139520847,
        1.1363082432873237
      ],
      "p2": [
        4.7672848969480714,
        1.3515999131733338
      ],
      "length": 5.9908102276887165,
      "direction": [
        0.9993540578573727,
        0.035936987102470036
      ],
      "rmse": 0.048308917213425055
    },
    {
      "id": 3,
      "p1": [
        2.8264329222466773,
        1.1992183348358207
      ],
      "p2": [
        3.7320377684879253,
        1.3431241400577876
      ],
      "length": 0.9169672940253742,
      "direction": [
        0.9876086662424435,
        0.15693668264883703
      ],
      "rmse": 0.014449230074783707
    }
  ],
  "metadata": {
    "input_file": "/home/qzl/test_road/test_online_road/extracted_lidar_data_code/extracted_lidar_data/laserscan_json2/laserscan_000078.json",
    "num_walls": 4,
    "x_limit": 10.0,
    "y_limit": 5.0,
    "params": {
      "rdp_epsilon": 0.05,
      "wall_rmse_thresh": 0.07,
      "min_wall_length": 0.8,
      "gap_thresh": 2
    }
  }
}