{
  "walls": [
    {
      "id": 0,
      "p1": [
        -1.5359277664251665,
        -1.198000639641593
      ],
      "p2": [
        4.496287043160036,
        -1.0246880159998162
      ],
      "length": 6.0347040337113995,
      "direction": [
        0.9995875151261232,
        0.02871932453910494
      ],
      "rmse": 0.0040681253643515105
    },
    {
      "id": 1,
      "p1": [
        6.132339057710151,
        1.7582103920251675
      ],
      "p2": [
        6.155452062903732,
        0.34868050599785727
      ],
      "length": 1.4097193730006128,
      "direction": [
        0.016395465392775938,
        -0.9998655853226244
      ],
      "rmse": 0.0059936031347393795
    },
    {
      "id": 2,
      "p1": [
        -1.721981483115409,
        1.1153284338442755
      ],
      "p2": [
        4.514612805123395,
        1.3608776273397352
      ],
      "length": 6.241426337186008,
      "direction": [
        0.9992258101446057,
        0.039341839545914095
      ],
      "rmse": 0.04188832245154427
    }
  ],
  "metadata": {
    "input_file": "/home/qzl/test_road/test_online_road/extracted_lidar_data_code/extracted_lidar_data/laserscan_json2/laserscan_000082.json",
    "num_walls": 3,
    "x_limit": 10.0,
    "y_limit": 5.0,
    "params": {
      "rdp_epsilon": 0.05,
      "wall_rmse_thresh": 0.07,
      "min_wall_length": 0.8,
      "gap_thresh": 2
    }
  }
}