{
  "walls": [
    {
      "id": 0,
      "p1": [
        -2.8998680571225273,
        -0.8852255808765834
      ],
      "p2": [
        4.7445465257404695,
        -1.062092765475799
      ],
      "length": 7.646460378219224,
      "direction": [
        0.9997324519761195,
        -0.023130595837891336
      ],
      "rmse": 0.006180089305688542
    },
    {
      "id": 1,
      "p1": [
        -1.7173770247369613,
        0.9304211785011917
      ],
      "p2": [
        4.003734190335645,
        0.6424405193387416
      ],
      "length": 5.728354597550783,
      "direction": [
        0.9987355212809285,
        -0.05027284087568377
      ],
      "rmse": 0.04821781194400425
    }
  ],
  "metadata": {
    "input_file": "/home/qzl/test_road/test_online_road/extracted_lidar_data_code/extracted_lidar_data/laserscan_json2/laserscan_000273.json",
    "num_walls": 2,
    "x_limit": 10.0,
    "y_limit": 5.0,
    "params": {
      "rdp_epsilon": 0.05,
      "wall_rmse_thresh": 0.07,
      "min_wall_length": 0.8,
      "gap_thresh": 2
    }
  }
}