{
  "walls": [
    {
      "id": 0,
      "p1": [
        -2.141043523109071,
        -0.9356103141235788
      ],
      "p2": [
        5.52038553744321,
        -0.9134682869721268
      ],
      "length": 7.661461056433126,
      "direction": [
        0.9999958237876209,
        0.0028900528226059033
      ],
      "rmse": 0.003933610973990534
    },
    {
      "id": 1,
      "p1": [
        -1.1706749583301446,
        0.8105304830110847
      ],
      "p2": [
        4.967912571064863,
        0.8251119374548898
      ],
      "length": 6.138604847590175,
      "direction": [
        0.9999971788049995,
        0.002375369453779834
      ],
      "rmse": 0.00359156014240629
    },
    {
      "id": 2,
      "p1": [
        -3.1554243637448787,
        1.8204224532215574
      ],
      "p2": [
        -3.148477598330331,
        0.8139009771495751
      ],
      "length": 1.0065454482256857,
      "direction": [
        0.006901591405322619,
        -0.9999761837334297
      ],
      "rmse": 0.002736165731705074
    }
  ],
  "metadata": {
    "input_file": "/home/qzl/test_road/test_online_road/extracted_lidar_data_code/extracted_lidar_data/laserscan_json2/laserscan_000354.json",
    "num_walls": 3,
    "x_limit": 10.0,
    "y_limit": 5.0,
    "params": {
      "rdp_epsilon": 0.05,
      "wall_rmse_thresh": 0.07,
      "min_wall_length": 0.8,
      "gap_thresh": 2
    }
  }
}