{
  "walls": [
    {
      "id": 0,
      "p1": [
        -1.2801760270386797,
        -1.7093862361975733
      ],
      "p2": [
        -0.3490986668296594,
        -1.676588937973444
      ],
      "length": 0.9316548252784398,
      "direction": [
        0.9993801727263336,
        0.035203271999685516
      ],
      "rmse": 0.0018058083202108044
    },
    {
      "id": 1,
      "p1": [
        7.1116879170490055,
        -1.4136242088352782
      ],
      "p2": [
        7.144945315064775,
        -2.527881438681976
      ],
      "length": 1.114753438563172,
      "direction": [
        0.02983385999562551,
        -0.9995548713281134
      ],
      "rmse": 0.0031309930487867185
    },
    {
      "id": 2,
      "p1": [
        -5.688018178404089,
        1.7136248569763954
      ],
      "p2": [
        -4.010116038193674,
        1.774944309552799
      ],
      "length": 1.679022235524879,
      "direction": [
        0.9993328883367697,
        0.03652092943079648
      ],
      "rmse": 0.0048721598264540875
    },
    {
      "id": 3,
      "p1": [
        -0.6160194031271424,
        1.923338185446689
      ],
      "p2": [
        7.004276909406573,
        2.2038746715751434
      ],
      "length": 7.62545845250397,
      "direction": [
        0.9993230387379293,
        0.036789458348704805
      ],
      "rmse": 0.0031872203511735626
    }
  ],
  "metadata": {
    "input_file": "/home/qzl/test_road/test_online_road/extracted_lidar_data_code/extracted_lidar_data/laserscan_json2/laserscan_000880.json",
    "num_walls": 4,
    "x_limit": 10.0,
    "y_limit": 5.0,
    "params": {
      "rdp_epsilon": 0.05,
      "wall_rmse_thresh": 0.07,
      "min_wall_length": 0.8,
      "gap_thresh": 2
    }
  }
}