{
  "walls": [
    {
      "id": 0,
      "p1": [
        -3.47183264879169,
        -0.46302389824188156
      ],
      "p2": [
        4.408378297722182,
        -0.8553352758993107
      ],
      "length": 7.889970391490485,
      "direction": [
        0.99876305683035,
        -0.049722794660947485
      ],
      "rmse": 0.03327774014949465
    },
    {
      "id": 1,
      "p1": [
        -3.2516152862508623,
        1.2967077328099073
      ],
      "p2": [
        2.4327194816863984,
        0.9711827669959681
      ],
      "length": 5.693648062301402,
      "direction": [
        0.9983642658857875,
        -0.05717335568542934
      ],
      "rmse": 0.008626796149784037
    },
    {
      "id": 2,
      "p1": [
        4.764376751092646,
        0.8400526609868777
      ],
      "p2": [
        5.835342737034599,
        0.7754685937187504
      ],
      "length": 1.072911573611504,
      "direction": [
        0.998186628126237,
        -0.06019514455480016
      ],
      "rmse": 0.004846308840439993
    },
    {
      "id": 3,
      "p1": [
        4.826800232974447,
        1.925855786495141
      ],
      "p2": [
        4.764025755541254,
        0.8401084754401082
      ],
      "length": 1.087560507962773,
      "direction": [
        -0.0577204458726813,
        -0.9983327852606358
      ],
      "rmse": 0.002329944754881389
    }
  ],
  "metadata": {
    "input_file": "/home/qzl/test_road/test_online_road/extracted_lidar_data_code/extracted_lidar_data/laserscan_json2/laserscan_000534.json",
    "num_walls": 4,
    "x_limit": 10.0,
    "y_limit": 5.0,
    "params": {
      "rdp_epsilon": 0.05,
      "wall_rmse_thresh": 0.07,
      "min_wall_length": 0.8,
      "gap_thresh": 2
    }
  }
}