{
  "walls": [
    {
      "id": 0,
      "p1": [
        -1.2444143062311541,
        -0.8629433673089383
      ],
      "p2": [
        5.590175211174131,
        -0.7998389027024534
      ],
      "length": 6.834880836187232,
      "direction": [
        0.9999573776345536,
        0.00923270882387819
      ],
      "rmse": 0.004200840753646959
    },
    {
      "id": 1,
      "p1": [
        -3.790656842046314,
        0.8125545155648684
      ],
      "p2": [
        5.399163053242694,
        0.9926692575601839
      ],
      "length": 9.191584794154581,
      "direction": [
        0.9998079875326956,
        0.019595613382110123
      ],
      "rmse": 0.02112221515294816
    }
  ],
  "metadata": {
    "input_file": "/home/qzl/test_road/test_online_road/extracted_lidar_data_code/extracted_lidar_data/laserscan_json2/laserscan_000227.json",
    "num_walls": 2,
    "x_limit": 10.0,
    "y_limit": 5.0,
    "params": {
      "rdp_epsilon": 0.05,
      "wall_rmse_thresh": 0.07,
      "min_wall_length": 0.8,
      "gap_thresh": 2
    }
  }
}