{
  "walls": [
    {
      "id": 0,
      "p1": [
        -0.8712673709062942,
        -0.8971444469413141
      ],
      "p2": [
        5.31196620373562,
        -0.759522504565328
      ],
      "length": 6.184764929858076,
      "direction": [
        0.9997523987993542,
        0.022251766063323374
      ],
      "rmse": 0.005508742723581751
    },
    {
      "id": 1,
      "p1": [
        -1.2549064393442746,
        0.8090716962839982
      ],
      "p2": [
        5.166185514414917,
        0.9967653099092904
      ],
      "length": 6.423834584671897,
      "direction": [
        0.9995730539317326,
        0.029218313633567985
      ],
      "rmse": 0.004694461882775754
    }
  ],
  "metadata": {
    "input_file": "/home/qzl/test_road/test_online_road/extracted_lidar_data_code/extracted_lidar_data/laserscan_json2/laserscan_000192.json",
    "num_walls": 2,
    "x_limit": 10.0,
    "y_limit": 5.0,
    "params": {
      "rdp_epsilon": 0.05,
      "wall_rmse_thresh": 0.07,
      "min_wall_length": 0.8,
      "gap_thresh": 2
    }
  }
}