{
  "walls": [
    {
      "id": 0,
      "p1": [
        -0.6181634713453469,
        -0.9286136724620393
      ],
      "p2": [
        5.521114656201397,
        -0.9062135020129903
      ],
      "length": 6.139318992771917,
      "direction": [
        0.9999933436865942,
        0.0036486409120293673
      ],
      "rmse": 0.002843059625517272
    },
    {
      "id": 1,
      "p1": [
        -4.509485441054338,
        0.797444420073966
      ],
      "p2": [
        5.03086823286213,
        0.8374583327853061
      ],
      "length": 9.54043758622328,
      "direction": [
        0.9999912045631454,
        0.0041941380937370815
      ],
      "rmse": 0.0033517748870227695
    },
    {
      "id": 2,
      "p1": [
        -2.352203361622028,
        4.290226197072443
      ],
      "p2": [
        -2.3748081502528757,
        0.8011572381060512
      ],
      "length": 3.4891421835304834,
      "direction": [
        -0.006478609194410145,
        -0.9999790135902382
      ],
      "rmse": 0.005867351094141346
    },
    {
      "id": 3,
      "p1": [
        -2.3280635240470633,
        2.9649683331380237
      ],
      "p2": [
        -2.1481368513735513,
        1.7699160830691554
      ],
      "length": 1.2085211987938094,
      "direction": [
        0.14888168519750564,
        -0.988855016577633
      ],
      "rmse": 0.01036037150827695
    }
  ],
  "metadata": {
    "input_file": "/home/qzl/test_road/test_online_road/extracted_lidar_data_code/extracted_lidar_data/laserscan_json2/laserscan_000345.json",
    "num_walls": 4,
    "x_limit": 10.0,
    "y_limit": 5.0,
    "params": {
      "rdp_epsilon": 0.05,
      "wall_rmse_thresh": 0.07,
      "min_wall_length": 0.8,
      "gap_thresh": 2
    }
  }
}