{
  "walls": [
    {
      "id": 0,
      "p1": [
        -6.194486418271432,
        4.956405756273655
      ],
      "p2": [
        -5.02248471924738,
        -2.582992670956939
      ],
      "length": 7.629948664771108,
      "direction": [
        0.15360545011714558,
        -0.988132261234451
      ],
      "rmse": 0.005989624582496783
    },
    {
      "id": 1,
      "p1": [
        9.796499669105245,
        0.04298851230796352
      ],
      "p2": [
        9.97147902923975,
        -1.0899042805827794
      ],
      "length": 1.1463262435523618,
      "direction": [
        0.15264359611281925,
        -0.9882813023445027
      ],
      "rmse": 0.0034598062593381154
    },
    {
      "id": 2,
      "p1": [
        4.99273490889327,
        2.916514437824737
      ],
      "p2": [
        6.924101709230781,
        3.2118856674024565
      ],
      "length": 1.9538223769596375,
      "direction": [
        0.9885068484787234,
        0.15117609106159072
      ],
      "rmse": 0.01080862407877749
    },
    {
      "id": 3,
      "p1": [
        1.5819200303731826,
        1.6956795355381855
      ],
      "p2": [
        2.4769382460767035,
        1.8499879003399724
      ],
      "length": 0.9082228129093189,
      "direction": [
        0.9854610597542749,
        0.16990144115333883
      ],
      "rmse": 0.0017414237970555782
    }
  ],
  "metadata": {
    "input_file": "/home/qzl/test_road/test_online_road/extracted_lidar_data_code/extracted_lidar_data/laserscan_json2/laserscan_000766.json",
    "num_walls": 4,
    "x_limit": 10.0,
    "y_limit": 5.0,
    "params": {
      "rdp_epsilon": 0.05,
      "wall_rmse_thresh": 0.07,
      "min_wall_length": 0.8,
      "gap_thresh": 2
    }
  }
}