{
  "walls": [
    {
      "id": 0,
      "p1": [
        -2.517564481443634,
        -0.9312943261607045
      ],
      "p2": [
        5.140839640078274,
        -0.9245593389631215
      ],
      "length": 7.658407082977263,
      "direction": [
        0.9999996133056156,
        0.0008794240270338343
      ],
      "rmse": 0.004154693367693071
    },
    {
      "id": 1,
      "p1": [
        -1.4368214138171265,
        0.8102337690707409
      ],
      "p2": [
        5.239963729158832,
        0.8148367741253458
      ],
      "length": 6.676786729641739,
      "direction": [
        0.9999997623598713,
        0.0006894042360474392
      ],
      "rmse": 0.003516787379197909
    }
  ],
  "metadata": {
    "input_file": "/home/qzl/test_road/test_online_road/extracted_lidar_data_code/extracted_lidar_data/laserscan_json2/laserscan_000357.json",
    "num_walls": 2,
    "x_limit": 10.0,
    "y_limit": 5.0,
    "params": {
      "rdp_epsilon": 0.05,
      "wall_rmse_thresh": 0.07,
      "min_wall_length": 0.8,
      "gap_thresh": 2
    }
  }
}