{
  "walls": [
    {
      "id": 0,
      "p1": [
        -7.8771160642671205,
        -0.24084700440100493
      ],
      "p2": [
        -7.735644412968485,
        -1.8545004702966685
      ],
      "length": 1.6198431208355488,
      "direction": [
        0.08733663740567667,
        -0.9961788553089598
      ],
      "rmse": 0.0034006954315412923
    },
    {
      "id": 1,
      "p1": [
        -6.037162162122083,
        -1.7587071657815847
      ],
      "p2": [
        6.034540750106195,
        -0.6749797456808293
      ],
      "length": 12.12025067076498,
      "direction": [
        0.9959944922042022,
        0.08941460449441936
      ],
      "rmse": 0.025030653794080437
    },
    {
      "id": 2,
      "p1": [
        7.629417863099543,
        2.078714398852561
      ],
      "p2": [
        7.72965486700851,
        0.8117141574791699
      ],
      "length": 1.2709591136590024,
      "direction": [
        0.0788672136118455,
        -0.9968851301003057
      ],
      "rmse": 0.005159940547592864
    },
    {
      "id": 3,
      "p1": [
        0.8798259039713403,
        1.2183162042375506
      ],
      "p2": [
        5.761085724451723,
        1.6980030905795545
      ],
      "length": 4.9047728738408125,
      "direction": [
        0.995206087219509,
        0.09780002024148625
      ],
      "rmse": 0.0540905717320557
    }
  ],
  "metadata": {
    "input_file": "/home/qzl/test_road/test_online_road/extracted_lidar_data_code/extracted_lidar_data/laserscan_json2/laserscan_000061.json",
    "num_walls": 4,
    "x_limit": 10.0,
    "y_limit": 5.0,
    "params": {
      "rdp_epsilon": 0.05,
      "wall_rmse_thresh": 0.07,
      "min_wall_length": 0.8,
      "gap_thresh": 2
    }
  }
}