{
  "walls": [
    {
      "id": 0,
      "p1": [
        -3.6867965855745655,
        -1.1370393322019912
      ],
      "p2": [
        2.415797171460221,
        -1.0516447695466749
      ],
      "length": 6.103191197622031,
      "direction": [
        0.99990211012993,
        0.01399178886751949
      ],
      "rmse": 0.0031342957827885745
    },
    {
      "id": 1,
      "p1": [
        4.171841485868453,
        2.1492639138995937
      ],
      "p2": [
        4.177334012446119,
        0.3290826487484767
      ],
      "length": 1.82018955217728,
      "direction": [
        0.0030175574687215344,
        -0.9999954471620972
      ],
      "rmse": 0.002150866438248937
    },
    {
      "id": 2,
      "p1": [
        -0.9875390119250946,
        1.310176546968126
      ],
      "p2": [
        2.407415230627098,
        1.2486505754151618
      ],
      "length": 3.3955117072686805,
      "direction": [
        0.9998358230605746,
        -0.0181197936738653
      ],
      "rmse": 0.055399785046596366
    }
  ],
  "metadata": {
    "input_file": "/home/qzl/test_road/test_online_road/extracted_lidar_data_code/extracted_lidar_data/laserscan_json2/laserscan_000108.json",
    "num_walls": 3,
    "x_limit": 10.0,
    "y_limit": 5.0,
    "params": {
      "rdp_epsilon": 0.05,
      "wall_rmse_thresh": 0.07,
      "min_wall_length": 0.8,
      "gap_thresh": 2
    }
  }
}