{
  "walls": [
    {
      "id": 0,
      "p1": [
        -1.4974535014850128,
        -0.7794961871931153
      ],
      "p2": [
        4.8290186093137235,
        -0.5230480382868992
      ],
      "length": 6.33166763355371,
      "direction": [
        0.9991794384888797,
        0.04050246534529888
      ],
      "rmse": 0.004070288930187884
    },
    {
      "id": 1,
      "p1": [
        -2.8422526028716915,
        0.9085352113525882
      ],
      "p2": [
        1.2130137459055523,
        1.0772025709228001
      ],
      "length": 4.058772454537148,
      "direction": [
        0.9991361659705659,
        0.04155624920078889
      ],
      "rmse": 0.002439385590561193
    },
    {
      "id": 2,
      "p1": [
        4.1104867847208615,
        1.179874034838806
      ],
      "p2": [
        5.548520997685581,
        1.2355658949180854
      ],
      "length": 1.4391122197160826,
      "direction": [
        0.999250922382541,
        0.03869876116416481
      ],
      "rmse": 0.004580729767642947
    }
  ],
  "metadata": {
    "input_file": "/home/qzl/test_road/test_online_road/extracted_lidar_data_code/extracted_lidar_data/laserscan_json2/laserscan_000441.json",
    "num_walls": 3,
    "x_limit": 10.0,
    "y_limit": 5.0,
    "params": {
      "rdp_epsilon": 0.05,
      "wall_rmse_thresh": 0.07,
      "min_wall_length": 0.8,
      "gap_thresh": 2
    }
  }
}