{
  "walls": [
    {
      "id": 0,
      "p1": [
        -2.2680558609114025,
        -1.0066485278654325
      ],
      "p2": [
        5.095948126831768,
        -0.7681122638948044
      ],
      "length": 7.36786633162725,
      "direction": [
        0.999475785292838,
        0.03237521600336999
      ],
      "rmse": 0.00494727845139682
    },
    {
      "id": 1,
      "p1": [
        -5.243474061392387,
        0.6231004716530603
      ],
      "p2": [
        -4.203443665159861,
        0.6606133559245696
      ],
      "length": 1.0407067029542731,
      "direction": [
        0.9993501466639285,
        0.036045587258142324
      ],
      "rmse": 0.0031086669274450057
    },
    {
      "id": 2,
      "p1": [
        -0.8206712572809269,
        0.7598582720329222
      ],
      "p2": [
        5.1006430129961275,
        0.9790256154074588
      ],
      "length": 5.925368934656182,
      "direction": [
        0.9993157110671481,
        0.03698796577753255
      ],
      "rmse": 0.003353132280959389
    }
  ],
  "metadata": {
    "input_file": "/home/qzl/test_road/test_online_road/extracted_lidar_data_code/extracted_lidar_data/laserscan_json2/laserscan_000163.json",
    "num_walls": 3,
    "x_limit": 10.0,
    "y_limit": 5.0,
    "params": {
      "rdp_epsilon": 0.05,
      "wall_rmse_thresh": 0.07,
      "min_wall_length": 0.8,
      "gap_thresh": 2
    }
  }
}