{
  "walls": [
    {
      "id": 0,
      "p1": [
        -0.744258153891794,
        -1.111207601223434
      ],
      "p2": [
        -0.9562752153712922,
        -4.860362267750979
      ],
      "length": 3.755144730620069,
      "direction": [
        -0.05646042341603088,
        -0.9984048380219732
      ],
      "rmse": 0.011022281909732267
    },
    {
      "id": 1,
      "p1": [
        0.2511059157799602,
        -1.157295286425563
      ],
      "p2": [
        5.939057810543757,
        -1.5910944798464888
      ],
      "length": 5.704470045267984,
      "direction": [
        0.9971043496803744,
        -0.0760454853786708
      ],
      "rmse": 0.013935539058151675
    },
    {
      "id": 2,
      "p1": [
        9.418523030617902,
        2.2160078831131056
      ],
      "p2": [
        9.185777712933533,
        -1.742453528428927
      ],
      "length": 3.9652978613934335,
      "direction": [
        -0.058695544652564255,
        -0.9982759303098212
      ],
      "rmse": 0.0034066181846368307
    },
    {
      "id": 3,
      "p1": [
        -1.9736726771117343,
        1.2900658101091114
      ],
      "p2": [
        2.366715384301884,
        1.103157579949401
      ],
      "length": 4.344410571085945,
      "direction": [
        0.9990740954127497,
        -0.043022690213370705
      ],
      "rmse": 0.0276503247929417
    }
  ],
  "metadata": {
    "input_file": "/home/qzl/test_road/test_online_road/extracted_lidar_data_code/extracted_lidar_data/laserscan_json2/laserscan_000618.json",
    "num_walls": 4,
    "x_limit": 10.0,
    "y_limit": 5.0,
    "params": {
      "rdp_epsilon": 0.05,
      "wall_rmse_thresh": 0.07,
      "min_wall_length": 0.8,
      "gap_thresh": 2
    }
  }
}