{
  "walls": [
    {
      "id": 0,
      "p1": [
        -1.974253397780648,
        -0.896659531229122
      ],
      "p2": [
        5.4503999953001045,
        -0.7728551515802958
      ],
      "length": 7.425685526051165,
      "direction": [
        0.9998610050244903,
        0.016672451211994586
      ],
      "rmse": 0.005513774775340031
    },
    {
      "id": 1,
      "p1": [
        0.1405458306512017,
        -1.0787831220213147
      ],
      "p2": [
        -0.21324902299744733,
        -1.8406382624589483
      ],
      "length": 0.8399964603970159,
      "direction": [
        -0.42118612438090225,
        -0.9069742271018483
      ],
      "rmse": 0.011765698861026377
    },
    {
      "id": 2,
      "p1": [
        -3.778418363630044,
        0.7904083012229588
      ],
      "p2": [
        4.18212133224084,
        0.955646588432406
      ],
      "length": 7.962254450913762,
      "direction": [
        0.9997846395061336,
        0.020752701163716143
      ],
      "rmse": 0.0036340712127800497
    }
  ],
  "metadata": {
    "input_file": "/home/qzl/test_road/test_online_road/extracted_lidar_data_code/extracted_lidar_data/laserscan_json2/laserscan_000209.json",
    "num_walls": 3,
    "x_limit": 10.0,
    "y_limit": 5.0,
    "params": {
      "rdp_epsilon": 0.05,
      "wall_rmse_thresh": 0.07,
      "min_wall_length": 0.8,
      "gap_thresh": 2
    }
  }
}