{
  "walls": [
    {
      "id": 0,
      "p1": [
        -1.405330596451551,
        -0.8014592677327342
      ],
      "p2": [
        4.60455169628409,
        -0.4075660288758111
      ],
      "length": 6.022776523843019,
      "direction": [
        0.9978590885678154,
        0.06540060672966717
      ],
      "rmse": 0.08973143859997712
    },
    {
      "id": 1,
      "p1": [
        -1.8132456238809278,
        1.0751283147558934
      ],
      "p2": [
        6.072500540496137,
        1.2787145723584934
      ],
      "length": 7.888373719168751,
      "direction": [
        0.9996669079213139,
        0.02580839408098551
      ],
      "rmse": 0.004407377050473124
    },
    {
      "id": 2,
      "p1": [
        -0.8008464059243028,
        2.9866409212178686
      ],
      "p2": [
        5.946834784137378e-05,
        2.99739434271345
      ],
      "length": 0.800978061820353,
      "direction": [
        0.9999098757476008,
        0.013425363325347406
      ],
      "rmse": 0.0020510611002506427
    }
  ],
  "metadata": {
    "input_file": "/home/qzl/test_road/test_online_road/extracted_lidar_data_code/extracted_lidar_data/laserscan_json2/laserscan_000483.json",
    "num_walls": 3,
    "x_limit": 10.0,
    "y_limit": 5.0,
    "params": {
      "rdp_epsilon": 0.05,
      "wall_rmse_thresh": 0.07,
      "min_wall_length": 0.8,
      "gap_thresh": 2
    }
  }
}