{
  "walls": [
    {
      "id": 0,
      "p1": [
        -1.7940203006444166,
        -0.9021222085243251
      ],
      "p2": [
        5.387112687019345,
        -0.7638103193412555
      ],
      "length": 7.182464839120485,
      "direction": [
        0.9998145690241809,
        0.01925688357422826
      ],
      "rmse": 0.0054780806797825226
    },
    {
      "id": 1,
      "p1": [
        0.656862818502515,
        -1.0981533873673495
      ],
      "p2": [
        0.3431439680515739,
        -1.8366350759176535
      ],
      "length": 0.8023557324855156,
      "direction": [
        -0.3909972070353356,
        -0.920391864418937
      ],
      "rmse": 0.011306408867754292
    },
    {
      "id": 2,
      "p1": [
        -0.9488809727610751,
        0.8371115384740793
      ],
      "p2": [
        4.71075388098304,
        0.9711531266286118
      ],
      "length": 5.661221937450444,
      "direction": [
        0.9997196570405606,
        0.023677147731601678
      ],
      "rmse": 0.004582409629176075
    }
  ],
  "metadata": {
    "input_file": "/home/qzl/test_road/test_online_road/extracted_lidar_data_code/extracted_lidar_data/laserscan_json2/laserscan_000202.json",
    "num_walls": 3,
    "x_limit": 10.0,
    "y_limit": 5.0,
    "params": {
      "rdp_epsilon": 0.05,
      "wall_rmse_thresh": 0.07,
      "min_wall_length": 0.8,
      "gap_thresh": 2
    }
  }
}