{
  "walls": [
    {
      "id": 0,
      "p1": [
        -0.964315607279779,
        -0.9287352034884759
      ],
      "p2": [
        5.7177303248647044,
        -0.9128094600195265
      ],
      "length": 6.682064910534294,
      "direction": [
        0.9999971598006384,
        0.0023833565944303514
      ],
      "rmse": 0.003530692973405708
    },
    {
      "id": 1,
      "p1": [
        -4.884628027663137,
        0.8024385599683974
      ],
      "p2": [
        5.281072391019636,
        0.8296300474202147
      ],
      "length": 10.165736784876783,
      "direction": [
        0.9999964226691143,
        0.0026748171851392003
      ],
      "rmse": 0.00327634989296168
    },
    {
      "id": 2,
      "p1": [
        -2.6642152805587433,
        2.9143191553253485
      ],
      "p2": [
        -2.500986119198212,
        1.7358247154344688
      ],
      "length": 1.1897448902904273,
      "direction": [
        0.13719677444508535,
        -0.9905438128017682
      ],
      "rmse": 0.011207657981092578
    },
    {
      "id": 3,
      "p1": [
        -2.7286277966954526,
        1.8378945646812683
      ],
      "p2": [
        -2.717511381769456,
        0.8064887950912962
      ],
      "length": 1.0314656737983525,
      "direction": [
        0.010777299922206177,
        -0.999941923215737
      ],
      "rmse": 0.0024502111775457185
    }
  ],
  "metadata": {
    "input_file": "/home/qzl/test_road/test_online_road/extracted_lidar_data_code/extracted_lidar_data/laserscan_json2/laserscan_000349.json",
    "num_walls": 4,
    "x_limit": 10.0,
    "y_limit": 5.0,
    "params": {
      "rdp_epsilon": 0.05,
      "wall_rmse_thresh": 0.07,
      "min_wall_length": 0.8,
      "gap_thresh": 2
    }
  }
}