{
  "walls": [
    {
      "id": 0,
      "p1": [
        -1.3638366815799163,
        -0.9405820858287123
      ],
      "p2": [
        5.624792712285863,
        -0.7598865590171355
      ],
      "length": 6.99096500336073,
      "direction": [
        0.9996659102855162,
        0.025847007777113927
      ],
      "rmse": 0.06711571100548551
    },
    {
      "id": 1,
      "p1": [
        -1.2694170989539173,
        0.889772666433113
      ],
      "p2": [
        5.259064006440967,
        0.8703304311884813
      ],
      "length": 6.528510055442155,
      "direction": [
        0.9999955655955873,
        -0.002978050899746296
      ],
      "rmse": 0.0030541568464429653
    },
    {
      "id": 2,
      "p1": [
        1.5823487824791953,
        1.0118074626139617
      ],
      "p2": [
        2.8001162710109795,
        1.0163254728337108
      ],
      "length": 1.2177758695841179,
      "direction": [
        0.9999931177372118,
        0.0037100507019304386
      ],
      "rmse": 0.004262125879596086
    }
  ],
  "metadata": {
    "input_file": "/home/qzl/test_road/test_online_road/extracted_lidar_data_code/extracted_lidar_data/laserscan_json2/laserscan_000245.json",
    "num_walls": 3,
    "x_limit": 10.0,
    "y_limit": 5.0,
    "params": {
      "rdp_epsilon": 0.05,
      "wall_rmse_thresh": 0.07,
      "min_wall_length": 0.8,
      "gap_thresh": 2
    }
  }
}