{
  "walls": [
    {
      "id": 0,
      "p1": [
        -3.6890511897243172,
        -1.0108691355163266
      ],
      "p2": [
        5.469562148855218,
        -0.8489267277905581
      ],
      "length": 9.160044957805994,
      "direction": [
        0.999843710457513,
        0.01767921538284621
      ],
      "rmse": 0.0036781413505770333
    },
    {
      "id": 1,
      "p1": [
        -1.867186484988851,
        0.8229478793976003
      ],
      "p2": [
        2.6263969465203214,
        0.8018379705261827
      ],
      "length": 4.493633016189274,
      "direction": [
        0.9999889655687467,
        -0.004697737620171366
      ],
      "rmse": 0.03118288319788789
    }
  ],
  "metadata": {
    "input_file": "/home/qzl/test_road/test_online_road/extracted_lidar_data_code/extracted_lidar_data/laserscan_json2/laserscan_000287.json",
    "num_walls": 2,
    "x_limit": 10.0,
    "y_limit": 5.0,
    "params": {
      "rdp_epsilon": 0.05,
      "wall_rmse_thresh": 0.07,
      "min_wall_length": 0.8,
      "gap_thresh": 2
    }
  }
}