{
  "walls": [
    {
      "id": 0,
      "p1": [
        -2.3829471057551124,
        -0.9317750263002094
      ],
      "p2": [
        5.4755142483084684,
        -0.9651473334760111
      ],
      "length": 7.858532214364018,
      "direction": [
        0.9999909830097578,
        -0.0042466336289580554
      ],
      "rmse": 0.00663262272091676
    },
    {
      "id": 1,
      "p1": [
        -1.1249291277943037,
        0.7977282182473509
      ],
      "p2": [
        5.425417015578127,
        0.7791157770276261
      ],
      "length": 6.5503725864230224,
      "direction": [
        0.9999959631216709,
        -0.002841432448939481
      ],
      "rmse": 0.003829314278121988
    }
  ],
  "metadata": {
    "input_file": "/home/qzl/test_road/test_online_road/extracted_lidar_data_code/extracted_lidar_data/laserscan_json2/laserscan_000372.json",
    "num_walls": 2,
    "x_limit": 10.0,
    "y_limit": 5.0,
    "params": {
      "rdp_epsilon": 0.05,
      "wall_rmse_thresh": 0.07,
      "min_wall_length": 0.8,
      "gap_thresh": 2
    }
  }
}