{
  "walls": [
    {
      "id": 0,
      "p1": [
        -2.945674338160921,
        -0.019263470804993243
      ],
      "p2": [
        -0.3646215538099634,
        -1.2553058957910674
      ],
      "length": 2.8617537196571066,
      "direction": [
        0.9019129656823287,
        -0.4319178189564615
      ],
      "rmse": 0.004290738007685618
    },
    {
      "id": 1,
      "p1": [
        4.391766432283265,
        4.990032002376332
      ],
      "p2": [
        1.8054069623143487,
        -0.7573891601185633
      ],
      "length": 6.30254752675393,
      "direction": [
        -0.41036730924874293,
        -0.9119203208054673
      ],
      "rmse": 0.010406268970789537
    },
    {
      "id": 2,
      "p1": [
        0.8000148225428589,
        -2.88325857958512
      ],
      "p2": [
        -0.2206280968147447,
        -4.9821932472469035
      ],
      "length": 2.3339320272765645,
      "direction": [
        -0.43730618862433546,
        -0.899312680544902
      ],
      "rmse": 0.0031240932448432126
    },
    {
      "id": 3,
      "p1": [
        -0.8841613195084048,
        1.656394670348579
      ],
      "p2": [
        0.6214084017403823,
        0.8236142816060762
      ],
      "length": 1.7205415895627936,
      "direction": [
        0.8750556977991224,
        -0.4840222368314198
      ],
      "rmse": 0.022495502322202224
    }
  ],
  "metadata": {
    "input_file": "/home/qzl/test_road/test_online_road/extracted_lidar_data_code/extracted_lidar_data/laserscan_json2/laserscan_000137.json",
    "num_walls": 4,
    "x_limit": 10.0,
    "y_limit": 5.0,
    "params": {
      "rdp_epsilon": 0.05,
      "wall_rmse_thresh": 0.07,
      "min_wall_length": 0.8,
      "gap_thresh": 2
    }
  }
}