{
  "walls": [
    {
      "id": 0,
      "p1": [
        -6.6670545653272955,
        4.967513861279323
      ],
      "p2": [
        -4.154275895340911,
        -4.072019467841907
      ],
      "length": 9.38228220917662,
      "direction": [
        0.2678216892182345,
        -0.9634684959988526
      ],
      "rmse": 0.00544525304514824
    },
    {
      "id": 1,
      "p1": [
        4.953306938422652,
        3.4347366425325703
      ],
      "p2": [
        6.522732622239918,
        3.868860482558434
      ],
      "length": 1.6283612883829235,
      "direction": [
        0.96380680074644,
        0.26660167072415764
      ],
      "rmse": 0.007706360541519227
    },
    {
      "id": 2,
      "p1": [
        1.6664843491039474,
        1.8557302498642831
      ],
      "p2": [
        2.545945786992579,
        2.104551453025491
      ],
      "length": 0.9139827196811383,
      "direction": [
        0.9622298309913017,
        0.2722384108616031
      ],
      "rmse": 0.0020420004872609768
    }
  ],
  "metadata": {
    "input_file": "/home/qzl/test_road/test_online_road/extracted_lidar_data_code/extracted_lidar_data/laserscan_json2/laserscan_000763.json",
    "num_walls": 3,
    "x_limit": 10.0,
    "y_limit": 5.0,
    "params": {
      "rdp_epsilon": 0.05,
      "wall_rmse_thresh": 0.07,
      "min_wall_length": 0.8,
      "gap_thresh": 2
    }
  }
}