{
  "walls": [
    {
      "id": 0,
      "p1": [
        -8.67763866732204,
        -0.03791826330000431
      ],
      "p2": [
        -8.653486535141655,
        -1.024019775724917
      ],
      "length": 0.9863972416301451,
      "direction": [
        0.02448519841808094,
        -0.999700192585971
      ],
      "rmse": 0.0020583933855107617
    },
    {
      "id": 1,
      "p1": [
        -3.033095140787492,
        -1.2732488192455993
      ],
      "p2": [
        5.202513077431273,
        -1.01770583123156
      ],
      "length": 8.239571890742601,
      "direction": [
        0.9995189467869653,
        0.031014109883657135
      ],
      "rmse": 0.015868780551240646
    },
    {
      "id": 2,
      "p1": [
        6.945556524201203,
        1.6668147204527917
      ],
      "p2": [
        6.955649326367171,
        0.3029768615351569
      ],
      "length": 1.3638752032618673,
      "direction": [
        0.007400092135864132,
        -0.9999726189423292
      ],
      "rmse": 0.004957524126062907
    },
    {
      "id": 3,
      "p1": [
        -0.472254070796166,
        1.1476376297866904
      ],
      "p2": [
        5.109816445322194,
        1.3439993371546173
      ],
      "length": 5.5855231775580645,
      "direction": [
        0.9993818553185566,
        0.03515547266130549
      ],
      "rmse": 0.043248811509753
    }
  ],
  "metadata": {
    "input_file": "/home/qzl/test_road/test_online_road/extracted_lidar_data_code/extracted_lidar_data/laserscan_json2/laserscan_000072.json",
    "num_walls": 4,
    "x_limit": 10.0,
    "y_limit": 5.0,
    "params": {
      "rdp_epsilon": 0.05,
      "wall_rmse_thresh": 0.07,
      "min_wall_length": 0.8,
      "gap_thresh": 2
    }
  }
}