{
  "walls": [
    {
      "id": 0,
      "p1": [
        -1.9681035176681088,
        -0.9828802926128483
      ],
      "p2": [
        4.586715711747883,
        -0.770500669094963
      ],
      "length": 6.558258933193112,
      "direction": [
        0.999475515709472,
        0.03238353741154723
      ],
      "rmse": 0.0042188586866701745
    },
    {
      "id": 1,
      "p1": [
        -1.278544845405879,
        0.7647717123833496
      ],
      "p2": [
        5.110477214485592,
        0.9803699271910123
      ],
      "length": 6.392658716997812,
      "direction": [
        0.9994311197775879,
        0.03372590722451371
      ],
      "rmse": 0.003562084372821741
    }
  ],
  "metadata": {
    "input_file": "/home/qzl/test_road/test_online_road/extracted_lidar_data_code/extracted_lidar_data/laserscan_json2/laserscan_000171.json",
    "num_walls": 2,
    "x_limit": 10.0,
    "y_limit": 5.0,
    "params": {
      "rdp_epsilon": 0.05,
      "wall_rmse_thresh": 0.07,
      "min_wall_length": 0.8,
      "gap_thresh": 2
    }
  }
}