{
  "walls": [
    {
      "id": 0,
      "p1": [
        -1.421588427212399,
        -0.7992962302286751
      ],
      "p2": [
        4.61697503685332,
        -0.44218661559554356
      ],
      "length": 6.0491136529588205,
      "direction": [
        0.9982559116088059,
        0.059035031431109
      ],
      "rmse": 0.09188978403040961
    },
    {
      "id": 1,
      "p1": [
        -1.79051577946065,
        1.07320969403079
      ],
      "p2": [
        6.047943443070239,
        1.2787266557374695
      ],
      "length": 7.841152989505351,
      "direction": [
        0.999656457795696,
        0.026210043597100975
      ],
      "rmse": 0.006076745272853213
    },
    {
      "id": 2,
      "p1": [
        -0.7034132509764386,
        3.0047712385150964
      ],
      "p2": [
        0.45455515538401736,
        2.9607606170152594
      ],
      "length": 1.158804455002558,
      "direction": [
        0.999278524828196,
        -0.037979334053988976
      ],
      "rmse": 0.016388394028802565
    }
  ],
  "metadata": {
    "input_file": "/home/qzl/test_road/test_online_road/extracted_lidar_data_code/extracted_lidar_data/laserscan_json2/laserscan_000482.json",
    "num_walls": 3,
    "x_limit": 10.0,
    "y_limit": 5.0,
    "params": {
      "rdp_epsilon": 0.05,
      "wall_rmse_thresh": 0.07,
      "min_wall_length": 0.8,
      "gap_thresh": 2
    }
  }
}