{
  "walls": [
    {
      "id": 0,
      "p1": [
        -1.9544063309611581,
        -0.7779990362139035
      ],
      "p2": [
        4.729739097423268,
        -0.5176575103748221
      ],
      "length": 6.689213542552565,
      "direction": [
        0.9992423452857974,
        0.03891960156193135
      ],
      "rmse": 0.004359936439910699
    },
    {
      "id": 1,
      "p1": [
        -2.7503008692085316,
        0.9347099467057948
      ],
      "p2": [
        1.5540757695706955,
        1.1059526667129527
      ],
      "length": 4.307781600502027,
      "direction": [
        0.9992095788406015,
        0.03975195028156257
      ],
      "rmse": 0.002721766663492834
    },
    {
      "id": 2,
      "p1": [
        4.098713994952151,
        1.1902782796830051
      ],
      "p2": [
        5.587522865576087,
        1.2446766359236228
      ],
      "length": 1.4898023474307593,
      "direction": [
        0.9993331485817394,
        0.03651380757613663
      ],
      "rmse": 0.004647416219311173
    }
  ],
  "metadata": {
    "input_file": "/home/qzl/test_road/test_online_road/extracted_lidar_data_code/extracted_lidar_data/laserscan_json2/laserscan_000447.json",
    "num_walls": 3,
    "x_limit": 10.0,
    "y_limit": 5.0,
    "params": {
      "rdp_epsilon": 0.05,
      "wall_rmse_thresh": 0.07,
      "min_wall_length": 0.8,
      "gap_thresh": 2
    }
  }
}