{
  "walls": [
    {
      "id": 0,
      "p1": [
        -2.0136348184319397,
        -0.8890390004336388
      ],
      "p2": [
        5.494947433600027,
        -0.7797904923285701
      ],
      "length": 7.50937698294956,
      "direction": [
        0.9998941681943915,
        0.014548278552670085
      ],
      "rmse": 0.006233439236078967
    },
    {
      "id": 1,
      "p1": [
        -2.9343568200619474,
        -2.90897287815357
      ],
      "p2": [
        -2.12827785458833,
        -2.898225975507121
      ],
      "length": 0.8061506028624611,
      "direction": [
        0.9999111364683033,
        0.013331135160451124
      ],
      "rmse": 0.0028536229659857325
    },
    {
      "id": 2,
      "p1": [
        -3.9858180175650197,
        0.7823770531925112
      ],
      "p2": [
        5.248825249761243,
        0.9931801449187746
      ],
      "length": 9.237048999450833,
      "direction": [
        0.9997395562009093,
        0.022821475964735646
      ],
      "rmse": 0.015126775149911457
    }
  ],
  "metadata": {
    "input_file": "/home/qzl/test_road/test_online_road/extracted_lidar_data_code/extracted_lidar_data/laserscan_json2/laserscan_000214.json",
    "num_walls": 3,
    "x_limit": 10.0,
    "y_limit": 5.0,
    "params": {
      "rdp_epsilon": 0.05,
      "wall_rmse_thresh": 0.07,
      "min_wall_length": 0.8,
      "gap_thresh": 2
    }
  }
}