{
  "walls": [
    {
      "id": 0,
      "p1": [
        0.6760232811338577,
        -1.6884588947746209
      ],
      "p2": [
        1.8791241036310629,
        -1.66879040098135
      ],
      "length": 1.20326158367229,
      "direction": [
        0.9998663954883382,
        0.016345983334084505
      ],
      "rmse": 0.0019344652216070986
    },
    {
      "id": 1,
      "p1": [
        0.6756094950424525,
        -1.6947294901269434
      ],
      "p2": [
        0.6902107033147654,
        -2.8038942193412195
      ],
      "length": 1.1092608312818,
      "direction": [
        0.013163007167057355,
        -0.9999133638672503
      ],
      "rmse": 0.002253036603423435
    },
    {
      "id": 2,
      "p1": [
        9.048013495464286,
        -1.593452642086505
      ],
      "p2": [
        9.061993691507109,
        -2.681863844436173
      ],
      "length": 1.0885009835924107,
      "direction": [
        0.012843530923296965,
        -0.9999175184541086
      ],
      "rmse": 0.0039302035436194595
    },
    {
      "id": 3,
      "p1": [
        -3.7106461919938396,
        1.785481683272984
      ],
      "p2": [
        7.521329828579799,
        2.0576203993609403
      ],
      "length": 11.23527235128438,
      "direction": [
        0.9997066087390757,
        0.024221817467252948
      ],
      "rmse": 0.024210555420317147
    }
  ],
  "metadata": {
    "input_file": "/home/qzl/test_road/test_online_road/extracted_lidar_data_code/extracted_lidar_data/laserscan_json2/laserscan_000859.json",
    "num_walls": 4,
    "x_limit": 10.0,
    "y_limit": 5.0,
    "params": {
      "rdp_epsilon": 0.05,
      "wall_rmse_thresh": 0.07,
      "min_wall_length": 0.8,
      "gap_thresh": 2
    }
  }
}