{
  "walls": [
    {
      "id": 0,
      "p1": [
        -3.4264341859516234,
        -0.5354628668869271
      ],
      "p2": [
        4.576975664126985,
        -0.7676789889759118
      ],
      "length": 8.006777975920985,
      "direction": [
        0.9995793406710528,
        -0.029002443028531916
      ],
      "rmse": 0.03483304006445308
    },
    {
      "id": 1,
      "p1": [
        -3.253931369131886,
        1.2319879509883864
      ],
      "p2": [
        2.4863583546578956,
        1.016617123688045
      ],
      "length": 5.744328568797106,
      "direction": [
        0.9992968986775924,
        -0.037492776522222146
      ],
      "rmse": 0.007898780769801661
    },
    {
      "id": 2,
      "p1": [
        4.827229902156035,
        0.9360183533890989
      ],
      "p2": [
        5.811870288661913,
        0.895565902924113
      ],
      "length": 0.9854709998204242,
      "direction": [
        0.9991571407827502,
        -0.0410488492023782
      ],
      "rmse": 0.004753786338972092
    },
    {
      "id": 3,
      "p1": [
        4.861640845346561,
        1.9878048855050718
      ],
      "p2": [
        4.823607207627002,
        0.9384712133793711
      ],
      "length": 1.050022720256562,
      "direction": [
        -0.03622172833577236,
        -0.9993437778834517
      ],
      "rmse": 0.002732905805424721
    }
  ],
  "metadata": {
    "input_file": "/home/qzl/test_road/test_online_road/extracted_lidar_data_code/extracted_lidar_data/laserscan_json2/laserscan_000533.json",
    "num_walls": 4,
    "x_limit": 10.0,
    "y_limit": 5.0,
    "params": {
      "rdp_epsilon": 0.05,
      "wall_rmse_thresh": 0.07,
      "min_wall_length": 0.8,
      "gap_thresh": 2
    }
  }
}