{
  "walls": [
    {
      "id": 0,
      "p1": [
        -1.9527492775465853,
        -0.7825083523460622
      ],
      "p2": [
        4.769333870280995,
        -0.5168400877514779
      ],
      "length": 6.727330932332692,
      "direction": [
        0.9992199306731571,
        0.03949088684153649
      ],
      "rmse": 0.004041945460179749
    },
    {
      "id": 1,
      "p1": [
        -2.6899422199841636,
        0.9356184450908518
      ],
      "p2": [
        1.4875035101733955,
        1.0985941681055893
      ],
      "length": 4.180623627487147,
      "direction": [
        0.9992398508890225,
        0.03898359133384476
      ],
      "rmse": 0.0025225685610451216
    },
    {
      "id": 2,
      "p1": [
        3.7393609077089507,
        1.1744079919562385
      ],
      "p2": [
        5.5775426767691005,
        1.2424909395959713
      ],
      "length": 1.839442171927244,
      "direction": [
        0.9993147907076568,
        0.03701282306055425
      ],
      "rmse": 0.004198211167007138
    }
  ],
  "metadata": {
    "input_file": "/home/qzl/test_road/test_online_road/extracted_lidar_data_code/extracted_lidar_data/laserscan_json2/laserscan_000446.json",
    "num_walls": 3,
    "x_limit": 10.0,
    "y_limit": 5.0,
    "params": {
      "rdp_epsilon": 0.05,
      "wall_rmse_thresh": 0.07,
      "min_wall_length": 0.8,
      "gap_thresh": 2
    }
  }
}