{
  "walls": [
    {
      "id": 0,
      "p1": [
        -3.4308661412543158,
        -0.5737760991635296
      ],
      "p2": [
        -2.5506360438241344,
        -0.5736375830680766
      ],
      "length": 0.8802301083288706,
      "direction": [
        0.9999999876173634,
        0.00015736350545401303
      ],
      "rmse": 0.0037904679155663194
    },
    {
      "id": 1,
      "p1": [
        -1.6012384392307264,
        -0.640734833489157
      ],
      "p2": [
        3.7267282910643416,
        -0.6846757811309278
      ],
      "length": 5.32814792268484,
      "direction": [
        0.9999659933624724,
        -0.008246945895523307
      ],
      "rmse": 0.0909657710708392
    },
    {
      "id": 2,
      "p1": [
        -3.781913903777617,
        1.168127600724326
      ],
      "p2": [
        1.3504064313410296,
        1.1282619503817943
      ],
      "length": 5.132475162370453,
      "direction": [
        0.9999698338029818,
        -0.0077673342941380836
      ],
      "rmse": 0.004483981503698063
    }
  ],
  "metadata": {
    "input_file": "/home/qzl/test_road/test_online_road/extracted_lidar_data_code/extracted_lidar_data/laserscan_json2/laserscan_000507.json",
    "num_walls": 3,
    "x_limit": 10.0,
    "y_limit": 5.0,
    "params": {
      "rdp_epsilon": 0.05,
      "wall_rmse_thresh": 0.07,
      "min_wall_length": 0.8,
      "gap_thresh": 2
    }
  }
}