{
  "walls": [
    {
      "id": 0,
      "p1": [
        -2.4613017052505364,
        -0.9298701728940866
      ],
      "p2": [
        4.8277823492241305,
        -0.925914383566119
      ],
      "length": 7.289085127878948,
      "direction": [
        0.9999998527371335,
        0.0005427003881232939
      ],
      "rmse": 0.004103484088377569
    },
    {
      "id": 1,
      "p1": [
        -1.451000053212838,
        0.8100925567488959
      ],
      "p2": [
        5.197728623426193,
        0.8132023784496106
      ],
      "length": 6.648729403920211,
      "direction": [
        0.9999998906125087,
        0.0004677317291448135
      ],
      "rmse": 0.003434053297592404
    }
  ],
  "metadata": {
    "input_file": "/home/qzl/test_road/test_online_road/extracted_lidar_data_code/extracted_lidar_data/laserscan_json2/laserscan_000358.json",
    "num_walls": 2,
    "x_limit": 10.0,
    "y_limit": 5.0,
    "params": {
      "rdp_epsilon": 0.05,
      "wall_rmse_thresh": 0.07,
      "min_wall_length": 0.8,
      "gap_thresh": 2
    }
  }
}