{
  "walls": [
    {
      "id": 0,
      "p1": [
        -3.3696753315417056,
        -0.534135353169702
      ],
      "p2": [
        -3.3242577498780643,
        -2.2881389051738195
      ],
      "length": 1.7545914673128997,
      "direction": [
        0.025884989474587762,
        -0.9996649275221674
      ],
      "rmse": 0.0055833402901047545
    },
    {
      "id": 1,
      "p1": [
        -1.6033944107095113,
        -1.1116706492046853
      ],
      "p2": [
        5.577429312042803,
        -0.8698279331296322
      ],
      "length": 7.184895074847019,
      "direction": [
        0.9994333456425634,
        0.0336598813977754
      ],
      "rmse": 0.00270312062574314
    },
    {
      "id": 2,
      "p1": [
        0.6976520434534499,
        1.3022905118448684
      ],
      "p2": [
        3.0660227144076826,
        1.383664741302408
      ],
      "length": 2.3697682165680276,
      "direction": [
        0.9994102606295447,
        0.034338476180302
      ],
      "rmse": 0.006053945688588883
    },
    {
      "id": 3,
      "p1": [
        -1.6942065101944137,
        1.191606049671418
      ],
      "p2": [
        -0.7305252110138485,
        1.319986721897116
      ],
      "length": 0.9721950644759847,
      "direction": [
        0.9912427396440526,
        0.1320523801411879
      ],
      "rmse": 0.01634452799440866
    }
  ],
  "metadata": {
    "input_file": "/home/qzl/test_road/test_online_road/extracted_lidar_data_code/extracted_lidar_data/laserscan_json2/laserscan_000597.json",
    "num_walls": 4,
    "x_limit": 10.0,
    "y_limit": 5.0,
    "params": {
      "rdp_epsilon": 0.05,
      "wall_rmse_thresh": 0.07,
      "min_wall_length": 0.8,
      "gap_thresh": 2
    }
  }
}