{
  "walls": [
    {
      "id": 0,
      "p1": [
        -2.57264884242348,
        -0.5182648285229164
      ],
      "p2": [
        4.769268868694862,
        -1.1755688494505558
      ],
      "length": 7.371282402184903,
      "direction": [
        0.9960163388849137,
        -0.08917091831024576
      ],
      "rmse": 0.00698294141302099
    },
    {
      "id": 1,
      "p1": [
        -0.5650103609052632,
        1.03465155982124
      ],
      "p2": [
        1.161369556413406,
        0.8990173348139696
      ],
      "length": 1.731699818650605,
      "direction": [
        0.9969279309979905,
        -0.07832432823884289
      ],
      "rmse": 0.0037019396689567754
    },
    {
      "id": 2,
      "p1": [
        3.490830485114019,
        0.6793404260718985
      ],
      "p2": [
        4.552984810670142,
        0.5779147751173677
      ],
      "length": 1.066985929602229,
      "direction": [
        0.9954717265587847,
        -0.09505809602591556
      ],
      "rmse": 0.0030159114045778066
    },
    {
      "id": 3,
      "p1": [
        3.695525612082885,
        2.8281250895249954
      ],
      "p2": [
        3.491660046563183,
        0.6784473884998323
      ],
      "length": 2.1593229001447414,
      "direction": [
        -0.09441180172999274,
        -0.9955332298281642
      ],
      "rmse": 0.0032787126734043904
    }
  ],
  "metadata": {
    "input_file": "/home/qzl/test_road/test_online_road/extracted_lidar_data_code/extracted_lidar_data/laserscan_json2/laserscan_000550.json",
    "num_walls": 4,
    "x_limit": 10.0,
    "y_limit": 5.0,
    "params": {
      "rdp_epsilon": 0.05,
      "wall_rmse_thresh": 0.07,
      "min_wall_length": 0.8,
      "gap_thresh": 2
    }
  }
}