{
  "walls": [
    {
      "id": 0,
      "p1": [
        -1.982244527365212,
        -0.8929962120842665
      ],
      "p2": [
        5.460309098414047,
        -0.7751735711134529
      ],
      "length": 7.443486189100195,
      "direction": [
        0.9998747141722727,
        0.015828959438821608
      ],
      "rmse": 0.006267668983021884
    },
    {
      "id": 1,
      "p1": [
        0.05407736088454254,
        -1.0743470608235524
      ],
      "p2": [
        -0.3397729595990524,
        -1.919955876473813
      ],
      "length": 0.932830286842396,
      "direction": [
        -0.4222100483211939,
        -0.9064980281802134
      ],
      "rmse": 0.01070940760657522
    },
    {
      "id": 2,
      "p1": [
        -3.8553694233194293,
        0.7930750207638968
      ],
      "p2": [
        4.097457927169693,
        0.9503259223229954
      ],
      "length": 7.954381856104785,
      "direction": [
        0.9998045724165956,
        0.019769091351612107
      ],
      "rmse": 0.0030920008433219957
    }
  ],
  "metadata": {
    "input_file": "/home/qzl/test_road/test_online_road/extracted_lidar_data_code/extracted_lidar_data/laserscan_json2/laserscan_000210.json",
    "num_walls": 3,
    "x_limit": 10.0,
    "y_limit": 5.0,
    "params": {
      "rdp_epsilon": 0.05,
      "wall_rmse_thresh": 0.07,
      "min_wall_length": 0.8,
      "gap_thresh": 2
    }
  }
}