{
  "walls": [
    {
      "id": 0,
      "p1": [
        -1.8121385462514827,
        -0.7853030542509133
      ],
      "p2": [
        5.048688618696835,
        -0.5154763159725982
      ],
      "length": 6.866131068948706,
      "direction": [
        0.9992275265423879,
        0.03929822130811132
      ],
      "rmse": 0.0041886201965083735
    },
    {
      "id": 1,
      "p1": [
        -2.6616319041439316,
        0.925964613307458
      ],
      "p2": [
        1.2488123614316444,
        1.0813066310775052
      ],
      "length": 3.9135285225302465,
      "direction": [
        0.9992118986891688,
        0.039693595402610575
      ],
      "rmse": 0.002185899879965663
    },
    {
      "id": 2,
      "p1": [
        3.9472339166303447,
        1.1724722194580255
      ],
      "p2": [
        5.523885314897922,
        1.2300730744946673
      ],
      "length": 1.5777032326011309,
      "direction": [
        0.999333312936555,
        0.0365093091313622
      ],
      "rmse": 0.00391495006032694
    }
  ],
  "metadata": {
    "input_file": "/home/qzl/test_road/test_online_road/extracted_lidar_data_code/extracted_lidar_data/laserscan_json2/laserscan_000443.json",
    "num_walls": 3,
    "x_limit": 10.0,
    "y_limit": 5.0,
    "params": {
      "rdp_epsilon": 0.05,
      "wall_rmse_thresh": 0.07,
      "min_wall_length": 0.8,
      "gap_thresh": 2
    }
  }
}