{
  "walls": [
    {
      "id": 0,
      "p1": [
        -1.496580830243944,
        -0.9370602109808064
      ],
      "p2": [
        5.5130959032621,
        -0.8632697141264375
      ],
      "length": 7.010065117078584,
      "direction": [
        0.9999445962950324,
        0.010526363966936588
      ],
      "rmse": 0.008113752374552273
    },
    {
      "id": 1,
      "p1": [
        -4.6799860555123205,
        0.7955012145626587
      ],
      "p2": [
        5.291943541111263,
        0.839454860830645
      ],
      "length": 9.97202646421667,
      "direction": [
        0.9999902860663872,
        0.004407694506795026
      ],
      "rmse": 0.01914875878977218
    },
    {
      "id": 2,
      "p1": [
        1.4138365006265052,
        2.646531937032012
      ],
      "p2": [
        2.3712663673271575,
        2.655634579610434
      ],
      "length": 0.9574731368306576,
      "direction": [
        0.9999548079948164,
        0.009506943044421626
      ],
      "rmse": 0.003302829830776054
    }
  ],
  "metadata": {
    "input_file": "/home/qzl/test_road/test_online_road/extracted_lidar_data_code/extracted_lidar_data/laserscan_json2/laserscan_000313.json",
    "num_walls": 3,
    "x_limit": 10.0,
    "y_limit": 5.0,
    "params": {
      "rdp_epsilon": 0.05,
      "wall_rmse_thresh": 0.07,
      "min_wall_length": 0.8,
      "gap_thresh": 2
    }
  }
}