{
  "walls": [
    {
      "id": 0,
      "p1": [
        -3.2568776571613225,
        -0.5868911262833673
      ],
      "p2": [
        4.449092024252332,
        -0.6988528824578987
      ],
      "length": 7.7067829971858,
      "direction": [
        0.9998944675385114,
        -0.014527690245761853
      ],
      "rmse": 0.04389438302681607
    },
    {
      "id": 1,
      "p1": [
        -2.873380680436768,
        1.1771675087186309
      ],
      "p2": [
        2.7124764451160095,
        1.0467941718399212
      ],
      "length": 5.587378368614178,
      "direction": [
        0.9997277358062001,
        -0.023333543618760753
      ],
      "rmse": 0.003919939001872612
    },
    {
      "id": 2,
      "p1": [
        5.06185586994997,
        0.9667344678989929
      ],
      "p2": [
        6.061612385864135,
        0.9347269550268508
      ],
      "length": 1.0002687498832947,
      "direction": [
        0.9994879036557027,
        -0.031998913167930715
      ],
      "rmse": 0.0047750779165492965
    }
  ],
  "metadata": {
    "input_file": "/home/qzl/test_road/test_online_road/extracted_lidar_data_code/extracted_lidar_data/laserscan_json2/laserscan_000530.json",
    "num_walls": 3,
    "x_limit": 10.0,
    "y_limit": 5.0,
    "params": {
      "rdp_epsilon": 0.05,
      "wall_rmse_thresh": 0.07,
      "min_wall_length": 0.8,
      "gap_thresh": 2
    }
  }
}