{
  "walls": [
    {
      "id": 0,
      "p1": [
        -3.8714535645040278,
        -0.8402106101556022
      ],
      "p2": [
        -3.877706901421035,
        -1.849032139427432
      ],
      "length": 1.0088409102256664,
      "direction": [
        -0.006198536214795289,
        -0.9999807888888634
      ],
      "rmse": 0.002136129510683822
    },
    {
      "id": 1,
      "p1": [
        -2.126231986922444,
        -1.0220155659637598
      ],
      "p2": [
        5.129176489112087,
        -1.1023886690056686
      ],
      "length": 7.255853636189632,
      "direction": [
        0.9999386481336757,
        -0.011077001697078872
      ],
      "rmse": 0.002483049471116758
    },
    {
      "id": 2,
      "p1": [
        2.903346514489351,
        1.3631173596821284
      ],
      "p2": [
        3.7664787974583818,
        1.3972759325137387
      ],
      "length": 0.8638079335137083,
      "direction": [
        0.9992178231765104,
        0.03954417585935976
      ],
      "rmse": 0.014354304804481946
    },
    {
      "id": 3,
      "p1": [
        -2.1074838156196956,
        1.307186818211211
      ],
      "p2": [
        2.590537499143116,
        1.262611133720937
      ],
      "length": 4.698232781122438,
      "direction": [
        0.9999549902326735,
        -0.009487755623632601
      ],
      "rmse": 0.008294608929791036
    }
  ],
  "metadata": {
    "input_file": "/home/qzl/test_road/test_online_road/extracted_lidar_data_code/extracted_lidar_data/laserscan_json2/laserscan_000602.json",
    "num_walls": 4,
    "x_limit": 10.0,
    "y_limit": 5.0,
    "params": {
      "rdp_epsilon": 0.05,
      "wall_rmse_thresh": 0.07,
      "min_wall_length": 0.8,
      "gap_thresh": 2
    }
  }
}