{
  "walls": [
    {
      "id": 0,
      "p1": [
        -3.954306162854825,
        -2.906898143232324
      ],
      "p2": [
        -2.554703913394084,
        -2.8974762396116427
      ],
      "length": 1.3996339624928384,
      "direction": [
        0.9999773419091371,
        0.006731691194382752
      ],
      "rmse": 0.0039542037978555905
    },
    {
      "id": 1,
      "p1": [
        -0.6320159003008161,
        -0.861845650647577
      ],
      "p2": [
        5.54450584912227,
        -0.7943017997332504
      ],
      "length": 6.176891053992515,
      "direction": [
        0.9999402119007156,
        0.010934926700803815
      ],
      "rmse": 0.003595099151075773
    },
    {
      "id": 2,
      "p1": [
        -3.564223597225577,
        0.8116858426530162
      ],
      "p2": [
        3.3664438002408974,
        0.9358648687583934
      ],
      "length": 6.931779786233056,
      "direction": [
        0.9998395233536238,
        0.017914450535759976
      ],
      "rmse": 0.0028783357682713165
    }
  ],
  "metadata": {
    "input_file": "/home/qzl/test_road/test_online_road/extracted_lidar_data_code/extracted_lidar_data/laserscan_json2/laserscan_000219.json",
    "num_walls": 3,
    "x_limit": 10.0,
    "y_limit": 5.0,
    "params": {
      "rdp_epsilon": 0.05,
      "wall_rmse_thresh": 0.07,
      "min_wall_length": 0.8,
      "gap_thresh": 2
    }
  }
}