{
  "walls": [
    {
      "id": 0,
      "p1": [
        -1.9573660313830454,
        -0.8991699940124676
      ],
      "p2": [
        5.445440642700214,
        -0.7714060500588721
      ],
      "length": 7.403909121486178,
      "direction": [
        0.9998510992784713,
        0.017256282033864534
      ],
      "rmse": 0.005617908075010714
    },
    {
      "id": 1,
      "p1": [
        0.22225013319705766,
        -1.0773916969120978
      ],
      "p2": [
        -0.13891198961396334,
        -1.8548570701519655
      ],
      "length": 0.8572575374648915,
      "direction": [
        -0.42129944273071024,
        -0.9069215950415961
      ],
      "rmse": 0.012269596638341306
    },
    {
      "id": 2,
      "p1": [
        -3.7064004884010346,
        0.7876708288633905
      ],
      "p2": [
        4.24161775429932,
        0.9582621348941036
      ],
      "length": 7.949848764598664,
      "direction": [
        0.9997697412918836,
        0.021458434126470402
      ],
      "rmse": 0.0037082459573834787
    }
  ],
  "metadata": {
    "input_file": "/home/qzl/test_road/test_online_road/extracted_lidar_data_code/extracted_lidar_data/laserscan_json2/laserscan_000208.json",
    "num_walls": 3,
    "x_limit": 10.0,
    "y_limit": 5.0,
    "params": {
      "rdp_epsilon": 0.05,
      "wall_rmse_thresh": 0.07,
      "min_wall_length": 0.8,
      "gap_thresh": 2
    }
  }
}