{
  "walls": [
    {
      "id": 0,
      "p1": [
        -0.780209031057971,
        -0.927912405652296
      ],
      "p2": [
        5.914365858850255,
        -0.9086971572923154
      ],
      "length": 6.6946024663425145,
      "direction": [
        0.999995880794846,
        0.0028702598035607266
      ],
      "rmse": 0.0033683064948934424
    },
    {
      "id": 1,
      "p1": [
        -4.793323856090502,
        0.7999708189627528
      ],
      "p2": [
        5.017967335651588,
        0.8348579514802671
      ],
      "length": 9.811353217633702,
      "direction": [
        0.999993678150195,
        0.0035557921260828324
      ],
      "rmse": 0.0034822153793338997
    },
    {
      "id": 2,
      "p1": [
        -2.5610674754870226,
        3.5395259162999224
      ],
      "p2": [
        -2.3285941781740283,
        1.736845426065728
      ],
      "length": 1.8176085342654429,
      "direction": [
        0.12790064138134774,
        -0.9917869861680177
      ],
      "rmse": 0.015574501176620896
    },
    {
      "id": 3,
      "p1": [
        -2.5539968533833863,
        1.849157632850841
      ],
      "p2": [
        -2.5410756691953638,
        0.8028750434795068
      ],
      "length": 1.0463623721361563,
      "direction": [
        0.012348670529532731,
        -0.9999237522602177
      ],
      "rmse": 0.0026611077443721358
    }
  ],
  "metadata": {
    "input_file": "/home/qzl/test_road/test_online_road/extracted_lidar_data_code/extracted_lidar_data/laserscan_json2/laserscan_000347.json",
    "num_walls": 4,
    "x_limit": 10.0,
    "y_limit": 5.0,
    "params": {
      "rdp_epsilon": 0.05,
      "wall_rmse_thresh": 0.07,
      "min_wall_length": 0.8,
      "gap_thresh": 2
    }
  }
}