{
  "walls": [
    {
      "id": 0,
      "p1": [
        -1.8520396565470993,
        -0.8659548068716278
      ],
      "p2": [
        4.791357464561738,
        -0.5861060522735075
      ],
      "length": 6.649288731451455,
      "direction": [
        0.999113948786523,
        0.04208702101837485
      ],
      "rmse": 0.008717364520834919
    },
    {
      "id": 1,
      "p1": [
        -3.3955537526077437,
        0.7963196103410526
      ],
      "p2": [
        4.75422726894865,
        1.1765990386644285
      ],
      "length": 8.158648364951556,
      "direction": [
        0.9989131357295153,
        0.046610591768683665
      ],
      "rmse": 0.002301800209023292
    }
  ],
  "metadata": {
    "input_file": "/home/qzl/test_road/test_online_road/extracted_lidar_data_code/extracted_lidar_data/laserscan_json2/laserscan_000420.json",
    "num_walls": 2,
    "x_limit": 10.0,
    "y_limit": 5.0,
    "params": {
      "rdp_epsilon": 0.05,
      "wall_rmse_thresh": 0.07,
      "min_wall_length": 0.8,
      "gap_thresh": 2
    }
  }
}