{
  "walls": [
    {
      "id": 0,
      "p1": [
        -6.463095815312188,
        4.940180767776697
      ],
      "p2": [
        -4.4856491606839235,
        -3.589928093411623
      ],
      "length": 8.75631500436251,
      "direction": [
        0.22583091787368287,
        -0.9741665137594958
      ],
      "rmse": 0.008000767806310018
    },
    {
      "id": 1,
      "p1": [
        4.926041781624404,
        3.3276285417586804
      ],
      "p2": [
        6.52281310347343,
        3.723262233156497
      ],
      "length": 1.645054610658427,
      "direction": [
        0.9706494310291178,
        0.24049881920884664
      ],
      "rmse": 0.009000386496584146
    },
    {
      "id": 2,
      "p1": [
        1.6161046271935402,
        1.8264321202338039
      ],
      "p2": [
        2.4859255147567527,
        2.050143674764842
      ],
      "length": 0.898128741368379,
      "direction": [
        0.9684812961637251,
        0.24908628821962675
      ],
      "rmse": 0.001923510633473646
    }
  ],
  "metadata": {
    "input_file": "/home/qzl/test_road/test_online_road/extracted_lidar_data_code/extracted_lidar_data/laserscan_json2/laserscan_000764.json",
    "num_walls": 3,
    "x_limit": 10.0,
    "y_limit": 5.0,
    "params": {
      "rdp_epsilon": 0.05,
      "wall_rmse_thresh": 0.07,
      "min_wall_length": 0.8,
      "gap_thresh": 2
    }
  }
}