{
  "walls": [
    {
      "id": 0,
      "p1": [
        -4.292418136934566,
        -1.2671590983135979
      ],
      "p2": [
        -2.35113014585235,
        -0.3927665883858518
      ],
      "length": 2.12912219605587,
      "direction": [
        0.9117785699085043,
        0.4106821635445142
      ],
      "rmse": 0.0023403731433058704
    },
    {
      "id": 1,
      "p1": [
        0.08157352397025841,
        0.6852043448004458
      ],
      "p2": [
        3.7066328048984483,
        2.4920949112228894
      ],
      "length": 4.050420757065866,
      "direction": [
        0.8949833852694765,
        0.44609947331238553
      ],
      "rmse": 0.004325483295580579
    },
    {
      "id": 2,
      "p1": [
        -0.2806132116071116,
        -1.3951273305508824
      ],
      "p2": [
        6.043351364428405,
        1.6611336912191836
      ],
      "length": 7.023763904926124,
      "direction": [
        0.900366906067824,
        0.4351315139769288
      ],
      "rmse": 0.011816030186654928
    },
    {
      "id": 3,
      "p1": [
        -0.32171665422836815,
        1.4878285956464032
      ],
      "p2": [
        0.07564705684106149,
        0.6712079356542477
      ],
      "length": 0.9081669566775114,
      "direction": [
        0.43754477978671436,
        -0.8991966223687652
      ],
      "rmse": 0.01039880686752606
    }
  ],
  "metadata": {
    "input_file": "/home/qzl/test_road/test_online_road/extracted_lidar_data_code/extracted_lidar_data/laserscan_json2/laserscan_000150.json",
    "num_walls": 4,
    "x_limit": 10.0,
    "y_limit": 5.0,
    "params": {
      "rdp_epsilon": 0.05,
      "wall_rmse_thresh": 0.07,
      "min_wall_length": 0.8,
      "gap_thresh": 2
    }
  }
}