{
  "walls": [
    {
      "id": 0,
      "p1": [
        7.396335538342612,
        -1.4026864052296815
      ],
      "p2": [
        7.433111990106383,
        -2.5521511136073007
      ],
      "length": 1.150052878440804,
      "direction": [
        0.03197805288187615,
        -0.9994885712862774
      ],
      "rmse": 0.004904221038524721
    },
    {
      "id": 1,
      "p1": [
        -5.407503411710346,
        1.70368089670051
      ],
      "p2": [
        -3.7354634984660535,
        1.7710020071067238
      ],
      "length": 1.6733946346837338,
      "direction": [
        0.999190435171098,
        0.04023026548000743
      ],
      "rmse": 0.003914570750246242
    },
    {
      "id": 2,
      "p1": [
        -0.34809885342998226,
        1.9244001804118538
      ],
      "p2": [
        7.360332871166381,
        2.206904285713445
      ],
      "length": 7.713606693517367,
      "direction": [
        0.9993291116420208,
        0.03662412623899137
      ],
      "rmse": 0.004112965623081916
    }
  ],
  "metadata": {
    "input_file": "/home/qzl/test_road/test_online_road/extracted_lidar_data_code/extracted_lidar_data/laserscan_json2/laserscan_000877.json",
    "num_walls": 3,
    "x_limit": 10.0,
    "y_limit": 5.0,
    "params": {
      "rdp_epsilon": 0.05,
      "wall_rmse_thresh": 0.07,
      "min_wall_length": 0.8,
      "gap_thresh": 2
    }
  }
}