{
  "walls": [
    {
      "id": 0,
      "p1": [
        -1.4658035591343583,
        -0.7817309021797789
      ],
      "p2": [
        4.829053037037292,
        -0.5237161800773662
      ],
      "length": 6.300142154204723,
      "direction": [
        0.9991610414638281,
        0.04095379370606033
      ],
      "rmse": 0.0037901964764137453
    },
    {
      "id": 1,
      "p1": [
        -2.907397020427127,
        0.9020654085529141
      ],
      "p2": [
        1.2193558952799397,
        1.074389391610514
      ],
      "length": 4.13034928092451,
      "direction": [
        0.9991292830274237,
        0.0417214069166702
      ],
      "rmse": 0.002477559342470402
    },
    {
      "id": 2,
      "p1": [
        4.168065305122527,
        1.182484307927477
      ],
      "p2": [
        5.55825800968105,
        1.2379351158300278
      ],
      "length": 1.391298152052531,
      "direction": [
        0.9992054560744101,
        0.03985544566467719
      ],
      "rmse": 0.004535400102678861
    }
  ],
  "metadata": {
    "input_file": "/home/qzl/test_road/test_online_road/extracted_lidar_data_code/extracted_lidar_data/laserscan_json2/laserscan_000440.json",
    "num_walls": 3,
    "x_limit": 10.0,
    "y_limit": 5.0,
    "params": {
      "rdp_epsilon": 0.05,
      "wall_rmse_thresh": 0.07,
      "min_wall_length": 0.8,
      "gap_thresh": 2
    }
  }
}