{
  "walls": [
    {
      "id": 0,
      "p1": [
        -1.6789171272628254,
        -0.9025637053816754
      ],
      "p2": [
        5.381186111274591,
        -0.7669500778788678
      ],
      "length": 7.061405582089941,
      "direction": [
        0.9998155687922972,
        0.019204905585175985
      ],
      "rmse": 0.005563602152687917
    },
    {
      "id": 1,
      "p1": [
        -1.0034827134605182,
        0.8322907623920226
      ],
      "p2": [
        4.769356906332933,
        0.9797799840675733
      ],
      "length": 5.774723399987869,
      "direction": [
        0.9996737886700867,
        0.02554048245422682
      ],
      "rmse": 0.004466110488375967
    }
  ],
  "metadata": {
    "input_file": "/home/qzl/test_road/test_online_road/extracted_lidar_data_code/extracted_lidar_data/laserscan_json2/laserscan_000201.json",
    "num_walls": 2,
    "x_limit": 10.0,
    "y_limit": 5.0,
    "params": {
      "rdp_epsilon": 0.05,
      "wall_rmse_thresh": 0.07,
      "min_wall_length": 0.8,
      "gap_thresh": 2
    }
  }
}