{
  "walls": [
    {
      "id": 0,
      "p1": [
        -1.6019432776132447,
        -0.641825873758892
      ],
      "p2": [
        -0.8051240389867571,
        -0.7383428958575008
      ],
      "length": 0.8026434043833406,
      "direction": [
        0.9927437692431742,
        -0.12024894438977533
      ],
      "rmse": 0.006816321954544983
    },
    {
      "id": 1,
      "p1": [
        -1.1852011394840891,
        -1.183984902321114
      ],
      "p2": [
        4.792729895195458,
        -1.0528439832060792
      ],
      "length": 5.979369314238017,
      "direction": [
        0.9997594596538764,
        0.021932232685917562
      ],
      "rmse": 0.003301856848110255
    },
    {
      "id": 2,
      "p1": [
        6.396482915515072,
        1.6825404308302696
      ],
      "p2": [
        6.4011497889002875,
        0.27893214614096506
      ],
      "length": 1.4036160431384521,
      "direction": [
        0.003324893162930493,
        -0.9999944725264511
      ],
      "rmse": 0.004159414367159665
    },
    {
      "id": 3,
      "p1": [
        -1.3400473874332552,
        1.1358442119132135
      ],
      "p2": [
        4.757317314173944,
        1.3593126727437521
      ],
      "length": 6.101458387745624,
      "direction": [
        0.9993290643180089,
        0.03662541750331965
      ],
      "rmse": 0.047780267242088816
    }
  ],
  "metadata": {
    "input_file": "/home/qzl/test_road/test_online_road/extracted_lidar_data_code/extracted_lidar_data/laserscan_json2/laserscan_000079.json",
    "num_walls": 4,
    "x_limit": 10.0,
    "y_limit": 5.0,
    "params": {
      "rdp_epsilon": 0.05,
      "wall_rmse_thresh": 0.07,
      "min_wall_length": 0.8,
      "gap_thresh": 2
    }
  }
}