{
  "walls": [
    {
      "id": 0,
      "p1": [
        -1.9188856670843477,
        -0.7851861303176301
      ],
      "p2": [
        5.010136954336753,
        -0.517034708273862
      ],
      "length": 6.934209376223755,
      "direction": [
        0.9992520048749368,
        0.038670799725624996
      ],
      "rmse": 0.00401342669082821
    },
    {
      "id": 1,
      "p1": [
        -2.6669136526301083,
        0.9281541051562685
      ],
      "p2": [
        1.294332409580739,
        1.0863818435759063
      ],
      "length": 3.964404921622706,
      "direction": [
        0.999203194558005,
        0.039912103215408674
      ],
      "rmse": 0.002241985921352501
    },
    {
      "id": 2,
      "p1": [
        3.8156234735434307,
        1.1674944113234849
      ],
      "p2": [
        5.827857232417573,
        1.2409162983105366
      ],
      "length": 2.0135728131461996,
      "direction": [
        0.9993349859188966,
        0.03646348744263036
      ],
      "rmse": 0.003962450243825755
    }
  ],
  "metadata": {
    "input_file": "/home/qzl/test_road/test_online_road/extracted_lidar_data_code/extracted_lidar_data/laserscan_json2/laserscan_000444.json",
    "num_walls": 3,
    "x_limit": 10.0,
    "y_limit": 5.0,
    "params": {
      "rdp_epsilon": 0.05,
      "wall_rmse_thresh": 0.07,
      "min_wall_length": 0.8,
      "gap_thresh": 2
    }
  }
}