{
  "walls": [
    {
      "id": 0,
      "p1": [
        -2.0493855774218894,
        -1.0235022014417066
      ],
      "p2": [
        5.734326560750225,
        -0.620511013065598
      ],
      "length": 7.794137319026186,
      "direction": [
        0.9986624330012244,
        0.051704399329989756
      ],
      "rmse": 0.005348807623217105
    },
    {
      "id": 1,
      "p1": [
        -1.1933424587409047,
        0.75574867826698
      ],
      "p2": [
        4.855100697104797,
        1.0843904040461696
      ],
      "length": 6.057364938107975,
      "direction": [
        0.9985271182503479,
        0.05425489947143789
      ],
      "rmse": 0.00377827121652891
    }
  ],
  "metadata": {
    "input_file": "/home/qzl/test_road/test_online_road/extracted_lidar_data_code/extracted_lidar_data/laserscan_json2/laserscan_000386.json",
    "num_walls": 2,
    "x_limit": 10.0,
    "y_limit": 5.0,
    "params": {
      "rdp_epsilon": 0.05,
      "wall_rmse_thresh": 0.07,
      "min_wall_length": 0.8,
      "gap_thresh": 2
    }
  }
}