{
  "walls": [
    {
      "id": 0,
      "p1": [
        -2.212868985728369,
        -0.9318180237636053
      ],
      "p2": [
        5.009664857736782,
        -0.9339833317822742
      ],
      "length": 7.222534168043672,
      "direction": [
        0.9999999550592997,
        -0.0002997989304428939
      ],
      "rmse": 0.004664003579003389
    },
    {
      "id": 1,
      "p1": [
        -1.1327008006746642,
        0.8059539086896286
      ],
      "p2": [
        5.141566984737148,
        0.8057619843419361
      ],
      "length": 6.274267788347211,
      "direction": [
        0.9999999995311528,
        -3.0589122773607187e-05
      ],
      "rmse": 0.0038167171149971965
    }
  ],
  "metadata": {
    "input_file": "/home/qzl/test_road/test_online_road/extracted_lidar_data_code/extracted_lidar_data/laserscan_json2/laserscan_000363.json",
    "num_walls": 2,
    "x_limit": 10.0,
    "y_limit": 5.0,
    "params": {
      "rdp_epsilon": 0.05,
      "wall_rmse_thresh": 0.07,
      "min_wall_length": 0.8,
      "gap_thresh": 2
    }
  }
}