{
  "walls": [
    {
      "id": 0,
      "p1": [
        -1.5554178156414886,
        -0.693013665883354
      ],
      "p2": [
        3.4746055404258316,
        -0.6190676224937542
      ],
      "length": 5.030566864669997,
      "direction": [
        0.9998919587747609,
        0.01469934609335059
      ],
      "rmse": 0.03916205247515122
    },
    {
      "id": 1,
      "p1": [
        2.278627304304083,
        2.5077061830627776
      ],
      "p2": [
        2.3093356369309297,
        1.2320761983037938
      ],
      "length": 1.2759995531774007,
      "direction": [
        0.024066099827659504,
        -0.9997103694756223
      ],
      "rmse": 0.005871716114476726
    },
    {
      "id": 2,
      "p1": [
        -2.4429299447836152,
        0.9998718892251115
      ],
      "p2": [
        0.9295278517407455,
        1.1100819918009006
      ],
      "length": 3.3742581193571595,
      "direction": [
        0.9994664537292383,
        0.032662024859163793
      ],
      "rmse": 0.002837515348207472
    }
  ],
  "metadata": {
    "input_file": "/home/qzl/test_road/test_online_road/extracted_lidar_data_code/extracted_lidar_data/laserscan_json2/laserscan_000461.json",
    "num_walls": 3,
    "x_limit": 10.0,
    "y_limit": 5.0,
    "params": {
      "rdp_epsilon": 0.05,
      "wall_rmse_thresh": 0.07,
      "min_wall_length": 0.8,
      "gap_thresh": 2
    }
  }
}