{
  "walls": [
    {
      "id": 0,
      "p1": [
        -0.9759816363804359,
        -0.6102660620150095
      ],
      "p2": [
        4.5601212235919695,
        -0.49104407439754316
      ],
      "length": 5.537386455587701,
      "direction": [
        0.9997681946833356,
        0.02153037151615847
      ],
      "rmse": 0.005025193007189426
    },
    {
      "id": 1,
      "p1": [
        -6.083807973294686,
        1.0003668877121432
      ],
      "p2": [
        -2.083200089188607,
        1.1040100577741048
      ],
      "length": 4.001950193227324,
      "direction": [
        0.9996645862490952,
        0.025898165908525752
      ],
      "rmse": 0.0033815816607971707
    },
    {
      "id": 2,
      "p1": [
        1.4076420275816333,
        1.1713737773478015
      ],
      "p2": [
        4.843445996529422,
        1.2598232511268075
      ],
      "length": 3.4369422780211427,
      "direction": [
        0.9996688018055848,
        0.02573493140822933
      ],
      "rmse": 0.0024099565616703257
    }
  ],
  "metadata": {
    "input_file": "/home/qzl/test_road/test_online_road/extracted_lidar_data_code/extracted_lidar_data/laserscan_json2/laserscan_000499.json",
    "num_walls": 3,
    "x_limit": 10.0,
    "y_limit": 5.0,
    "params": {
      "rdp_epsilon": 0.05,
      "wall_rmse_thresh": 0.07,
      "min_wall_length": 0.8,
      "gap_thresh": 2
    }
  }
}