{
  "walls": [
    {
      "id": 0,
      "p1": [
        -0.9718721461547495,
        -1.0138897460154446
      ],
      "p2": [
        0.6454923374035214,
        -1.256181487670578
      ],
      "length": 1.6354122296075662,
      "direction": [
        0.9889644055950082,
        -0.14815331405038565
      ],
      "rmse": 0.002169798111517688
    },
    {
      "id": 1,
      "p1": [
        2.889687675579697,
        1.8204440750272197
      ],
      "p2": [
        2.0101814655736563,
        -3.870951988268061
      ],
      "length": 5.758951321441449,
      "direction": [
        -0.1527198548684769,
        -0.9882695208934409
      ],
      "rmse": 0.0033284141493864
    },
    {
      "id": 2,
      "p1": [
        -0.6997422209585926,
        1.3784531721930153
      ],
      "p2": [
        1.00112373216818,
        1.0163264682468338
      ],
      "length": 1.7389884244056284,
      "direction": [
        0.9780777889343416,
        -0.20823985879583484
      ],
      "rmse": 0.01926075889368165
    }
  ],
  "metadata": {
    "input_file": "/home/qzl/test_road/test_online_road/extracted_lidar_data_code/extracted_lidar_data/laserscan_json2/laserscan_000129.json",
    "num_walls": 3,
    "x_limit": 10.0,
    "y_limit": 5.0,
    "params": {
      "rdp_epsilon": 0.05,
      "wall_rmse_thresh": 0.07,
      "min_wall_length": 0.8,
      "gap_thresh": 2
    }
  }
}