{
  "walls": [
    {
      "id": 0,
      "p1": [
        -1.4884440652307045,
        -0.9004649168956508
      ],
      "p2": [
        5.347662899542594,
        -0.7631430639742371
      ],
      "length": 6.837486067635661,
      "direction": [
        0.9997983026428784,
        0.020083675719833813
      ],
      "rmse": 0.005778337876704692
    },
    {
      "id": 1,
      "p1": [
        0.8715782750220038,
        -1.0886066557778822
      ],
      "p2": [
        0.553281139862619,
        -1.8425320127470388
      ],
      "length": 0.8183620898671577,
      "direction": [
        -0.38894413499864683,
        -0.9212613417745013
      ],
      "rmse": 0.00987088993097632
    },
    {
      "id": 2,
      "p1": [
        -1.084728223812056,
        0.8277618182303641
      ],
      "p2": [
        4.925103313806286,
        0.9818363892628634
      ],
      "length": 6.011806224753996,
      "direction": [
        0.9996715318046125,
        0.025628665541136932
      ],
      "rmse": 0.004196239027855988
    }
  ],
  "metadata": {
    "input_file": "/home/qzl/test_road/test_online_road/extracted_lidar_data_code/extracted_lidar_data/laserscan_json2/laserscan_000199.json",
    "num_walls": 3,
    "x_limit": 10.0,
    "y_limit": 5.0,
    "params": {
      "rdp_epsilon": 0.05,
      "wall_rmse_thresh": 0.07,
      "min_wall_length": 0.8,
      "gap_thresh": 2
    }
  }
}