{
  "walls": [
    {
      "id": 0,
      "p1": [
        -2.466501729230571,
        -0.8642108453941644
      ],
      "p2": [
        5.33461985046575,
        -0.9375261842229673
      ],
      "length": 7.8014660827379885,
      "direction": [
        0.9999558412424261,
        -0.009397636040609295
      ],
      "rmse": 0.057265906227097554
    },
    {
      "id": 1,
      "p1": [
        -1.469549489923626,
        0.9048072363621102
      ],
      "p2": [
        5.541516100968707,
        0.8182280550694517
      ],
      "length": 7.011600150780688,
      "direction": [
        0.9999237606418121,
        -0.012347991817949293
      ],
      "rmse": 0.03709081118359201
    }
  ],
  "metadata": {
    "input_file": "/home/qzl/test_road/test_online_road/extracted_lidar_data_code/extracted_lidar_data/laserscan_json2/laserscan_000249.json",
    "num_walls": 2,
    "x_limit": 10.0,
    "y_limit": 5.0,
    "params": {
      "rdp_epsilon": 0.05,
      "wall_rmse_thresh": 0.07,
      "min_wall_length": 0.8,
      "gap_thresh": 2
    }
  }
}