{
  "walls": [
    {
      "id": 0,
      "p1": [
        -3.742603101782578,
        -0.9226537941830554
      ],
      "p2": [
        6.076722624409431,
        -1.6781333579873385
      ],
      "length": 9.848345398511475,
      "direction": [
        0.997053345394073,
        -0.0767113188290202
      ],
      "rmse": 0.015469674970129133
    },
    {
      "id": 1,
      "p1": [
        8.609528767842454,
        2.1446688724889045
      ],
      "p2": [
        8.36937874300638,
        -1.7022798499854193
      ],
      "length": 3.854437249168236,
      "direction": [
        -0.062304821511274255,
        -0.9980571673077892
      ],
      "rmse": 0.00302602371639003
    },
    {
      "id": 2,
      "p1": [
        -2.8798010594805934,
        1.2606675886517702
      ],
      "p2": [
        1.5599272870333032,
        1.1357186292618289
      ],
      "length": 4.4414862414839975,
      "direction": [
        0.9996042101947493,
        -0.028132240560103182
      ],
      "rmse": 0.041841682588470694
    }
  ],
  "metadata": {
    "input_file": "/home/qzl/test_road/test_online_road/extracted_lidar_data_code/extracted_lidar_data/laserscan_json2/laserscan_000627.json",
    "num_walls": 3,
    "x_limit": 10.0,
    "y_limit": 5.0,
    "params": {
      "rdp_epsilon": 0.05,
      "wall_rmse_thresh": 0.07,
      "min_wall_length": 0.8,
      "gap_thresh": 2
    }
  }
}