{
  "walls": [
    {
      "id": 0,
      "p1": [
        -2.7299687642436092,
        -0.5155889856951636
      ],
      "p2": [
        4.97233117730141,
        -1.2263773514003515
      ],
      "length": 7.735027116329086,
      "direction": [
        0.9957689644393515,
        -0.09189216211071351
      ],
      "rmse": 0.006763707498562327
    },
    {
      "id": 1,
      "p1": [
        -0.6827828974151214,
        1.0296875613287564
      ],
      "p2": [
        0.9954525364710507,
        0.8927370709308918
      ],
      "length": 1.6838140064660718,
      "direction": [
        0.9966869425244385,
        -0.08133350231784468
      ],
      "rmse": 0.0029372429320624806
    },
    {
      "id": 2,
      "p1": [
        3.321450629729749,
        0.6700059650838727
      ],
      "p2": [
        4.418473103552171,
        0.5622624988330637
      ],
      "length": 1.102300758682133,
      "direction": [
        0.9952115746821054,
        -0.0977441641059151
      ],
      "rmse": 0.0034386431128300286
    },
    {
      "id": 3,
      "p1": [
        3.559899675472134,
        3.154550001295927
      ],
      "p2": [
        3.3227789641895153,
        0.6758017305106812
      ],
      "length": 2.4900640999058683,
      "direction": [
        -0.09522674990227972,
        -0.9954556072980093
      ],
      "rmse": 0.0021744544407700955
    }
  ],
  "metadata": {
    "input_file": "/home/qzl/test_road/test_online_road/extracted_lidar_data_code/extracted_lidar_data/laserscan_json2/laserscan_000552.json",
    "num_walls": 4,
    "x_limit": 10.0,
    "y_limit": 5.0,
    "params": {
      "rdp_epsilon": 0.05,
      "wall_rmse_thresh": 0.07,
      "min_wall_length": 0.8,
      "gap_thresh": 2
    }
  }
}