{
  "walls": [
    {
      "id": 0,
      "p1": [
        -2.6791819948146975,
        -0.5461657773291394
      ],
      "p2": [
        0.19703286716494983,
        -1.2884531501654584
      ],
      "length": 2.9704549274723635,
      "direction": [
        0.9682741977923953,
        -0.2498901316328701
      ],
      "rmse": 0.0042878501449738525
    },
    {
      "id": 1,
      "p1": [
        3.324577591137357,
        3.9785641979158246
      ],
      "p2": [
        2.2448956198536276,
        -0.396198553233835
      ],
      "length": 4.506025109557386,
      "direction": [
        -0.23960851194384566,
        -0.9708695901108736
      ],
      "rmse": 0.006364359623735273
    },
    {
      "id": 2,
      "p1": [
        1.733001437791921,
        -2.361679079215864
      ],
      "p2": [
        1.0374425808950445,
        -4.9882317673627945
      ],
      "length": 2.7170905665839618,
      "direction": [
        -0.25599399057598077,
        -0.9666783729798575
      ],
      "rmse": 0.005391552971875047
    },
    {
      "id": 3,
      "p1": [
        -0.8657278164952643,
        1.4661646418256211
      ],
      "p2": [
        0.7819013720703348,
        0.9328596346457464
      ],
      "length": 1.7317898757344845,
      "direction": [
        0.9514024834364857,
        -0.30795018186207884
      ],
      "rmse": 0.021400007157042284
    }
  ],
  "metadata": {
    "input_file": "/home/qzl/test_road/test_online_road/extracted_lidar_data_code/extracted_lidar_data/laserscan_json2/laserscan_000133.json",
    "num_walls": 4,
    "x_limit": 10.0,
    "y_limit": 5.0,
    "params": {
      "rdp_epsilon": 0.05,
      "wall_rmse_thresh": 0.07,
      "min_wall_length": 0.8,
      "gap_thresh": 2
    }
  }
}