{
  "walls": [
    {
      "id": 0,
      "p1": [
        -2.08935527276701,
        -0.9908201002425041
      ],
      "p2": [
        5.649532521354558,
        -0.6071828007590842
      ],
      "length": 7.748390921188652,
      "direction": [
        0.9987735354125157,
        0.049511866835983534
      ],
      "rmse": 0.0048855497861111765
    },
    {
      "id": 1,
      "p1": [
        -1.090908951757123,
        0.7948119688183896
      ],
      "p2": [
        5.710707965596104,
        1.1467593997347776
      ],
      "length": 6.810716532388811,
      "direction": [
        0.9986639269158963,
        0.0516755365228206
      ],
      "rmse": 0.003609009361404685
    }
  ],
  "metadata": {
    "input_file": "/home/qzl/test_road/test_online_road/extracted_lidar_data_code/extracted_lidar_data/laserscan_json2/laserscan_000394.json",
    "num_walls": 2,
    "x_limit": 10.0,
    "y_limit": 5.0,
    "params": {
      "rdp_epsilon": 0.05,
      "wall_rmse_thresh": 0.07,
      "min_wall_length": 0.8,
      "gap_thresh": 2
    }
  }
}