{
  "walls": [
    {
      "id": 0,
      "p1": [
        -2.0911774725160504,
        -0.5107694418316799
      ],
      "p2": [
        4.690752440408805,
        -1.1098140939459689
      ],
      "length": 6.808335173818315,
      "direction": [
        0.9961216273543958,
        -0.08798695082130159
      ],
      "rmse": 0.005086744139916214
    },
    {
      "id": 1,
      "p1": [
        -3.8838142094689574,
        1.373566044169061
      ],
      "p2": [
        1.742666477078935,
        0.8988284270701377
      ],
      "length": 5.646473299430823,
      "direction": [
        0.996459274341991,
        -0.08407683733248204
      ],
      "rmse": 0.005419786506979558
    },
    {
      "id": 2,
      "p1": [
        4.073062503141108,
        0.6820948246137969
      ],
      "p2": [
        5.129197429611813,
        0.5854273023255749
      ],
      "length": 1.060549665398385,
      "direction": [
        0.9958373105260682,
        -0.09114851047717128
      ],
      "rmse": 0.004017480255874912
    },
    {
      "id": 3,
      "p1": [
        4.2050308604213145,
        2.145034288120325
      ],
      "p2": [
        4.069807138712601,
        0.6818853207596597
      ],
      "length": 1.46938434577252,
      "direction": [
        -0.09202746857731434,
        -0.9957564687338222
      ],
      "rmse": 0.0025804109305197958
    }
  ],
  "metadata": {
    "input_file": "/home/qzl/test_road/test_online_road/extracted_lidar_data_code/extracted_lidar_data/laserscan_json2/laserscan_000543.json",
    "num_walls": 4,
    "x_limit": 10.0,
    "y_limit": 5.0,
    "params": {
      "rdp_epsilon": 0.05,
      "wall_rmse_thresh": 0.07,
      "min_wall_length": 0.8,
      "gap_thresh": 2
    }
  }
}