{
  "walls": [
    {
      "id": 0,
      "p1": [
        -4.114109311290717,
        -2.9066522911314467
      ],
      "p2": [
        -2.604809446978395,
        -2.8987280440842347
      ],
      "length": 1.5093206664272698,
      "direction": [
        0.999986217563358,
        0.005250207741448154
      ],
      "rmse": 0.0036784461052451144
    },
    {
      "id": 1,
      "p1": [
        -0.707463198731108,
        -0.8600677957100253
      ],
      "p2": [
        5.100058140608134,
        -0.7968897665236014
      ],
      "length": 5.807864975208406,
      "direction": [
        0.9999408326680391,
        0.01087801273894004
      ],
      "rmse": 0.0038972332529783847
    },
    {
      "id": 2,
      "p1": [
        -3.4593819431686925,
        0.8028619688016526
      ],
      "p2": [
        5.443451878032322,
        0.9970224505956973
      ],
      "length": 8.904950776989795,
      "direction": [
        0.9997622720382515,
        0.02180365581531984
      ],
      "rmse": 0.01789227057456781
    }
  ],
  "metadata": {
    "input_file": "/home/qzl/test_road/test_online_road/extracted_lidar_data_code/extracted_lidar_data/laserscan_json2/laserscan_000220.json",
    "num_walls": 3,
    "x_limit": 10.0,
    "y_limit": 5.0,
    "params": {
      "rdp_epsilon": 0.05,
      "wall_rmse_thresh": 0.07,
      "min_wall_length": 0.8,
      "gap_thresh": 2
    }
  }
}