{
  "walls": [
    {
      "id": 0,
      "p1": [
        -4.52683214085539,
        -0.5284547525429427
      ],
      "p2": [
        4.376022391819034,
        -0.6788282717644133
      ],
      "length": 8.904124382848916,
      "direction": [
        0.9998573862932731,
        -0.01688807486909875
      ],
      "rmse": 0.0043021556867157825
    },
    {
      "id": 1,
      "p1": [
        -6.124930476729264,
        1.2226225401405313
      ],
      "p2": [
        -4.477018368157075,
        1.2022750698764182
      ],
      "length": 1.648037723210542,
      "direction": [
        0.9999237792689866,
        -0.012346483322271236
      ],
      "rmse": 0.004113398472999263
    },
    {
      "id": 2,
      "p1": [
        -0.9466080150033362,
        1.1322787576209763
      ],
      "p2": [
        3.1583768995320467,
        1.093688555664247
      ],
      "length": 4.105166300194198,
      "direction": [
        0.999955815270404,
        -0.00940039918842387
      ],
      "rmse": 0.0028327831934239598
    }
  ],
  "metadata": {
    "input_file": "/home/qzl/test_road/test_online_road/extracted_lidar_data_code/extracted_lidar_data/laserscan_json2/laserscan_000523.json",
    "num_walls": 3,
    "x_limit": 10.0,
    "y_limit": 5.0,
    "params": {
      "rdp_epsilon": 0.05,
      "wall_rmse_thresh": 0.07,
      "min_wall_length": 0.8,
      "gap_thresh": 2
    }
  }
}