{
  "walls": [
    {
      "id": 0,
      "p1": [
        -0.5317037138923547,
        -0.9278039334698175
      ],
      "p2": [
        5.065814640669902,
        -0.9015301876148233
      ],
      "length": 5.5975800163447955,
      "direction": [
        0.9999889842060395,
        0.0046937686961596335
      ],
      "rmse": 0.002878980920674387
    },
    {
      "id": 1,
      "p1": [
        -4.20977908793242,
        0.7977849036560475
      ],
      "p2": [
        5.080108088019266,
        0.8409099891565938
      ],
      "length": 9.28998727205323,
      "direction": [
        0.9999892253769674,
        0.004642103830457875
      ],
      "rmse": 0.00294847243883997
    },
    {
      "id": 2,
      "p1": [
        -2.1608216573173578,
        4.529105915074769
      ],
      "p2": [
        -2.1857043580691995,
        0.8045199096874645
      ],
      "length": 3.724669120918483,
      "direction": [
        -0.006680513072173496,
        -0.9999776851225695
      ],
      "rmse": 0.0064357837912713
    },
    {
      "id": 3,
      "p1": [
        -2.145523439447667,
        2.9878949096292216
      ],
      "p2": [
        -1.9554332837426502,
        1.7959952000912551
      ],
      "length": 1.2069627934997194,
      "direction": [
        0.15749462761286903,
        -0.9875198439885062
      ],
      "rmse": 0.010086200242375495
    }
  ],
  "metadata": {
    "input_file": "/home/qzl/test_road/test_online_road/extracted_lidar_data_code/extracted_lidar_data/laserscan_json2/laserscan_000343.json",
    "num_walls": 4,
    "x_limit": 10.0,
    "y_limit": 5.0,
    "params": {
      "rdp_epsilon": 0.05,
      "wall_rmse_thresh": 0.07,
      "min_wall_length": 0.8,
      "gap_thresh": 2
    }
  }
}