{
  "walls": [
    {
      "id": 0,
      "p1": [
        -1.9312101116445823,
        -0.904239469329509
      ],
      "p2": [
        5.4019838230070985,
        -0.7677714873894541
      ],
      "length": 7.334463633648134,
      "direction": [
        0.9998268859091534,
        0.018606402425100012
      ],
      "rmse": 0.005622542458989832
    },
    {
      "id": 1,
      "p1": [
        0.5074964911558384,
        -1.0819621652141929
      ],
      "p2": [
        0.1782565323543847,
        -1.8424354550127273
      ],
      "length": 0.8286848465904204,
      "direction": [
        -0.3973041864537099,
        -0.9176869746402396
      ],
      "rmse": 0.00833323278417304
    },
    {
      "id": 2,
      "p1": [
        -3.9586080438646674,
        0.7704650898464116
      ],
      "p2": [
        4.556494319178601,
        0.9689832435221096
      ],
      "length": 8.517416140499645,
      "direction": [
        0.9997283474909849,
        0.02330732118765001
      ],
      "rmse": 0.003998906829982709
    }
  ],
  "metadata": {
    "input_file": "/home/qzl/test_road/test_online_road/extracted_lidar_data_code/extracted_lidar_data/laserscan_json2/laserscan_000204.json",
    "num_walls": 3,
    "x_limit": 10.0,
    "y_limit": 5.0,
    "params": {
      "rdp_epsilon": 0.05,
      "wall_rmse_thresh": 0.07,
      "min_wall_length": 0.8,
      "gap_thresh": 2
    }
  }
}