{
  "walls": [
    {
      "id": 0,
      "p1": [
        -1.637661758606598,
        -0.9804136112270174
      ],
      "p2": [
        5.652793827307553,
        -1.4829385278627865
      ],
      "length": 7.307754370668642,
      "direction": [
        0.9976328179787742,
        -0.06876598352186906
      ],
      "rmse": 0.009456952708820325
    },
    {
      "id": 1,
      "p1": [
        9.999886159277624,
        0.6550070084023387
      ],
      "p2": [
        9.866898333906347,
        -1.6949127887539597
      ],
      "length": 2.353679845425898,
      "direction": [
        -0.056502087839002686,
        -0.9984024810004398
      ],
      "rmse": 0.0023109063520377247
    },
    {
      "id": 2,
      "p1": [
        -1.3105374248388624,
        1.2947292969449633
      ],
      "p2": [
        3.0342950299007025,
        1.129185420621855
      ],
      "length": 4.347985031568798,
      "direction": [
        0.9992749338347103,
        -0.03807369968410698
      ],
      "rmse": 0.027438442752414943
    }
  ],
  "metadata": {
    "input_file": "/home/qzl/test_road/test_online_road/extracted_lidar_data_code/extracted_lidar_data/laserscan_json2/laserscan_000611.json",
    "num_walls": 3,
    "x_limit": 10.0,
    "y_limit": 5.0,
    "params": {
      "rdp_epsilon": 0.05,
      "wall_rmse_thresh": 0.07,
      "min_wall_length": 0.8,
      "gap_thresh": 2
    }
  }
}