{
  "walls": [
    {
      "id": 0,
      "p1": [
        -4.251802879250524,
        -0.6420149781723578
      ],
      "p2": [
        1.1795917456556115,
        -1.2183755375521566
      ],
      "length": 5.461889697336248,
      "direction": [
        0.9944167542507465,
        -0.10552402031485777
      ],
      "rmse": 0.0028940299577406947
    },
    {
      "id": 1,
      "p1": [
        3.274838599017428,
        1.9499145394188226
      ],
      "p2": [
        2.766377549439327,
        -2.841033494303952
      ],
      "length": 4.817853848008486,
      "direction": [
        -0.1055368356156696,
        -0.9944153942524377
      ],
      "rmse": 0.00305779745755209
    },
    {
      "id": 2,
      "p1": [
        -1.2193035470290314,
        1.3968836495523935
      ],
      "p2": [
        1.4304005112985352,
        1.1236598906934612
      ],
      "length": 2.663753520715192,
      "direction": [
        0.9947256897903591,
        -0.10257096113956567
      ],
      "rmse": 0.03619106108679405
    }
  ],
  "metadata": {
    "input_file": "/home/qzl/test_road/test_online_road/extracted_lidar_data_code/extracted_lidar_data/laserscan_json2/laserscan_000123.json",
    "num_walls": 3,
    "x_limit": 10.0,
    "y_limit": 5.0,
    "params": {
      "rdp_epsilon": 0.05,
      "wall_rmse_thresh": 0.07,
      "min_wall_length": 0.8,
      "gap_thresh": 2
    }
  }
}