{
  "walls": [
    {
      "id": 0,
      "p1": [
        -0.953457913554297,
        -0.9249552108943683
      ],
      "p2": [
        5.215778070373737,
        -0.875281384116895
      ],
      "length": 6.169435964045597,
      "direction": [
        0.9999675853473644,
        0.008051599379086503
      ],
      "rmse": 0.009286126096491128
    },
    {
      "id": 1,
      "p1": [
        -3.568374011240347,
        0.7978225528098085
      ],
      "p2": [
        0.08094101595130998,
        0.8108557959375624
      ],
      "length": 3.6493383007215523,
      "direction": [
        0.9999936225332848,
        0.003571398991747052
      ],
      "rmse": 0.0028693026764954996
    },
    {
      "id": 2,
      "p1": [
        2.1438788691628474,
        0.8462944894269183
      ],
      "p2": [
        5.294018021843274,
        0.8694155995725498
      ],
      "length": 3.15022400266783,
      "direction": [
        0.9999730654104338,
        0.007339513039716486
      ],
      "rmse": 0.0027449125282067175
    },
    {
      "id": 3,
      "p1": [
        1.1039455311263606,
        2.6407714386507366
      ],
      "p2": [
        2.1103517147930715,
        2.654909971902483
      ],
      "length": 1.006505491611995,
      "direction": [
        0.9999013339250323,
        0.014047149637592418
      ],
      "rmse": 0.0042028201590588385
    }
  ],
  "metadata": {
    "input_file": "/home/qzl/test_road/test_online_road/extracted_lidar_data_code/extracted_lidar_data/laserscan_json2/laserscan_000316.json",
    "num_walls": 4,
    "x_limit": 10.0,
    "y_limit": 5.0,
    "params": {
      "rdp_epsilon": 0.05,
      "wall_rmse_thresh": 0.07,
      "min_wall_length": 0.8,
      "gap_thresh": 2
    }
  }
}