{
  "walls": [
    {
      "id": 0,
      "p1": [
        -1.9495103570772607,
        -0.9499558034408645
      ],
      "p2": [
        5.933866010232531,
        -0.8518048893957384
      ],
      "length": 7.883987350991021,
      "direction": [
        0.9999225032129159,
        0.012449400243227226
      ],
      "rmse": 0.006598890595438127
    },
    {
      "id": 1,
      "p1": [
        -2.8934652121861597,
        0.782399608712867
      ],
      "p2": [
        5.311483996665467,
        0.8698877191773734
      ],
      "length": 8.20541563172199,
      "direction": [
        0.9999431567029018,
        0.010662239963347073
      ],
      "rmse": 0.004544320534533308
    },
    {
      "id": 2,
      "p1": [
        4.115067549549804,
        3.0708748276687334
      ],
      "p2": [
        4.123688140118659,
        2.077091603496104
      ],
      "length": 0.9938206132037625,
      "direction": [
        0.008674191754844922,
        -0.9999623784900111
      ],
      "rmse": 0.0033446024859442565
    },
    {
      "id": 3,
      "p1": [
        -4.3230391425517105,
        0.9027993498421034
      ],
      "p2": [
        -3.447518214637957,
        0.9012440698013945
      ],
      "length": 0.875522309316539,
      "direction": [
        0.9999984221947903,
        -0.0017764025247072527
      ],
      "rmse": 0.0074470284417599225
    }
  ],
  "metadata": {
    "input_file": "/home/qzl/test_road/test_online_road/extracted_lidar_data_code/extracted_lidar_data/laserscan_json2/laserscan_000309.json",
    "num_walls": 4,
    "x_limit": 10.0,
    "y_limit": 5.0,
    "params": {
      "rdp_epsilon": 0.05,
      "wall_rmse_thresh": 0.07,
      "min_wall_length": 0.8,
      "gap_thresh": 2
    }
  }
}