{
  "walls": [
    {
      "id": 0,
      "p1": [
        -1.65342192851592,
        -0.741189688752416
      ],
      "p2": [
        4.096128972586666,
        -0.5334246629325794
      ],
      "length": 5.753303561461316,
      "direction": [
        0.9993477381604513,
        0.03611230028106796
      ],
      "rmse": 0.0030046123227057586
    },
    {
      "id": 1,
      "p1": [
        -2.504735868675453,
        0.9726703604400893
      ],
      "p2": [
        1.596752588487939,
        1.120545185131559
      ],
      "length": 4.104153326573226,
      "direction": [
        0.9993506896058973,
        0.036030531250836696
      ],
      "rmse": 0.003169757067437649
    }
  ],
  "metadata": {
    "input_file": "/home/qzl/test_road/test_online_road/extracted_lidar_data_code/extracted_lidar_data/laserscan_json2/laserscan_000454.json",
    "num_walls": 2,
    "x_limit": 10.0,
    "y_limit": 5.0,
    "params": {
      "rdp_epsilon": 0.05,
      "wall_rmse_thresh": 0.07,
      "min_wall_length": 0.8,
      "gap_thresh": 2
    }
  }
}