{
  "walls": [
    {
      "id": 0,
      "p1": [
        -5.2583892272443915,
        4.976060027140185
      ],
      "p2": [
        -4.1527049781268,
        -4.641265370503433
      ],
      "length": 9.680675878414055,
      "direction": [
        0.11421560467507631,
        -0.993455985762181
      ],
      "rmse": 0.013240624964088354
    },
    {
      "id": 1,
      "p1": [
        5.996917383852657,
        2.2676958868126222
      ],
      "p2": [
        7.326157251052388,
        2.3485512424422095
      ],
      "length": 1.331696742162849,
      "direction": [
        0.9981550792408962,
        0.06071604222609019
      ],
      "rmse": 0.0052648656676966546
    },
    {
      "id": 2,
      "p1": [
        2.4853515906814625,
        1.4173033775715616
      ],
      "p2": [
        3.4292518836479546,
        1.4831888215155529
      ],
      "length": 0.9461969429172378,
      "direction": [
        0.9975727569520477,
        0.069631850363829
      ],
      "rmse": 0.0027905505593435933
    }
  ],
  "metadata": {
    "input_file": "/home/qzl/test_road/test_online_road/extracted_lidar_data_code/extracted_lidar_data/laserscan_json2/laserscan_000758.json",
    "num_walls": 3,
    "x_limit": 10.0,
    "y_limit": 5.0,
    "params": {
      "rdp_epsilon": 0.05,
      "wall_rmse_thresh": 0.07,
      "min_wall_length": 0.8,
      "gap_thresh": 2
    }
  }
}