{
  "walls": [
    {
      "id": 0,
      "p1": [
        -1.493307009716954,
        -0.7953328516031658
      ],
      "p2": [
        4.592013695183295,
        -0.3733448367573329
      ],
      "length": 6.099934587039535,
      "direction": [
        0.9976042559249043,
        0.06917910492712567
      ],
      "rmse": 0.08573294206461399
    },
    {
      "id": 1,
      "p1": [
        -1.7383056417135225,
        1.0786611582011107
      ],
      "p2": [
        5.87134281576968,
        1.2723620021146138
      ],
      "length": 7.6121133506674274,
      "direction": [
        0.9996761880599665,
        0.025446395106074667
      ],
      "rmse": 0.005318770133382823
    }
  ],
  "metadata": {
    "input_file": "/home/qzl/test_road/test_online_road/extracted_lidar_data_code/extracted_lidar_data/laserscan_json2/laserscan_000485.json",
    "num_walls": 2,
    "x_limit": 10.0,
    "y_limit": 5.0,
    "params": {
      "rdp_epsilon": 0.05,
      "wall_rmse_thresh": 0.07,
      "min_wall_length": 0.8,
      "gap_thresh": 2
    }
  }
}