{
  "walls": [
    {
      "id": 0,
      "p1": [
        -1.565375565809476,
        -0.9812626755013646
      ],
      "p2": [
        6.069026945158713,
        -1.4975487051195466
      ],
      "length": 7.651839841754158,
      "direction": [
        0.9977211584201683,
        -0.06747214268657627
      ],
      "rmse": 0.009231921331726668
    },
    {
      "id": 1,
      "p1": [
        -1.2175274638074947,
        1.3203173514435018
      ],
      "p2": [
        2.0112449070294405,
        1.1307071236082626
      ],
      "length": 3.2343350261189228,
      "direction": [
        0.9982801239697511,
        -0.05862417662482372
      ],
      "rmse": 0.007546006692850216
    }
  ],
  "metadata": {
    "input_file": "/home/qzl/test_road/test_online_road/extracted_lidar_data_code/extracted_lidar_data/laserscan_json2/laserscan_000610.json",
    "num_walls": 2,
    "x_limit": 10.0,
    "y_limit": 5.0,
    "params": {
      "rdp_epsilon": 0.05,
      "wall_rmse_thresh": 0.07,
      "min_wall_length": 0.8,
      "gap_thresh": 2
    }
  }
}