{
  "walls": [
    {
      "id": 0,
      "p1": [
        -2.0279034860980776,
        -1.021897675840688
      ],
      "p2": [
        5.6041044412503505,
        -0.6742087025723185
      ],
      "length": 7.639923600746388,
      "direction": [
        0.9989639067326773,
        0.045509483005046536
      ],
      "rmse": 0.006250907025263525
    },
    {
      "id": 1,
      "p1": [
        -1.1537783170046583,
        0.7520285110529717
      ],
      "p2": [
        5.289180914631723,
        1.062102379556245
      ],
      "length": 6.450416224125157,
      "direction": [
        0.998843951733327,
        0.048070365962316966
      ],
      "rmse": 0.00349092762894602
    }
  ],
  "metadata": {
    "input_file": "/home/qzl/test_road/test_online_road/extracted_lidar_data_code/extracted_lidar_data/laserscan_json2/laserscan_000383.json",
    "num_walls": 2,
    "x_limit": 10.0,
    "y_limit": 5.0,
    "params": {
      "rdp_epsilon": 0.05,
      "wall_rmse_thresh": 0.07,
      "min_wall_length": 0.8,
      "gap_thresh": 2
    }
  }
}