{
  "walls": [
    {
      "id": 0,
      "p1": [
        -1.9115621672773737,
        -0.5214639830450051
      ],
      "p2": [
        5.045456404735461,
        -1.12758925840567
      ],
      "length": 6.983372771144509,
      "direction": [
        0.9962261503141393,
        -0.08679549198126515
      ],
      "rmse": 0.004637281303603873
    },
    {
      "id": 1,
      "p1": [
        -3.8643734634893643,
        1.376903703094106
      ],
      "p2": [
        1.8001216483763565,
        0.901682131398547
      ],
      "length": 5.684394463314051,
      "direction": [
        0.9964993014502387,
        -0.08360108974879717
      ],
      "rmse": 0.005644155106785669
    },
    {
      "id": 2,
      "p1": [
        4.151236855292831,
        0.689447730579096
      ],
      "p2": [
        5.208211304587259,
        0.5930921206264699
      ],
      "length": 1.061357333809213,
      "direction": [
        0.995870491137879,
        -0.09078526796127113
      ],
      "rmse": 0.004323622237197878
    },
    {
      "id": 3,
      "p1": [
        4.28002519344192,
        2.116854032861458
      ],
      "p2": [
        4.149916861841678,
        0.6949245048230945
      ],
      "length": 1.42786965814783,
      "direction": [
        -0.09112059413663973,
        -0.9958398653007348
      ],
      "rmse": 0.002565697711745556
    }
  ],
  "metadata": {
    "input_file": "/home/qzl/test_road/test_online_road/extracted_lidar_data_code/extracted_lidar_data/laserscan_json2/laserscan_000542.json",
    "num_walls": 4,
    "x_limit": 10.0,
    "y_limit": 5.0,
    "params": {
      "rdp_epsilon": 0.05,
      "wall_rmse_thresh": 0.07,
      "min_wall_length": 0.8,
      "gap_thresh": 2
    }
  }
}