{
  "walls": [
    {
      "id": 0,
      "p1": [
        -1.9651881618956568,
        -0.9036582539385494
      ],
      "p2": [
        5.391027047420351,
        -0.7653967899752852
      ],
      "length": 7.35751441984244,
      "direction": [
        0.9998234171950403,
        0.01879187128607582
      ],
      "rmse": 0.005108745269480659
    },
    {
      "id": 1,
      "p1": [
        0.35198697321060607,
        -1.0941016702852195
      ],
      "p2": [
        0.026958173657584128,
        -1.8439941720487354
      ],
      "length": 0.8173019544452486,
      "direction": [
        -0.39768508784897416,
        -0.917521972979696
      ],
      "rmse": 0.007944468129061398
    },
    {
      "id": 2,
      "p1": [
        -3.8306846619533568,
        0.7785258455111096
      ],
      "p2": [
        4.406081474893756,
        0.965224378265283
      ],
      "length": 8.238881764854007,
      "direction": [
        0.9997432141793616,
        0.02266066416323854
      ],
      "rmse": 0.004440673447350051
    }
  ],
  "metadata": {
    "input_file": "/home/qzl/test_road/test_online_road/extracted_lidar_data_code/extracted_lidar_data/laserscan_json2/laserscan_000206.json",
    "num_walls": 3,
    "x_limit": 10.0,
    "y_limit": 5.0,
    "params": {
      "rdp_epsilon": 0.05,
      "wall_rmse_thresh": 0.07,
      "min_wall_length": 0.8,
      "gap_thresh": 2
    }
  }
}