{
  "walls": [
    {
      "id": 0,
      "p1": [
        -2.0442047374308148,
        -0.9844657281703467
      ],
      "p2": [
        4.509045918099151,
        -0.7793200181864064
      ],
      "length": 6.556460852970049,
      "direction": [
        0.9995103764792278,
        0.031289092482082774
      ],
      "rmse": 0.004107585277437463
    },
    {
      "id": 1,
      "p1": [
        -1.2647189538149153,
        0.7631691721972883
      ],
      "p2": [
        5.100623138201244,
        0.9804961222271072
      ],
      "length": 6.369051024415012,
      "direction": [
        0.9994176632608215,
        0.03412234400329094
      ],
      "rmse": 0.003961228730753873
    }
  ],
  "metadata": {
    "input_file": "/home/qzl/test_road/test_online_road/extracted_lidar_data_code/extracted_lidar_data/laserscan_json2/laserscan_000170.json",
    "num_walls": 2,
    "x_limit": 10.0,
    "y_limit": 5.0,
    "params": {
      "rdp_epsilon": 0.05,
      "wall_rmse_thresh": 0.07,
      "min_wall_length": 0.8,
      "gap_thresh": 2
    }
  }
}