{
  "walls": [
    {
      "id": 0,
      "p1": [
        -3.5549416626096852,
        -0.7208489869555094
      ],
      "p2": [
        -3.524583092184561,
        -2.134330091928591
      ],
      "length": 1.4138070861734213,
      "direction": [
        0.021472922806789512,
        -0.999769430210853
      ],
      "rmse": 0.006194660642076328
    },
    {
      "id": 1,
      "p1": [
        -1.778085997684426,
        -1.106323923847325
      ],
      "p2": [
        5.5115427034376285,
        -0.8813337029498595
      ],
      "length": 7.2930999718721745,
      "direction": [
        0.9995240335699774,
        0.030849737665050052
      ],
      "rmse": 0.0026433067558232575
    },
    {
      "id": 2,
      "p1": [
        -1.8839050651852722,
        1.2245829219597144
      ],
      "p2": [
        2.8145451548565235,
        1.3681303659369672
      ],
      "length": 4.70064254532114,
      "direction": [
        0.9995336115726936,
        0.030537834475414746
      ],
      "rmse": 0.005923074443618675
    }
  ],
  "metadata": {
    "input_file": "/home/qzl/test_road/test_online_road/extracted_lidar_data_code/extracted_lidar_data/laserscan_json2/laserscan_000599.json",
    "num_walls": 3,
    "x_limit": 10.0,
    "y_limit": 5.0,
    "params": {
      "rdp_epsilon": 0.05,
      "wall_rmse_thresh": 0.07,
      "min_wall_length": 0.8,
      "gap_thresh": 2
    }
  }
}