{
  "walls": [
    {
      "id": 0,
      "p1": [
        -1.1092066340015114,
        -0.7563523110560907
      ],
      "p2": [
        4.831244329061111,
        -0.3093111455050478
      ],
      "length": 5.957247976058145,
      "direction": [
        0.9971804072838716,
        0.07504155733439834
      ],
      "rmse": 0.07466459530218805
    },
    {
      "id": 1,
      "p1": [
        0.26554626651164503,
        1.1294458325193237
      ],
      "p2": [
        5.676999194499883,
        1.2808871824995367
      ],
      "length": 5.413571582081122,
      "direction": [
        0.9996086402357165,
        0.027974387644809424
      ],
      "rmse": 0.0025615760770149646
    }
  ],
  "metadata": {
    "input_file": "/home/qzl/test_road/test_online_road/extracted_lidar_data_code/extracted_lidar_data/laserscan_json2/laserscan_000488.json",
    "num_walls": 2,
    "x_limit": 10.0,
    "y_limit": 5.0,
    "params": {
      "rdp_epsilon": 0.05,
      "wall_rmse_thresh": 0.07,
      "min_wall_length": 0.8,
      "gap_thresh": 2
    }
  }
}