{
  "walls": [
    {
      "id": 0,
      "p1": [
        -3.5819048072809863,
        -0.9303238732659225
      ],
      "p2": [
        6.018871258481747,
        -1.6617170324686459
      ],
      "length": 9.628594758231914,
      "direction": [
        0.9971108252889138,
        -0.07596052981424849
      ],
      "rmse": 0.015354132742772175
    },
    {
      "id": 1,
      "p1": [
        -1.5439047160120003,
        -2.3732529157854083
      ],
      "p2": [
        -1.640061946609717,
        -3.7784647939147358
      ],
      "length": 1.4084980068966992,
      "direction": [
        -0.0682693409055515,
        -0.9976669269301862
      ],
      "rmse": 0.0023942856285312695
    },
    {
      "id": 2,
      "p1": [
        8.698518763080711,
        2.128957768394985
      ],
      "p2": [
        8.4571054957739,
        -1.7203193191712336
      ],
      "length": 3.856839958112603,
      "direction": [
        -0.06259354028905793,
        -0.9980391017951561
      ],
      "rmse": 0.0027479801497825337
    },
    {
      "id": 3,
      "p1": [
        -2.8460948590254134,
        1.2817872645244932
      ],
      "p2": [
        1.6352663562935807,
        1.1032439724945697
      ],
      "length": 4.484916504160831,
      "direction": [
        0.999207278698941,
        -0.03980972485532415
      ],
      "rmse": 0.03701586400386642
    }
  ],
  "metadata": {
    "input_file": "/home/qzl/test_road/test_online_road/extracted_lidar_data_code/extracted_lidar_data/laserscan_json2/laserscan_000626.json",
    "num_walls": 4,
    "x_limit": 10.0,
    "y_limit": 5.0,
    "params": {
      "rdp_epsilon": 0.05,
      "wall_rmse_thresh": 0.07,
      "min_wall_length": 0.8,
      "gap_thresh": 2
    }
  }
}