{
  "walls": [
    {
      "id": 0,
      "p1": [
        -3.7332315652407146,
        -1.1379762873671733
      ],
      "p2": [
        2.3933379725710897,
        -1.055089293219736
      ],
      "length": 6.127130205523818,
      "direction": [
        0.9999084942380309,
        0.013527865634816918
      ],
      "rmse": 0.0037108000055967533
    },
    {
      "id": 1,
      "p1": [
        4.091581403363829,
        2.1755447077876937
      ],
      "p2": [
        4.098826541142884,
        0.3031208681963542
      ],
      "length": 1.872437856670125,
      "direction": [
        0.0038693608726390262,
        -0.9999925139941984
      ],
      "rmse": 0.0030354691422260775
    },
    {
      "id": 2,
      "p1": [
        -1.0140948758420867,
        1.301582416712647
      ],
      "p2": [
        2.3343442972314112,
        1.2521562533070723
      ],
      "length": 3.3488039419174904,
      "direction": [
        0.9998910748871335,
        -0.014759348192006864
      ],
      "rmse": 0.05444864752055144
    }
  ],
  "metadata": {
    "input_file": "/home/qzl/test_road/test_online_road/extracted_lidar_data_code/extracted_lidar_data/laserscan_json2/laserscan_000109.json",
    "num_walls": 3,
    "x_limit": 10.0,
    "y_limit": 5.0,
    "params": {
      "rdp_epsilon": 0.05,
      "wall_rmse_thresh": 0.07,
      "min_wall_length": 0.8,
      "gap_thresh": 2
    }
  }
}