{
  "walls": [
    {
      "id": 0,
      "p1": [
        -1.5153782785095564,
        -1.0061197482598359
      ],
      "p2": [
        5.639346597136812,
        -1.516968831759884
      ],
      "length": 7.172939065146571,
      "direction": [
        0.9974607076204145,
        -0.07121893534294209
      ],
      "rmse": 0.01095292897680371
    },
    {
      "id": 1,
      "p1": [
        -0.3612933376841483,
        -1.1021209100480145
      ],
      "p2": [
        -0.46360730991312515,
        -3.3822775717292806
      ],
      "length": 2.2824509963464115,
      "direction": [
        -0.04482636095699387,
        -0.9989947934605832
      ],
      "rmse": 0.01058115849532727
    },
    {
      "id": 2,
      "p1": [
        9.795067741536402,
        2.21507190416574
      ],
      "p2": [
        9.571527921575374,
        -1.7248575913806106
      ],
      "length": 3.94626589081176,
      "direction": [
        -0.05664590935985324,
        -0.9983943313895544
      ],
      "rmse": 0.006164293411730982
    },
    {
      "id": 3,
      "p1": [
        -1.609519419023935,
        1.2871747119979726
      ],
      "p2": [
        2.7361792434234653,
        1.1306111094611522
      ],
      "length": 4.348518026458719,
      "direction": [
        0.9993516494588479,
        -0.03600389870389099
      ],
      "rmse": 0.029501080467657762
    }
  ],
  "metadata": {
    "input_file": "/home/qzl/test_road/test_online_road/extracted_lidar_data_code/extracted_lidar_data/laserscan_json2/laserscan_000614.json",
    "num_walls": 4,
    "x_limit": 10.0,
    "y_limit": 5.0,
    "params": {
      "rdp_epsilon": 0.05,
      "wall_rmse_thresh": 0.07,
      "min_wall_length": 0.8,
      "gap_thresh": 2
    }
  }
}