{
  "walls": [
    {
      "id": 0,
      "p1": [
        -1.9650810121567264,
        -1.1264790381549024
      ],
      "p2": [
        3.449563824344387,
        -1.0357002861117026
      ],
      "length": 5.415405754629166,
      "direction": [
        0.9998594900977055,
        0.016763056390651808
      ],
      "rmse": 0.0037155209876613146
    },
    {
      "id": 1,
      "p1": [
        5.1338392195080775,
        1.9204684023766305
      ],
      "p2": [
        5.1432791207635855,
        0.3598576635157622
      ],
      "length": 1.5606392888760614,
      "direction": [
        0.0060487399764853015,
        -0.9999817062040169
      ],
      "rmse": 0.004659736513206074
    },
    {
      "id": 2,
      "p1": [
        -2.1149160966299188,
        1.2221859098340107
      ],
      "p2": [
        3.3839186251148967,
        1.3540235194510726
      ],
      "length": 5.500414934564112,
      "direction": [
        0.9997127102512094,
        0.023968666216156596
      ],
      "rmse": 0.06332471779128504
    }
  ],
  "metadata": {
    "input_file": "/home/qzl/test_road/test_online_road/extracted_lidar_data_code/extracted_lidar_data/laserscan_json2/laserscan_000095.json",
    "num_walls": 3,
    "x_limit": 10.0,
    "y_limit": 5.0,
    "params": {
      "rdp_epsilon": 0.05,
      "wall_rmse_thresh": 0.07,
      "min_wall_length": 0.8,
      "gap_thresh": 2
    }
  }
}