{
  "walls": [
    {
      "id": 0,
      "p1": [
        -4.494629779508364,
        -0.539465408832075
      ],
      "p2": [
        4.862972038387882,
        -0.6739961165918079
      ],
      "length": 9.358568816524537,
      "direction": [
        0.9998966723805097,
        -0.01437513688226087
      ],
      "rmse": 0.005420472360912678
    },
    {
      "id": 1,
      "p1": [
        -6.066084020357503,
        1.211655585939585
      ],
      "p2": [
        -4.807801053212475,
        1.198499227559118
      ],
      "length": 1.258351745408704,
      "direction": [
        0.9999453425759649,
        -0.010455231161284537
      ],
      "rmse": 0.00428569447685915
    },
    {
      "id": 2,
      "p1": [
        -1.0568624152540393,
        1.133944384985085
      ],
      "p2": [
        3.263745522238549,
        1.093796348721534
      ],
      "length": 4.320794465643995,
      "direction": [
        0.9999568301252905,
        -0.009291818109549165
      ],
      "rmse": 0.0027940855428639994
    }
  ],
  "metadata": {
    "input_file": "/home/qzl/test_road/test_online_road/extracted_lidar_data_code/extracted_lidar_data/laserscan_json2/laserscan_000522.json",
    "num_walls": 3,
    "x_limit": 10.0,
    "y_limit": 5.0,
    "params": {
      "rdp_epsilon": 0.05,
      "wall_rmse_thresh": 0.07,
      "min_wall_length": 0.8,
      "gap_thresh": 2
    }
  }
}