{
  "walls": [
    {
      "id": 0,
      "p1": [
        -3.9455680216528712,
        -0.934704400079438
      ],
      "p2": [
        6.303720801857168,
        -1.7379727619834395
      ],
      "length": 10.280717944237345,
      "direction": [
        0.9969429060394395,
        -0.07813348895088155
      ],
      "rmse": 0.019542227194829398
    },
    {
      "id": 1,
      "p1": [
        8.235199157441937,
        2.130054695300109
      ],
      "p2": [
        7.984388413457614,
        -1.8064819454277843
      ],
      "length": 3.944518570509108,
      "direction": [
        -0.06358462750289448,
        -0.997976450194752
      ],
      "rmse": 0.004133135434003683
    },
    {
      "id": 2,
      "p1": [
        -2.7602528728369795,
        1.23181981048288
      ],
      "p2": [
        1.1799223337647358,
        1.1374479680210283
      ],
      "length": 3.941305203022029,
      "direction": [
        0.9997132938541814,
        -0.023944312252041987
      ],
      "rmse": 0.036850598788901276
    },
    {
      "id": 3,
      "p1": [
        -3.5622849387317226,
        1.4168148505991842
      ],
      "p2": [
        -2.758440980884569,
        1.2769250621915744
      ],
      "length": 0.8159254019014867,
      "direction": [
        0.9851929551071932,
        -0.17144923798359687
      ],
      "rmse": 0.012046311467680862
    }
  ],
  "metadata": {
    "input_file": "/home/qzl/test_road/test_online_road/extracted_lidar_data_code/extracted_lidar_data/laserscan_json2/laserscan_000632.json",
    "num_walls": 4,
    "x_limit": 10.0,
    "y_limit": 5.0,
    "params": {
      "rdp_epsilon": 0.05,
      "wall_rmse_thresh": 0.07,
      "min_wall_length": 0.8,
      "gap_thresh": 2
    }
  }
}