{
  "walls": [
    {
      "id": 0,
      "p1": [
        -6.359942965393622,
        -1.8469893289305839
      ],
      "p2": [
        6.696450597397177,
        -0.6715939844306438
      ],
      "length": 13.109193990568496,
      "direction": [
        0.9959722597873872,
        0.08966190792083871
      ],
      "rmse": 0.028437321253592582
    },
    {
      "id": 1,
      "p1": [
        8.260738838401858,
        2.0214719555624576
      ],
      "p2": [
        8.353274332344078,
        0.8409682593097378
      ],
      "length": 1.1841249066316712,
      "direction": [
        0.07814673386556074,
        -0.9969418679061207
      ],
      "rmse": 0.0023398610800368425
    },
    {
      "id": 2,
      "p1": [
        2.2074435810640836,
        1.2963890880344064
      ],
      "p2": [
        4.857688009801898,
        1.5603966972259644
      ],
      "length": 2.663361700889849,
      "direction": [
        0.9950749189829148,
        0.09912570609657978
      ],
      "rmse": 0.06884246995199092
    },
    {
      "id": 3,
      "p1": [
        0.01691968502049812,
        3.4643974858953586
      ],
      "p2": [
        0.25828970923397654,
        0.6666966344354572
      ],
      "length": 2.808093578007733,
      "direction": [
        0.0859551213334146,
        -0.9962990098933944
      ],
      "rmse": 0.006024545207392661
    }
  ],
  "metadata": {
    "input_file": "/home/qzl/test_road/test_online_road/extracted_lidar_data_code/extracted_lidar_data/laserscan_json2/laserscan_000050.json",
    "num_walls": 4,
    "x_limit": 10.0,
    "y_limit": 5.0,
    "params": {
      "rdp_epsilon": 0.05,
      "wall_rmse_thresh": 0.07,
      "min_wall_length": 0.8,
      "gap_thresh": 2
    }
  }
}