{
  "walls": [
    {
      "id": 0,
      "p1": [
        -0.4304860044053223,
        -0.605880639055695
      ],
      "p2": [
        4.898105560679048,
        -0.48726766351099815
      ],
      "length": 5.3299115476202665,
      "direction": [
        0.9997523443814346,
        0.022254210878515857
      ],
      "rmse": 0.003266517450362606
    },
    {
      "id": 1,
      "p1": [
        -0.2130713724460236,
        1.120166135180787
      ],
      "p2": [
        5.300609752565203,
        1.2764327040797698
      ],
      "length": 5.5158951031415135,
      "direction": [
        0.9995986185207656,
        0.028330228544380175
      ],
      "rmse": 0.002780612051199176
    }
  ],
  "metadata": {
    "input_file": "/home/qzl/test_road/test_online_road/extracted_lidar_data_code/extracted_lidar_data/laserscan_json2/laserscan_000492.json",
    "num_walls": 2,
    "x_limit": 10.0,
    "y_limit": 5.0,
    "params": {
      "rdp_epsilon": 0.05,
      "wall_rmse_thresh": 0.07,
      "min_wall_length": 0.8,
      "gap_thresh": 2
    }
  }
}