{
  "walls": [
    {
      "id": 0,
      "p1": [
        -2.924624490483216,
        -0.9803268669791206
      ],
      "p2": [
        5.518903266236018,
        -0.8533408517458705
      ],
      "length": 8.444482602655592,
      "direction": [
        0.9998869266490641,
        0.015037749641782557
      ],
      "rmse": 0.003371600451362336
    },
    {
      "id": 1,
      "p1": [
        -1.7054937213334493,
        0.7855236577357043
      ],
      "p2": [
        1.9173773024499976,
        0.8346292254434351
      ],
      "length": 3.6232038048872743,
      "direction": [
        0.999908152804708,
        0.01355307908471613
      ],
      "rmse": 0.0033089107764862164
    },
    {
      "id": 2,
      "p1": [
        3.919775557094762,
        0.8681270339717743
      ],
      "p2": [
        4.941651480664831,
        0.8760691901210894
      ],
      "length": 1.0219067868531266,
      "direction": [
        0.9999697983373077,
        0.007771898818447418
      ],
      "rmse": 0.0036304783695888195
    }
  ],
  "metadata": {
    "input_file": "/home/qzl/test_road/test_online_road/extracted_lidar_data_code/extracted_lidar_data/laserscan_json2/laserscan_000295.json",
    "num_walls": 3,
    "x_limit": 10.0,
    "y_limit": 5.0,
    "params": {
      "rdp_epsilon": 0.05,
      "wall_rmse_thresh": 0.07,
      "min_wall_length": 0.8,
      "gap_thresh": 2
    }
  }
}