{
  "walls": [
    {
      "id": 0,
      "p1": [
        -2.3835914750349145,
        -1.0060477026890169
      ],
      "p2": [
        4.975623979984746,
        -0.7741919472022735
      ],
      "length": 7.362866914779363,
      "direction": [
        0.9995040709265394,
        0.03148987455159772
      ],
      "rmse": 0.005156900740492006
    },
    {
      "id": 1,
      "p1": [
        -0.8791456349296161,
        0.7611034355359638
      ],
      "p2": [
        5.0958298736406915,
        0.976257052316294
      ],
      "length": 5.978847999976974,
      "direction": [
        0.9993523014111321,
        0.03598579806359748
      ],
      "rmse": 0.0036631250860801887
    }
  ],
  "metadata": {
    "input_file": "/home/qzl/test_road/test_online_road/extracted_lidar_data_code/extracted_lidar_data/laserscan_json2/laserscan_000164.json",
    "num_walls": 2,
    "x_limit": 10.0,
    "y_limit": 5.0,
    "params": {
      "rdp_epsilon": 0.05,
      "wall_rmse_thresh": 0.07,
      "min_wall_length": 0.8,
      "gap_thresh": 2
    }
  }
}