{
  "walls": [
    {
      "id": 0,
      "p1": [
        -3.4376317117838826,
        -0.37016330053744667
      ],
      "p2": [
        4.534560799227944,
        -1.0728076528556643
      ],
      "length": 8.003097057919375,
      "direction": [
        0.9961384265751296,
        -0.08779655516263185
      ],
      "rmse": 0.0044414395116556754
    },
    {
      "id": 1,
      "p1": [
        -3.740127066519317,
        1.3784622994202085
      ],
      "p2": [
        1.953290495479418,
        0.9038733173057785
      ],
      "length": 5.713163592723389,
      "direction": [
        0.9965437659171009,
        -0.08306938431072039
      ],
      "rmse": 0.005322097684632468
    },
    {
      "id": 2,
      "p1": [
        4.302939798635156,
        0.6889340803267016
      ],
      "p2": [
        5.35454309749629,
        0.5869926116155546
      ],
      "length": 1.0565328017712492,
      "direction": [
        0.9953342642056145,
        -0.09648679959594515
      ],
      "rmse": 0.0053574351303554155
    },
    {
      "id": 3,
      "p1": [
        4.433358573323965,
        2.0288735458851432
      ],
      "p2": [
        4.308620081769757,
        0.7005439251438028
      ],
      "length": 1.334173629110564,
      "direction": [
        -0.0934949461092567,
        -0.9956197542485922
      ],
      "rmse": 0.0033798781868828146
    }
  ],
  "metadata": {
    "input_file": "/home/qzl/test_road/test_online_road/extracted_lidar_data_code/extracted_lidar_data/laserscan_json2/laserscan_000540.json",
    "num_walls": 4,
    "x_limit": 10.0,
    "y_limit": 5.0,
    "params": {
      "rdp_epsilon": 0.05,
      "wall_rmse_thresh": 0.07,
      "min_wall_length": 0.8,
      "gap_thresh": 2
    }
  }
}