{
  "walls": [
    {
      "id": 0,
      "p1": [
        -7.7445520504054715,
        -0.43975187133152516
      ],
      "p2": [
        -7.623000313051278,
        -1.8299348347887618
      ],
      "length": 1.395486831446491,
      "direction": [
        0.08710346426420765,
        -0.9961992704831567
      ],
      "rmse": 0.002002655238616753
    },
    {
      "id": 1,
      "p1": [
        -6.128971979257302,
        -1.7820400348813978
      ],
      "p2": [
        6.157849490816009,
        -0.6666328029979834
      ],
      "length": 12.33734635691129,
      "direction": [
        0.9959047200760509,
        0.09040900689778043
      ],
      "rmse": 0.02520614927948652
    },
    {
      "id": 2,
      "p1": [
        7.74153406866077,
        2.073957883655418
      ],
      "p2": [
        7.840248698874625,
        0.8587261581439644
      ],
      "length": 1.2192344831523605,
      "direction": [
        0.08096443430514448,
        -0.9967169911141518
      ],
      "rmse": 0.002501763780427716
    },
    {
      "id": 3,
      "p1": [
        1.078035292689324,
        1.2286160095985055
      ],
      "p2": [
        5.975811106573737,
        1.6877628402240865
      ],
      "length": 4.919250322472382,
      "direction": [
        0.9956345973095195,
        0.093336748595131
      ],
      "rmse": 0.0556073890609262
    }
  ],
  "metadata": {
    "input_file": "/home/qzl/test_road/test_online_road/extracted_lidar_data_code/extracted_lidar_data/laserscan_json2/laserscan_000059.json",
    "num_walls": 4,
    "x_limit": 10.0,
    "y_limit": 5.0,
    "params": {
      "rdp_epsilon": 0.05,
      "wall_rmse_thresh": 0.07,
      "min_wall_length": 0.8,
      "gap_thresh": 2
    }
  }
}