{
  "walls": [
    {
      "id": 0,
      "p1": [
        -1.9022499673225903,
        -0.8537317548927184
      ],
      "p2": [
        5.068237102822078,
        -0.8416168069767221
      ],
      "length": 6.970497598236227,
      "direction": [
        0.9999984896202342,
        0.001738032004924534
      ],
      "rmse": 0.004629174818462856
    },
    {
      "id": 1,
      "p1": [
        -1.0622732064902858,
        0.8760530643996093
      ],
      "p2": [
        5.5594434290764125,
        0.9511317534499776
      ],
      "length": 6.622142252420305,
      "direction": [
        0.999935728221472,
        0.01133752284207621
      ],
      "rmse": 0.01863347238291896
    }
  ],
  "metadata": {
    "input_file": "/home/qzl/test_road/test_online_road/extracted_lidar_data_code/extracted_lidar_data/laserscan_json2/laserscan_000240.json",
    "num_walls": 2,
    "x_limit": 10.0,
    "y_limit": 5.0,
    "params": {
      "rdp_epsilon": 0.05,
      "wall_rmse_thresh": 0.07,
      "min_wall_length": 0.8,
      "gap_thresh": 2
    }
  }
}