{
  "walls": [
    {
      "id": 0,
      "p1": [
        -1.165200825955158,
        -0.9008754556394485
      ],
      "p2": [
        5.3218595033920435,
        -0.7609885482097448
      ],
      "length": 6.488568414023272,
      "direction": [
        0.9997675782104265,
        0.021558978576420088
      ],
      "rmse": 0.00565656697535417
    },
    {
      "id": 1,
      "p1": [
        1.1892287404721047,
        -1.0809387646620647
      ],
      "p2": [
        0.8620712982000908,
        -1.8410325556784404
      ],
      "length": 0.8275110652889253,
      "direction": [
        -0.395351139090158,
        -0.9185300630997956
      ],
      "rmse": 0.01036852222806764
    },
    {
      "id": 2,
      "p1": [
        -1.1483490258563385,
        0.8188600399603558
      ],
      "p2": [
        5.229196658302325,
        0.9922749630457466
      ],
      "length": 6.379902952951519,
      "direction": [
        0.999630516511518,
        0.027181435887671433
      ],
      "rmse": 0.0044109354241062704
    }
  ],
  "metadata": {
    "input_file": "/home/qzl/test_road/test_online_road/extracted_lidar_data_code/extracted_lidar_data/laserscan_json2/laserscan_000195.json",
    "num_walls": 3,
    "x_limit": 10.0,
    "y_limit": 5.0,
    "params": {
      "rdp_epsilon": 0.05,
      "wall_rmse_thresh": 0.07,
      "min_wall_length": 0.8,
      "gap_thresh": 2
    }
  }
}