{
  "walls": [
    {
      "id": 0,
      "p1": [
        -1.7703196660566518,
        -1.122349183254133
      ],
      "p2": [
        3.3220447383265412,
        -1.0378135462568512
      ],
      "length": 5.093066021656457,
      "direction": [
        0.999862240686578,
        0.01659818204549866
      ],
      "rmse": 0.003664810420516872
    },
    {
      "id": 1,
      "p1": [
        5.056752987043816,
        1.916279679820141
      ],
      "p2": [
        5.066978403650157,
        0.37662972059676003
      ],
      "length": 1.5396839143412948,
      "direction": [
        0.00664124403137942,
        -0.9999779466946837
      ],
      "rmse": 0.0023093621265593434
    },
    {
      "id": 2,
      "p1": [
        -2.0192287732594196,
        1.2314418410809274
      ],
      "p2": [
        3.3167357239380832,
        1.3458720168534328
      ],
      "length": 5.337191338192732,
      "direction": [
        0.9997701335922162,
        0.021440148670244033
      ],
      "rmse": 0.06439351783004914
    }
  ],
  "metadata": {
    "input_file": "/home/qzl/test_road/test_online_road/extracted_lidar_data_code/extracted_lidar_data/laserscan_json2/laserscan_000096.json",
    "num_walls": 3,
    "x_limit": 10.0,
    "y_limit": 5.0,
    "params": {
      "rdp_epsilon": 0.05,
      "wall_rmse_thresh": 0.07,
      "min_wall_length": 0.8,
      "gap_thresh": 2
    }
  }
}