{
  "walls": [
    {
      "id": 0,
      "p1": [
        -3.6064836027713785,
        -1.1379378487393828
      ],
      "p2": [
        -2.5122945282555476,
        -1.121605670795738
      ],
      "length": 1.0943109570986638,
      "direction": [
        0.9998886216178898,
        0.014924622510341665
      ],
      "rmse": 0.002296483555781757
    },
    {
      "id": 1,
      "p1": [
        -0.4185593174004566,
        -1.0894900783802668
      ],
      "p2": [
        2.494087614202815,
        -1.0529053529900292
      ],
      "length": 2.9128766864235485,
      "direction": [
        0.9999211244251223,
        0.012559654708596685
      ],
      "rmse": 0.002236362241368741
    },
    {
      "id": 2,
      "p1": [
        4.2510558445564675,
        2.121218164652105
      ],
      "p2": [
        4.255337942556516,
        0.2961633607013183
      ],
      "length": 1.8250598274541925,
      "direction": [
        0.002346278152435969,
        -0.9999972474846276
      ],
      "rmse": 0.004045443162540208
    },
    {
      "id": 3,
      "p1": [
        -0.9258119178794176,
        1.3127910129587108
      ],
      "p2": [
        2.480948256671983,
        1.2485830458824811
      ],
      "length": 3.4073651917494185,
      "direction": [
        0.9998224384040519,
        -0.01884387597538366
      ],
      "rmse": 0.055449907463557296
    }
  ],
  "metadata": {
    "input_file": "/home/qzl/test_road/test_online_road/extracted_lidar_data_code/extracted_lidar_data/laserscan_json2/laserscan_000107.json",
    "num_walls": 4,
    "x_limit": 10.0,
    "y_limit": 5.0,
    "params": {
      "rdp_epsilon": 0.05,
      "wall_rmse_thresh": 0.07,
      "min_wall_length": 0.8,
      "gap_thresh": 2
    }
  }
}