{
  "walls": [
    {
      "id": 0,
      "p1": [
        -1.8344710450743098,
        -0.8560177896221841
      ],
      "p2": [
        4.512841969640778,
        -0.5895404428650339
      ],
      "length": 6.352904271520725,
      "direction": [
        0.9991198896484166,
        0.04194575195339685
      ],
      "rmse": 0.006528532464806002
    },
    {
      "id": 1,
      "p1": [
        -3.4394412992263548,
        0.807568546243687
      ],
      "p2": [
        4.434281132150097,
        1.1735031833561023
      ],
      "length": 7.882221329358831,
      "direction": [
        0.998921763594915,
        0.04642531867876588
      ],
      "rmse": 0.0025584046501048586
    }
  ],
  "metadata": {
    "input_file": "/home/qzl/test_road/test_online_road/extracted_lidar_data_code/extracted_lidar_data/laserscan_json2/laserscan_000423.json",
    "num_walls": 2,
    "x_limit": 10.0,
    "y_limit": 5.0,
    "params": {
      "rdp_epsilon": 0.05,
      "wall_rmse_thresh": 0.07,
      "min_wall_length": 0.8,
      "gap_thresh": 2
    }
  }
}