{
  "walls": [
    {
      "id": 0,
      "p1": [
        -1.3918324813196954,
        -0.6872829057541212
      ],
      "p2": [
        4.6942344490245125,
        -0.4968018778508506
      ],
      "length": 6.089047027460081,
      "direction": [
        0.9995105807019521,
        0.03128256803471187
      ],
      "rmse": 0.0038768779065653657
    },
    {
      "id": 1,
      "p1": [
        -1.968570633673271,
        1.0390257301411903
      ],
      "p2": [
        0.2756748935291303,
        1.1042759932146196
      ],
      "length": 2.245193885435985,
      "direction": [
        0.9995776051939301,
        0.0290621952503195
      ],
      "rmse": 0.002647917053339666
    },
    {
      "id": 2,
      "p1": [
        3.9048242409769136,
        1.2114264954510574
      ],
      "p2": [
        5.680071899746665,
        1.264886550741057
      ],
      "length": 1.776052428133554,
      "direction": [
        0.9995468774722919,
        0.03010049390609873
      ],
      "rmse": 0.004040177814482403
    },
    {
      "id": 3,
      "p1": [
        1.5234213327111492,
        2.9516019819405654
      ],
      "p2": [
        1.5643845281593813,
        1.1594105520558307
      ],
      "length": 1.7926595060785024,
      "direction": [
        0.02285051640274929,
        -0.9997388928605946
      ],
      "rmse": 0.002539687853879855
    }
  ],
  "metadata": {
    "input_file": "/home/qzl/test_road/test_online_road/extracted_lidar_data_code/extracted_lidar_data/laserscan_json2/laserscan_000470.json",
    "num_walls": 4,
    "x_limit": 10.0,
    "y_limit": 5.0,
    "params": {
      "rdp_epsilon": 0.05,
      "wall_rmse_thresh": 0.07,
      "min_wall_length": 0.8,
      "gap_thresh": 2
    }
  }
}