{
  "walls": [
    {
      "id": 0,
      "p1": [
        -1.8669608315052604,
        -0.9703620300182615
      ],
      "p2": [
        4.1790700971960835,
        -0.782576624230935
      ],
      "length": 6.048946466074893,
      "direction": [
        0.9995180090622479,
        0.03104431603756464
      ],
      "rmse": 0.005330806961962219
    },
    {
      "id": 1,
      "p1": [
        -1.3689309674772117,
        0.770045927176322
      ],
      "p2": [
        4.833211927274743,
        0.973870532774628
      ],
      "length": 6.205491193835462,
      "direction": [
        0.999460429644468,
        0.03284584559568493
      ],
      "rmse": 0.004364677486337163
    }
  ],
  "metadata": {
    "input_file": "/home/qzl/test_road/test_online_road/extracted_lidar_data_code/extracted_lidar_data/laserscan_json2/laserscan_000174.json",
    "num_walls": 2,
    "x_limit": 10.0,
    "y_limit": 5.0,
    "params": {
      "rdp_epsilon": 0.05,
      "wall_rmse_thresh": 0.07,
      "min_wall_length": 0.8,
      "gap_thresh": 2
    }
  }
}