{
  "walls": [
    {
      "id": 0,
      "p1": [
        -1.2558299113209044,
        -0.6792346541777452
      ],
      "p2": [
        4.750132889355821,
        -0.6053766032597201
      ],
      "length": 6.00641691649839,
      "direction": [
        0.9999243948873375,
        0.012296524191499002
      ],
      "rmse": 0.04999238993953522
    },
    {
      "id": 1,
      "p1": [
        -2.0265974704909953,
        1.027259764466518
      ],
      "p2": [
        0.5803135695988435,
        1.1065376854004694
      ],
      "length": 2.60811620900793,
      "direction": [
        0.9995379159423435,
        0.03039662138522104
      ],
      "rmse": 0.0022972126589461133
    },
    {
      "id": 2,
      "p1": [
        4.455893801027933,
        1.2151654519482866
      ],
      "p2": [
        5.925612475951573,
        1.2603827160632928
      ],
      "length": 1.470414086029288,
      "direction": [
        0.9995270644414217,
        0.03075138122286743
      ],
      "rmse": 0.0036237342183233663
    },
    {
      "id": 3,
      "p1": [
        1.8418017670463724,
        2.9448422064722095
      ],
      "p2": [
        1.8899753571852693,
        1.1444623647686267
      ],
      "length": 1.8010242278213495,
      "direction": [
        0.026747885672322735,
        -0.9996422112986528
      ],
      "rmse": 0.002125907239302727
    }
  ],
  "metadata": {
    "input_file": "/home/qzl/test_road/test_online_road/extracted_lidar_data_code/extracted_lidar_data/laserscan_json2/laserscan_000466.json",
    "num_walls": 4,
    "x_limit": 10.0,
    "y_limit": 5.0,
    "params": {
      "rdp_epsilon": 0.05,
      "wall_rmse_thresh": 0.07,
      "min_wall_length": 0.8,
      "gap_thresh": 2
    }
  }
}