{
  "walls": [
    {
      "id": 0,
      "p1": [
        -1.6247431854657286,
        -0.7825400925356676
      ],
      "p2": [
        4.853808611646329,
        -0.524084671013834
      ],
      "length": 6.483705159303429,
      "direction": [
        0.9992051825196809,
        0.03986230329285085
      ],
      "rmse": 0.00408482610662866
    },
    {
      "id": 1,
      "p1": [
        -2.7726111549705887,
        0.9159713717324826
      ],
      "p2": [
        1.2230498104995686,
        1.078419151658057
      ],
      "length": 3.9989618443021757,
      "direction": [
        0.9991745660587592,
        0.04062248809822274
      ],
      "rmse": 0.002302264783287534
    },
    {
      "id": 2,
      "p1": [
        3.9905102108117614,
        1.1763672448358546
      ],
      "p2": [
        5.5385870198974985,
        1.2317032620451367
      ],
      "length": 1.549065486552994,
      "direction": [
        0.9993617587652767,
        0.03572219359967891
      ],
      "rmse": 0.004515825223653821
    }
  ],
  "metadata": {
    "input_file": "/home/qzl/test_road/test_online_road/extracted_lidar_data_code/extracted_lidar_data/laserscan_json2/laserscan_000442.json",
    "num_walls": 3,
    "x_limit": 10.0,
    "y_limit": 5.0,
    "params": {
      "rdp_epsilon": 0.05,
      "wall_rmse_thresh": 0.07,
      "min_wall_length": 0.8,
      "gap_thresh": 2
    }
  }
}