{
  "walls": [
    {
      "id": 0,
      "p1": [
        -3.5229766871750523,
        -1.0141139292230217
      ],
      "p2": [
        5.4855654619610865,
        -0.8543149107296649
      ],
      "length": 9.009959343919027,
      "direction": [
        0.9998427079703912,
        0.01773582015118058
      ],
      "rmse": 0.004078329974999256
    },
    {
      "id": 1,
      "p1": [
        -1.7834336060362503,
        0.8553424297895723
      ],
      "p2": [
        3.278115367539747,
        0.7787065133959854
      ],
      "length": 5.062129104990283,
      "direction": [
        0.999885397743259,
        -0.015139067930520016
      ],
      "rmse": 0.03894477791243669
    }
  ],
  "metadata": {
    "input_file": "/home/qzl/test_road/test_online_road/extracted_lidar_data_code/extracted_lidar_data/laserscan_json2/laserscan_000280.json",
    "num_walls": 2,
    "x_limit": 10.0,
    "y_limit": 5.0,
    "params": {
      "rdp_epsilon": 0.05,
      "wall_rmse_thresh": 0.07,
      "min_wall_length": 0.8,
      "gap_thresh": 2
    }
  }
}