{
  "walls": [
    {
      "id": 0,
      "p1": [
        -5.467001245798801,
        -0.00027705824647239474
      ],
      "p2": [
        -4.130018373941331,
        -3.3733066793716464
      ],
      "length": 3.6283401197556002,
      "direction": [
        0.3684833361063708,
        -0.9296343533938057
      ],
      "rmse": 0.002126467556055002
    },
    {
      "id": 1,
      "p1": [
        -4.128560678653993,
        -3.3695319659983545
      ],
      "p2": [
        2.8900234257010453,
        -0.6858764025914277
      ],
      "length": 7.51415530934184,
      "direction": [
        0.9340483148681116,
        0.3571466722371091
      ],
      "rmse": 0.025603187010504725
    },
    {
      "id": 2,
      "p1": [
        6.015297354319281,
        0.6330034540744235
      ],
      "p2": [
        7.13750444180087,
        1.090676722361458
      ],
      "length": 1.2119461901002238,
      "direction": [
        0.9259545486814597,
        0.3776349742464462
      ],
      "rmse": 0.005468831940300727
    },
    {
      "id": 3,
      "p1": [
        0.6569577697649993,
        4.962661355781121
      ],
      "p2": [
        2.1420274342324985,
        1.2350093930252621
      ],
      "length": 4.012582841980863,
      "direction": [
        0.3701031786630705,
        -0.9289906550345335
      ],
      "rmse": 0.005485242543618569
    }
  ],
  "metadata": {
    "input_file": "/home/qzl/test_road/test_online_road/extracted_lidar_data_code/extracted_lidar_data/laserscan_json2/laserscan_000014.json",
    "num_walls": 4,
    "x_limit": 10.0,
    "y_limit": 5.0,
    "params": {
      "rdp_epsilon": 0.05,
      "wall_rmse_thresh": 0.07,
      "min_wall_length": 0.8,
      "gap_thresh": 2
    }
  }
}