{
  "walls": [
    {
      "id": 0,
      "p1": [
        -4.51768212876487,
        -2.9040457706563703
      ],
      "p2": [
        -3.4944181762797064,
        -2.899491077040383
      ],
      "length": 1.0232740892300038,
      "direction": [
        0.9999900938116477,
        0.004451098355681255
      ],
      "rmse": 0.0045418009451453
    },
    {
      "id": 1,
      "p1": [
        -1.019571219196381,
        -0.8617584530080327
      ],
      "p2": [
        5.535734222272361,
        -0.7926410817085826
      ],
      "length": 6.5556698087964325,
      "direction": [
        0.9999444195109163,
        0.010543144074559533
      ],
      "rmse": 0.0038336320719412785
    },
    {
      "id": 2,
      "p1": [
        -3.550270827513733,
        0.8056710452160971
      ],
      "p2": [
        5.411795221091646,
        0.9978547844557555
      ],
      "length": 8.964126418630729,
      "direction": [
        0.9997701538400854,
        0.021439204476192818
      ],
      "rmse": 0.020619051714044018
    }
  ],
  "metadata": {
    "input_file": "/home/qzl/test_road/test_online_road/extracted_lidar_data_code/extracted_lidar_data/laserscan_json2/laserscan_000224.json",
    "num_walls": 3,
    "x_limit": 10.0,
    "y_limit": 5.0,
    "params": {
      "rdp_epsilon": 0.05,
      "wall_rmse_thresh": 0.07,
      "min_wall_length": 0.8,
      "gap_thresh": 2
    }
  }
}