{
  "walls": [
    {
      "id": 0,
      "p1": [
        -2.050442350594139,
        -0.994107386447112
      ],
      "p2": [
        5.410134112822859,
        -0.8321081215642393
      ],
      "length": 7.4623350855020085,
      "direction": [
        0.999764333540062,
        0.021708923952965673
      ],
      "rmse": 0.008507670221025738
    },
    {
      "id": 1,
      "p1": [
        -1.19289980981267,
        0.757653944720397
      ],
      "p2": [
        5.030439254522222,
        0.9014452587971032
      ],
      "length": 6.2250000041510525,
      "direction": [
        0.9997331823580279,
        0.023099006261956174
      ],
      "rmse": 0.002991198042666444
    }
  ],
  "metadata": {
    "input_file": "/home/qzl/test_road/test_online_road/extracted_lidar_data_code/extracted_lidar_data/laserscan_json2/laserscan_000377.json",
    "num_walls": 2,
    "x_limit": 10.0,
    "y_limit": 5.0,
    "params": {
      "rdp_epsilon": 0.05,
      "wall_rmse_thresh": 0.07,
      "min_wall_length": 0.8,
      "gap_thresh": 2
    }
  }
}