{
  "walls": [
    {
      "id": 0,
      "p1": [
        -3.0209166932816336,
        -0.1318662869819096
      ],
      "p2": [
        -2.9449638382252887,
        -2.6169307888835602
      ],
      "length": 2.4862249324634544,
      "direction": [
        0.030549470429858346,
        -0.999533256002248
      ],
      "rmse": 0.007459799311268739
    },
    {
      "id": 1,
      "p1": [
        -1.2362975858547225,
        -1.109202835534229
      ],
      "p2": [
        5.958989205008329,
        -0.8556366013979938
      ],
      "length": 7.199753317847935,
      "direction": [
        0.9993796277740508,
        0.035218739162548786
      ],
      "rmse": 0.002894233207402722
    },
    {
      "id": 2,
      "p1": [
        -1.2292417010818464,
        1.2589154609131425
      ],
      "p2": [
        4.534523100340974,
        1.4785167830715835
      ],
      "length": 5.767946725379351,
      "direction": [
        0.9992749718120846,
        0.03807270292424177
      ],
      "rmse": 0.03876227635655103
    }
  ],
  "metadata": {
    "input_file": "/home/qzl/test_road/test_online_road/extracted_lidar_data_code/extracted_lidar_data/laserscan_json2/laserscan_000593.json",
    "num_walls": 3,
    "x_limit": 10.0,
    "y_limit": 5.0,
    "params": {
      "rdp_epsilon": 0.05,
      "wall_rmse_thresh": 0.07,
      "min_wall_length": 0.8,
      "gap_thresh": 2
    }
  }
}