{
  "walls": [
    {
      "id": 0,
      "p1": [
        -1.8809689514894532,
        -0.9517788743052238
      ],
      "p2": [
        5.535138792364149,
        -0.5950734585685782
      ],
      "length": 7.424681327980429,
      "direction": [
        0.9988452589740205,
        0.04804319538833535
      ],
      "rmse": 0.006572650384625709
    },
    {
      "id": 1,
      "p1": [
        -5.065965925060126,
        0.6234886975692354
      ],
      "p2": [
        -3.3661810251639905,
        0.7132115377745554
      ],
      "length": 1.7021512547272124,
      "direction": [
        0.9986097858071044,
        0.05271143792659556
      ],
      "rmse": 0.0029868428083923773
    },
    {
      "id": 2,
      "p1": [
        -0.9126852480717319,
        0.8305266584592145
      ],
      "p2": [
        5.830322818351112,
        1.1706523008793634
      ],
      "length": 6.751580795374906,
      "direction": [
        0.9987302634422032,
        0.05037718613288433
      ],
      "rmse": 0.004158093246490096
    }
  ],
  "metadata": {
    "input_file": "/home/qzl/test_road/test_online_road/extracted_lidar_data_code/extracted_lidar_data/laserscan_json2/laserscan_000401.json",
    "num_walls": 3,
    "x_limit": 10.0,
    "y_limit": 5.0,
    "params": {
      "rdp_epsilon": 0.05,
      "wall_rmse_thresh": 0.07,
      "min_wall_length": 0.8,
      "gap_thresh": 2
    }
  }
}