{
  "walls": [
    {
      "id": 0,
      "p1": [
        -1.357269547034507,
        -0.7839584906306666
      ],
      "p2": [
        4.6448362398322,
        -0.4972504115546905
      ],
      "length": 6.008949608654265,
      "direction": [
        0.9988610618761548,
        0.04771351030515615
      ],
      "rmse": 0.09560964937036859
    },
    {
      "id": 1,
      "p1": [
        -1.7267248889590094,
        1.070954278727757
      ],
      "p2": [
        5.699934005379393,
        1.261669449727539
      ],
      "length": 7.429107255202685,
      "direction": [
        0.9996704367311435,
        0.025671344408984165
      ],
      "rmse": 0.004781817782071348
    },
    {
      "id": 2,
      "p1": [
        0.6439024527258392,
        2.951441311359746
      ],
      "p2": [
        0.6709247211714425,
        1.8324905643250102
      ],
      "length": 1.1192769886321883,
      "direction": [
        0.02414261056023215,
        -0.9997085246977427
      ],
      "rmse": 0.0019168951702906662
    },
    {
      "id": 3,
      "p1": [
        -0.5130018589429457,
        3.003404651856453
      ],
      "p2": [
        0.6412013376045522,
        2.9625727263629376
      ],
      "length": 1.1549252205489193,
      "direction": [
        0.9993748305173971,
        -0.03535460544715419
      ],
      "rmse": 0.01700487099391513
    }
  ],
  "metadata": {
    "input_file": "/home/qzl/test_road/test_online_road/extracted_lidar_data_code/extracted_lidar_data/laserscan_json2/laserscan_000480.json",
    "num_walls": 4,
    "x_limit": 10.0,
    "y_limit": 5.0,
    "params": {
      "rdp_epsilon": 0.05,
      "wall_rmse_thresh": 0.07,
      "min_wall_length": 0.8,
      "gap_thresh": 2
    }
  }
}