{
  "walls": [
    {
      "id": 0,
      "p1": [
        -0.6023495460882751,
        -0.8953216767566603
      ],
      "p2": [
        5.292212870481245,
        -0.7582492683493424
      ],
      "length": 5.896155945018795,
      "direction": [
        0.9997297343438624,
        0.02324775831666778
      ],
      "rmse": 0.00662740141090821
    },
    {
      "id": 1,
      "p1": [
        -1.3992924795243988,
        0.7996068903940153
      ],
      "p2": [
        5.699108820914207,
        1.0035575538624564
      ],
      "length": 7.101330642576622,
      "direction": [
        0.9995874939088808,
        0.0287200630041691
      ],
      "rmse": 0.004561402367994563
    }
  ],
  "metadata": {
    "input_file": "/home/qzl/test_road/test_online_road/extracted_lidar_data_code/extracted_lidar_data/laserscan_json2/laserscan_000189.json",
    "num_walls": 2,
    "x_limit": 10.0,
    "y_limit": 5.0,
    "params": {
      "rdp_epsilon": 0.05,
      "wall_rmse_thresh": 0.07,
      "min_wall_length": 0.8,
      "gap_thresh": 2
    }
  }
}