{
  "walls": [
    {
      "id": 0,
      "p1": [
        -4.391924017928524,
        -2.9037590071907378
      ],
      "p2": [
        -3.2008578965603713,
        -2.8990419530132
      ],
      "length": 1.1910754619549042,
      "direction": [
        0.9999921578537707,
        0.003960331925393703
      ],
      "rmse": 0.0043091075641364775
    },
    {
      "id": 1,
      "p1": [
        -0.935721345483846,
        -0.8634399150753277
      ],
      "p2": [
        5.134621849028548,
        -0.799938519500573
      ],
      "length": 6.07067532704582,
      "direction": [
        0.9999452890293741,
        0.010460351139482366
      ],
      "rmse": 0.0036340153265502916
    },
    {
      "id": 2,
      "p1": [
        -3.4836801625029024,
        0.806779904460662
      ],
      "p2": [
        5.418796001271478,
        0.9957491030483102
      ],
      "length": 8.904481523625385,
      "direction": [
        0.9997747920690737,
        0.021221808152005923
      ],
      "rmse": 0.019987023339280922
    }
  ],
  "metadata": {
    "input_file": "/home/qzl/test_road/test_online_road/extracted_lidar_data_code/extracted_lidar_data/laserscan_json2/laserscan_000223.json",
    "num_walls": 3,
    "x_limit": 10.0,
    "y_limit": 5.0,
    "params": {
      "rdp_epsilon": 0.05,
      "wall_rmse_thresh": 0.07,
      "min_wall_length": 0.8,
      "gap_thresh": 2
    }
  }
}