{
  "walls": [
    {
      "id": 0,
      "p1": [
        -1.8548059467782372,
        -1.2527598708471723
      ],
      "p2": [
        4.189509774303334,
        -0.9330381620968677
      ],
      "length": 6.052765855967008,
      "direction": [
        0.9986039217289148,
        0.05282241480310909
      ],
      "rmse": 0.005801848195562238
    },
    {
      "id": 1,
      "p1": [
        5.853924190597927,
        1.9018881955452112
      ],
      "p2": [
        5.90372523428448,
        0.46366602654788447
      ],
      "length": 1.4390841362990716,
      "direction": [
        0.03460606814454785,
        -0.9994010306406406
      ],
      "rmse": 0.004147272042271226
    },
    {
      "id": 2,
      "p1": [
        -2.0338203336808105,
        1.066626103857992
      ],
      "p2": [
        4.119702317809311,
        1.4758524073642334
      ],
      "length": 6.167114981081785,
      "direction": [
        0.9977959986736888,
        0.06635619811875942
      ],
      "rmse": 0.05716502516817403
    }
  ],
  "metadata": {
    "input_file": "/home/qzl/test_road/test_online_road/extracted_lidar_data_code/extracted_lidar_data/laserscan_json2/laserscan_000085.json",
    "num_walls": 3,
    "x_limit": 10.0,
    "y_limit": 5.0,
    "params": {
      "rdp_epsilon": 0.05,
      "wall_rmse_thresh": 0.07,
      "min_wall_length": 0.8,
      "gap_thresh": 2
    }
  }
}