{
  "walls": [
    {
      "id": 0,
      "p1": [
        -1.7021439395858506,
        -0.7051578810463494
      ],
      "p2": [
        3.693572275192421,
        -0.6078698686402524
      ],
      "length": 5.396593224227586,
      "direction": [
        0.9998374883156335,
        0.018027671970759745
      ],
      "rmse": 0.03648872264888138
    },
    {
      "id": 1,
      "p1": [
        2.3676827566943115,
        2.406601335486071
      ],
      "p2": [
        2.3924601369992695,
        1.3273351296604645
      ],
      "length": 1.0795505831650396,
      "direction": [
        0.022951569561743636,
        -0.9997365780307592
      ],
      "rmse": 0.0030966252371367638
    },
    {
      "id": 2,
      "p1": [
        -2.441165202645633,
        0.9955744141159617
      ],
      "p2": [
        1.0976465319344864,
        1.1133869543431663
      ],
      "length": 3.540772272744569,
      "direction": [
        0.9994462964525903,
        0.033273119859743565
      ],
      "rmse": 0.002705535727769181
    }
  ],
  "metadata": {
    "input_file": "/home/qzl/test_road/test_online_road/extracted_lidar_data_code/extracted_lidar_data/laserscan_json2/laserscan_000460.json",
    "num_walls": 3,
    "x_limit": 10.0,
    "y_limit": 5.0,
    "params": {
      "rdp_epsilon": 0.05,
      "wall_rmse_thresh": 0.07,
      "min_wall_length": 0.8,
      "gap_thresh": 2
    }
  }
}