{
  "walls": [
    {
      "id": 0,
      "p1": [
        -1.3204435908315482,
        -0.8624192432173521
      ],
      "p2": [
        5.144495345916464,
        -0.801419873504411
      ],
      "length": 6.465226707470195,
      "direction": [
        0.9999554894605142,
        0.009434993152273977
      ],
      "rmse": 0.0039209447978552445
    },
    {
      "id": 1,
      "p1": [
        -3.8101312328529318,
        0.8130895422293554
      ],
      "p2": [
        5.345394213072625,
        0.9884464980211047
      ],
      "length": 9.157204609100688,
      "direction": [
        0.9998166292819733,
        0.019149616425224274
      ],
      "rmse": 0.020717389669762734
    }
  ],
  "metadata": {
    "input_file": "/home/qzl/test_road/test_online_road/extracted_lidar_data_code/extracted_lidar_data/laserscan_json2/laserscan_000228.json",
    "num_walls": 2,
    "x_limit": 10.0,
    "y_limit": 5.0,
    "params": {
      "rdp_epsilon": 0.05,
      "wall_rmse_thresh": 0.07,
      "min_wall_length": 0.8,
      "gap_thresh": 2
    }
  }
}