{
  "walls": [
    {
      "id": 0,
      "p1": [
        -1.5144264515799657,
        -0.7887045413215104
      ],
      "p2": [
        4.878682708334884,
        -0.5265947199544967
      ],
      "length": 6.398479998331181,
      "direction": [
        0.9991606071404261,
        0.04096438864153888
      ],
      "rmse": 0.003634326533354899
    },
    {
      "id": 1,
      "p1": [
        -2.9773617485580215,
        0.8946265883765535
      ],
      "p2": [
        1.1386407477607345,
        1.0674508088284016
      ],
      "length": 4.1196292018672045,
      "direction": [
        0.9991196524311167,
        0.04195140193038329
      ],
      "rmse": 0.002286344763337779
    },
    {
      "id": 2,
      "p1": [
        4.248315850851567,
        1.176714205491873
      ],
      "p2": [
        5.49983035316817,
        1.223163536294589
      ],
      "length": 1.2523761774486109,
      "direction": [
        0.9993119678026653,
        0.03708896068056628
      ],
      "rmse": 0.0039640346215227525
    }
  ],
  "metadata": {
    "input_file": "/home/qzl/test_road/test_online_road/extracted_lidar_data_code/extracted_lidar_data/laserscan_json2/laserscan_000439.json",
    "num_walls": 3,
    "x_limit": 10.0,
    "y_limit": 5.0,
    "params": {
      "rdp_epsilon": 0.05,
      "wall_rmse_thresh": 0.07,
      "min_wall_length": 0.8,
      "gap_thresh": 2
    }
  }
}