{
  "walls": [
    {
      "id": 0,
      "p1": [
        -2.9738103448648023,
        -0.13356377175862566
      ],
      "p2": [
        -0.21165545858127444,
        -1.2776591361584235
      ],
      "length": 2.989724706166285,
      "direction": [
        0.9238826841092903,
        -0.38267582364321573
      ],
      "rmse": 0.003447807567719822
    },
    {
      "id": 1,
      "p1": [
        3.5970252413794235,
        3.6193886806012703
      ],
      "p2": [
        1.9114071089693905,
        -0.687614365882236
      ],
      "length": 4.6251036454038195,
      "direction": [
        -0.36444980732127485,
        -0.9312230334036448
      ],
      "rmse": 0.011194156132728257
    },
    {
      "id": 2,
      "p1": [
        1.0640401000115296,
        -2.7624128386519295
      ],
      "p2": [
        0.12827015107896567,
        -4.9925820582185105
      ],
      "length": 2.4185367777289364,
      "direction": [
        -0.3869157407688207,
        -0.9221150739161109
      ],
      "rmse": 0.0031961258122605797
    },
    {
      "id": 3,
      "p1": [
        -1.4289052242143458,
        1.7953857784638751
      ],
      "p2": [
        0.6630054738731415,
        0.8679600273098433
      ],
      "length": 2.288276402158729,
      "direction": [
        0.9141861953878975,
        -0.4052944610529494
      ],
      "rmse": 0.03209233628981715
    }
  ],
  "metadata": {
    "input_file": "/home/qzl/test_road/test_online_road/extracted_lidar_data_code/extracted_lidar_data/laserscan_json2/laserscan_000136.json",
    "num_walls": 4,
    "x_limit": 10.0,
    "y_limit": 5.0,
    "params": {
      "rdp_epsilon": 0.05,
      "wall_rmse_thresh": 0.07,
      "min_wall_length": 0.8,
      "gap_thresh": 2
    }
  }
}