{
  "walls": [
    {
      "id": 0,
      "p1": [
        -4.294866919766336,
        -0.9698987588800061
      ],
      "p2": [
        6.242510763071456,
        -1.7934798124149576
      ],
      "length": 10.569513431682166,
      "direction": [
        0.996959581057101,
        -0.07792043208587443
      ],
      "rmse": 0.01588128121057525
    },
    {
      "id": 1,
      "p1": [
        7.503668258834568,
        2.1118982685908634
      ],
      "p2": [
        7.244138058297769,
        -1.8383701134952461
      ],
      "length": 3.958784689207015,
      "direction": [
        -0.06555804897500662,
        -0.9978487571834675
      ],
      "rmse": 0.005447357030935755
    },
    {
      "id": 2,
      "p1": [
        8.467905611140443,
        4.996485410174449
      ],
      "p2": [
        9.615183620405954,
        4.897160526441588
      ],
      "length": 1.1515694781787074,
      "direction": [
        0.9962733738643968,
        -0.08625175086252869
      ],
      "rmse": 0.006205834660777908
    },
    {
      "id": 3,
      "p1": [
        -3.952548178342131,
        1.2556563735372575
      ],
      "p2": [
        0.4586478516371093,
        1.1415038242038116
      ],
      "length": 4.412672797684408,
      "direction": [
        0.9996653348713384,
        -0.0258692530733832
      ],
      "rmse": 0.03628238431537234
    }
  ],
  "metadata": {
    "input_file": "/home/qzl/test_road/test_online_road/extracted_lidar_data_code/extracted_lidar_data/laserscan_json2/laserscan_000640.json",
    "num_walls": 4,
    "x_limit": 10.0,
    "y_limit": 5.0,
    "params": {
      "rdp_epsilon": 0.05,
      "wall_rmse_thresh": 0.07,
      "min_wall_length": 0.8,
      "gap_thresh": 2
    }
  }
}