{
  "walls": [
    {
      "id": 0,
      "p1": [
        -0.05130110160750889,
        -0.8928197330660556
      ],
      "p2": [
        5.352703873019805,
        -0.7671662003754067
      ],
      "length": 5.405465620654191,
      "direction": [
        0.9997297834941914,
        0.023245644595426388
      ],
      "rmse": 0.006785191988425842
    },
    {
      "id": 1,
      "p1": [
        -1.2298263068279636,
        0.7909049630603903
      ],
      "p2": [
        5.549742137609202,
        0.9956581184758848
      ],
      "length": 6.782659666197381,
      "direction": [
        0.9995442463695471,
        0.030187738364009988
      ],
      "rmse": 0.0043578999412911944
    }
  ],
  "metadata": {
    "input_file": "/home/qzl/test_road/test_online_road/extracted_lidar_data_code/extracted_lidar_data/laserscan_json2/laserscan_000183.json",
    "num_walls": 2,
    "x_limit": 10.0,
    "y_limit": 5.0,
    "params": {
      "rdp_epsilon": 0.05,
      "wall_rmse_thresh": 0.07,
      "min_wall_length": 0.8,
      "gap_thresh": 2
    }
  }
}