{
  "walls": [
    {
      "id": 0,
      "p1": [
        -2.479945779379419,
        -0.9346923455713932
      ],
      "p2": [
        5.0225717685121944,
        -0.9193298917999659
      ],
      "length": 7.502533276261257,
      "direction": [
        0.9999979035911515,
        0.002047635539321126
      ],
      "rmse": 0.0042311691230708225
    },
    {
      "id": 1,
      "p1": [
        -1.3442382231607062,
        0.8087788574466906
      ],
      "p2": [
        5.271221545301965,
        0.8201141833412401
      ],
      "length": 6.615469479769467,
      "direction": [
        0.9999985320295949,
        0.0017134575148751233
      ],
      "rmse": 0.0031024645082143414
    }
  ],
  "metadata": {
    "input_file": "/home/qzl/test_road/test_online_road/extracted_lidar_data_code/extracted_lidar_data/laserscan_json2/laserscan_000356.json",
    "num_walls": 2,
    "x_limit": 10.0,
    "y_limit": 5.0,
    "params": {
      "rdp_epsilon": 0.05,
      "wall_rmse_thresh": 0.07,
      "min_wall_length": 0.8,
      "gap_thresh": 2
    }
  }
}