{
  "walls": [
    {
      "id": 0,
      "p1": [
        8.104115630795206,
        -1.501681191830901
      ],
      "p2": [
        8.12722469901457,
        -2.6396520852542817
      ],
      "length": 1.1382055101398758,
      "direction": [
        0.02030307182092497,
        -0.9997938713918156
      ],
      "rmse": 0.0033153973659058645
    },
    {
      "id": 1,
      "p1": [
        -4.669517968659358,
        1.7571953442463337
      ],
      "p2": [
        -2.7396100054241326,
        1.7949446504545847
      ],
      "length": 1.9302771191406534,
      "direction": [
        0.9998087549690677,
        0.01955641800542034
      ],
      "rmse": 0.010886645653636855
    },
    {
      "id": 2,
      "p1": [
        0.7636521546746065,
        1.93182608291475
      ],
      "p2": [
        8.359524189905036,
        2.125609946944609
      ],
      "length": 7.598343514316395,
      "direction": [
        0.9996747344879968,
        0.025503435540200032
      ],
      "rmse": 0.003340074638399899
    }
  ],
  "metadata": {
    "input_file": "/home/qzl/test_road/test_online_road/extracted_lidar_data_code/extracted_lidar_data/laserscan_json2/laserscan_000869.json",
    "num_walls": 3,
    "x_limit": 10.0,
    "y_limit": 5.0,
    "params": {
      "rdp_epsilon": 0.05,
      "wall_rmse_thresh": 0.07,
      "min_wall_length": 0.8,
      "gap_thresh": 2
    }
  }
}