{
  "walls": [
    {
      "id": 0,
      "p1": [
        -1.8603744526662986,
        -0.8111467401910493
      ],
      "p2": [
        4.918476151333098,
        -0.5309893361891119
      ],
      "length": 6.784637328727313,
      "direction": [
        0.9991470841469753,
        0.04129290784865138
      ],
      "rmse": 0.004446739902645328
    },
    {
      "id": 1,
      "p1": [
        -3.0659272787983465,
        0.8825709967518711
      ],
      "p2": [
        5.50148971367036,
        1.2389331282549585
      ],
      "length": 8.574825239712526,
      "direction": [
        0.999136046852818,
        0.04155911304784542
      ],
      "rmse": 0.00375668228127408
    }
  ],
  "metadata": {
    "input_file": "/home/qzl/test_road/test_online_road/extracted_lidar_data_code/extracted_lidar_data/laserscan_json2/laserscan_000436.json",
    "num_walls": 2,
    "x_limit": 10.0,
    "y_limit": 5.0,
    "params": {
      "rdp_epsilon": 0.05,
      "wall_rmse_thresh": 0.07,
      "min_wall_length": 0.8,
      "gap_thresh": 2
    }
  }
}