{
  "walls": [
    {
      "id": 0,
      "p1": [
        -4.204552521155345,
        -2.9105591523483425
      ],
      "p2": [
        -2.674219669966269,
        -2.9008146674955535
      ],
      "length": 1.5303638751661428,
      "direction": [
        0.9999797277111017,
        0.006367430002045272
      ],
      "rmse": 0.004412857125106123
    },
    {
      "id": 1,
      "p1": [
        -0.776344338701383,
        -0.861598474043725
      ],
      "p2": [
        5.10004602642116,
        -0.7954058247138966
      ],
      "length": 5.876763155864831,
      "direction": [
        0.9999365652931255,
        0.011263453634966367
      ],
      "rmse": 0.003701503273119866
    },
    {
      "id": 2,
      "p1": [
        -3.449644652287996,
        0.8006645425394092
      ],
      "p2": [
        5.399311820607029,
        0.9994509261365093
      ],
      "length": 8.85118899840549,
      "direction": [
        0.9997477711164323,
        0.022458720928082314
      ],
      "rmse": 0.018602822701313856
    }
  ],
  "metadata": {
    "input_file": "/home/qzl/test_road/test_online_road/extracted_lidar_data_code/extracted_lidar_data/laserscan_json2/laserscan_000221.json",
    "num_walls": 3,
    "x_limit": 10.0,
    "y_limit": 5.0,
    "params": {
      "rdp_epsilon": 0.05,
      "wall_rmse_thresh": 0.07,
      "min_wall_length": 0.8,
      "gap_thresh": 2
    }
  }
}