{
  "walls": [
    {
      "id": 0,
      "p1": [
        -4.308236542596252,
        -0.5428530571136236
      ],
      "p2": [
        4.640898987796668,
        -0.6612429750056512
      ],
      "length": 8.949918598177273,
      "direction": [
        0.9999125055960328,
        -0.013228044098191047
      ],
      "rmse": 0.005899658429909686
    },
    {
      "id": 1,
      "p1": [
        -1.6959727221563874,
        1.1428395414829637
      ],
      "p2": [
        3.271411285442471,
        1.1049606666094522
      ],
      "length": 4.967528428515592,
      "direction": [
        0.9999709270065027,
        -0.007625296043809979
      ],
      "rmse": 0.0036686713223042754
    }
  ],
  "metadata": {
    "input_file": "/home/qzl/test_road/test_online_road/extracted_lidar_data_code/extracted_lidar_data/laserscan_json2/laserscan_000518.json",
    "num_walls": 2,
    "x_limit": 10.0,
    "y_limit": 5.0,
    "params": {
      "rdp_epsilon": 0.05,
      "wall_rmse_thresh": 0.07,
      "min_wall_length": 0.8,
      "gap_thresh": 2
    }
  }
}