{
  "walls": [
    {
      "id": 0,
      "p1": [
        -6.422855486332588,
        -1.8606130403855308
      ],
      "p2": [
        6.417648649619646,
        -0.7076654116953751
      ],
      "length": 12.89216175433386,
      "direction": [
        0.9959930988007422,
        0.08943012433903298
      ],
      "rmse": 0.02902056412799621
    },
    {
      "id": 1,
      "p1": [
        8.379162396527024,
        2.049863847890598
      ],
      "p2": [
        8.476999038704106,
        0.8534629403757367
      ],
      "length": 1.200394576818335,
      "direction": [
        0.08150373557693207,
        -0.9966730361984344
      ],
      "rmse": 0.002724544467884424
    },
    {
      "id": 2,
      "p1": [
        3.308397240682449,
        1.534616636294091
      ],
      "p2": [
        4.7611351095185555,
        1.4510749479528833
      ],
      "length": 1.4551379760151173,
      "direction": [
        0.9983505982112871,
        -0.05741152366176469
      ],
      "rmse": 0.03649071059712806
    },
    {
      "id": 3,
      "p1": [
        0.10476927828945365,
        3.8190907493241726
      ],
      "p2": [
        0.3769395784361971,
        0.6691832945631605
      ],
      "length": 3.161644136496226,
      "direction": [
        0.0860850520792937,
        -0.9962877916578649
      ],
      "rmse": 0.005630007406887968
    }
  ],
  "metadata": {
    "input_file": "/home/qzl/test_road/test_online_road/extracted_lidar_data_code/extracted_lidar_data/laserscan_json2/laserscan_000048.json",
    "num_walls": 4,
    "x_limit": 10.0,
    "y_limit": 5.0,
    "params": {
      "rdp_epsilon": 0.05,
      "wall_rmse_thresh": 0.07,
      "min_wall_length": 0.8,
      "gap_thresh": 2
    }
  }
}