{
  "walls": [
    {
      "id": 0,
      "p1": [
        -1.717459242200317,
        -0.9497458149077108
      ],
      "p2": [
        3.9001412476775124,
        -0.795450591572469
      ],
      "length": 5.61971905701875,
      "direction": [
        0.9996230119112641,
        0.027456038597228533
      ],
      "rmse": 0.0072070973419760655
    },
    {
      "id": 1,
      "p1": [
        -5.610924258226988,
        0.6680012634395821
      ],
      "p2": [
        -4.448470342042168,
        0.6996494401357725
      ],
      "length": 1.1628846522082994,
      "direction": [
        0.9996295969477076,
        0.027215232943404447
      ],
      "rmse": 0.0035831638170311336
    },
    {
      "id": 2,
      "p1": [
        -1.1919235815740923,
        0.7832904513572811
      ],
      "p2": [
        5.09574713847621,
        0.9802057814166917
      ],
      "length": 6.290753431107461,
      "direction": [
        0.9995099615495652,
        0.03130234434010355
      ],
      "rmse": 0.0042729198880820905
    }
  ],
  "metadata": {
    "input_file": "/home/qzl/test_road/test_online_road/extracted_lidar_data_code/extracted_lidar_data/laserscan_json2/laserscan_000178.json",
    "num_walls": 3,
    "x_limit": 10.0,
    "y_limit": 5.0,
    "params": {
      "rdp_epsilon": 0.05,
      "wall_rmse_thresh": 0.07,
      "min_wall_length": 0.8,
      "gap_thresh": 2
    }
  }
}