{
  "walls": [
    {
      "id": 0,
      "p1": [
        -2.8515695536598824,
        -0.03638219647764673
      ],
      "p2": [
        -2.675075164945444,
        -2.942540570743427
      ],
      "length": 2.911512796736914,
      "direction": [
        0.06061947895680507,
        -0.9981609483289785
      ],
      "rmse": 0.008709771087345749
    },
    {
      "id": 1,
      "p1": [
        -1.0287154933797198,
        -1.140606345388811
      ],
      "p2": [
        5.830557936080377,
        -0.7101109012416378
      ],
      "length": 6.872769333211232,
      "direction": [
        0.9980363223172968,
        0.06263784266212205
      ],
      "rmse": 0.003363327268738675
    },
    {
      "id": 2,
      "p1": [
        -0.5596515979563472,
        1.2855962950314483
      ],
      "p2": [
        0.31587646719536494,
        1.3556813126533636
      ],
      "length": 0.8783286984741902,
      "direction": [
        0.996811406335443,
        0.07979361000454036
      ],
      "rmse": 0.0024150660380476132
    },
    {
      "id": 3,
      "p1": [
        2.387907746800987,
        1.3855918547461663
      ],
      "p2": [
        4.699881163963638,
        1.7021587967258902
      ],
      "length": 2.333545737803555,
      "direction": [
        0.9907555612500994,
        0.13565919743976187
      ],
      "rmse": 0.03155095943275904
    }
  ],
  "metadata": {
    "input_file": "/home/qzl/test_road/test_online_road/extracted_lidar_data_code/extracted_lidar_data/laserscan_json2/laserscan_000591.json",
    "num_walls": 4,
    "x_limit": 10.0,
    "y_limit": 5.0,
    "params": {
      "rdp_epsilon": 0.05,
      "wall_rmse_thresh": 0.07,
      "min_wall_length": 0.8,
      "gap_thresh": 2
    }
  }
}