{
  "walls": [
    {
      "id": 0,
      "p1": [
        -2.2685637375549432,
        -0.9579373815698439
      ],
      "p2": [
        5.529691775659525,
        -0.853070685564058
      ],
      "length": 7.7989605764685725,
      "direction": [
        0.9999095952268267,
        0.013446240044101552
      ],
      "rmse": 0.00591458448894142
    },
    {
      "id": 1,
      "p1": [
        -2.651111892911338,
        0.7838948228104955
      ],
      "p2": [
        5.348285927452467,
        0.8716627277017532
      ],
      "length": 7.999879292437492,
      "direction": [
        0.9999398150816923,
        0.010971153649048115
      ],
      "rmse": 0.004790626466835724
    },
    {
      "id": 2,
      "p1": [
        4.362964772746736,
        3.027604534529122
      ],
      "p2": [
        4.367592288779966,
        2.0831189656802067
      ],
      "length": 0.9444969050603061,
      "direction": [
        0.004899450711202008,
        -0.9999879976183357
      ],
      "rmse": 0.0027216855883178733
    },
    {
      "id": 3,
      "p1": [
        -4.008574448977382,
        0.9112936842673646
      ],
      "p2": [
        -3.0663459031519555,
        0.8959526253108383
      ],
      "length": 0.9423534266177447,
      "direction": [
        0.9998674798756675,
        -0.016279517347936482
      ],
      "rmse": 0.01209523911030088
    }
  ],
  "metadata": {
    "input_file": "/home/qzl/test_road/test_online_road/extracted_lidar_data_code/extracted_lidar_data/laserscan_json2/laserscan_000306.json",
    "num_walls": 4,
    "x_limit": 10.0,
    "y_limit": 5.0,
    "params": {
      "rdp_epsilon": 0.05,
      "wall_rmse_thresh": 0.07,
      "min_wall_length": 0.8,
      "gap_thresh": 2
    }
  }
}