{
  "walls": [
    {
      "id": 0,
      "p1": [
        -1.7558216800161375,
        -0.9006908745147761
      ],
      "p2": [
        5.3115213279754885,
        -0.5754027049588841
      ],
      "length": 7.074825056908556,
      "direction": [
        0.9989424404329701,
        0.04597826334064943
      ],
      "rmse": 0.010560432679015583
    },
    {
      "id": 1,
      "p1": [
        -4.210978699510833,
        0.7131633824093537
      ],
      "p2": [
        5.268032305239758,
        1.178728066895194
      ],
      "length": 9.490437297807896,
      "direction": [
        0.998796020382599,
        0.04905618886422769
      ],
      "rmse": 0.003417729699423233
    }
  ],
  "metadata": {
    "input_file": "/home/qzl/test_road/test_online_road/extracted_lidar_data_code/extracted_lidar_data/laserscan_json2/laserscan_000411.json",
    "num_walls": 2,
    "x_limit": 10.0,
    "y_limit": 5.0,
    "params": {
      "rdp_epsilon": 0.05,
      "wall_rmse_thresh": 0.07,
      "min_wall_length": 0.8,
      "gap_thresh": 2
    }
  }
}