{
  "walls": [
    {
      "id": 0,
      "p1": [
        -1.7818429688455644,
        -0.9174068507324904
      ],
      "p2": [
        -1.0027945234950857,
        -0.7201962633801022
      ],
      "length": 0.8036221101779566,
      "direction": [
        0.9694213679327274,
        0.2454021421940718
      ],
      "rmse": 0.01653255648207126
    },
    {
      "id": 1,
      "p1": [
        -0.7946176153980321,
        -0.8972993641174256
      ],
      "p2": [
        5.615589396374084,
        -0.7492091949836464
      ],
      "length": 6.4119173912306815,
      "direction": [
        0.9997332499218853,
        0.023096081889041185
      ],
      "rmse": 0.005979304229835517
    },
    {
      "id": 2,
      "p1": [
        -1.3053171116963984,
        0.8059721955330138
      ],
      "p2": [
        5.520027203186024,
        1.00010622151778
      ],
      "length": 6.828104644536642,
      "direction": [
        0.9995957399886581,
        0.028431612591043726
      ],
      "rmse": 0.004610673987333499
    }
  ],
  "metadata": {
    "input_file": "/home/qzl/test_road/test_online_road/extracted_lidar_data_code/extracted_lidar_data/laserscan_json2/laserscan_000191.json",
    "num_walls": 3,
    "x_limit": 10.0,
    "y_limit": 5.0,
    "params": {
      "rdp_epsilon": 0.05,
      "wall_rmse_thresh": 0.07,
      "min_wall_length": 0.8,
      "gap_thresh": 2
    }
  }
}