{
  "walls": [
    {
      "id": 0,
      "p1": [
        -1.5364165645762988,
        -0.7424661662723405
      ],
      "p2": [
        4.163225771418654,
        -0.5362954641548421
      ],
      "length": 5.703369978940312,
      "direction": [
        0.999346413968439,
        0.036148926490579686
      ],
      "rmse": 0.003650109098747103
    },
    {
      "id": 1,
      "p1": [
        -2.584548532536414,
        0.9629910459323766
      ],
      "p2": [
        1.718275669702001,
        1.122948862670938
      ],
      "length": 4.305796397706748,
      "direction": [
        0.9993097222445957,
        0.03714941487330765
      ],
      "rmse": 0.002826970173584286
    }
  ],
  "metadata": {
    "input_file": "/home/qzl/test_road/test_online_road/extracted_lidar_data_code/extracted_lidar_data/laserscan_json2/laserscan_000453.json",
    "num_walls": 2,
    "x_limit": 10.0,
    "y_limit": 5.0,
    "params": {
      "rdp_epsilon": 0.05,
      "wall_rmse_thresh": 0.07,
      "min_wall_length": 0.8,
      "gap_thresh": 2
    }
  }
}