{
  "walls": [
    {
      "id": 0,
      "p1": [
        -3.815527600286882,
        -0.9255069615092999
      ],
      "p2": [
        6.1204399795800075,
        -1.6867124787798944
      ],
      "length": 9.965083320659648,
      "direction": [
        0.9970782240483297,
        -0.07638727071069233
      ],
      "rmse": 0.015583523450909575
    },
    {
      "id": 1,
      "p1": [
        8.526599156074033,
        2.1271844968755094
      ],
      "p2": [
        8.277297404981708,
        -1.7961389209502492
      ],
      "length": 3.931236192847956,
      "direction": [
        -0.06341561251029056,
        -0.99798720437085
      ],
      "rmse": 0.003152893072136017
    },
    {
      "id": 2,
      "p1": [
        -2.475882620829042,
        1.230553115897509
      ],
      "p2": [
        1.4151370666234817,
        1.1501328914137314
      ],
      "length": 3.8918506678249045,
      "direction": [
        0.9997864819472283,
        -0.02066374877858368
      ],
      "rmse": 0.04011696781962912
    },
    {
      "id": 3,
      "p1": [
        -3.7539651876075872,
        1.482057904051432
      ],
      "p2": [
        -2.4729753034386004,
        1.2878532365959003
      ],
      "length": 1.295627468142285,
      "direction": [
        0.9887023204319934,
        -0.14989236661815655
      ],
      "rmse": 0.013993023830436815
    }
  ],
  "metadata": {
    "input_file": "/home/qzl/test_road/test_online_road/extracted_lidar_data_code/extracted_lidar_data/laserscan_json2/laserscan_000628.json",
    "num_walls": 4,
    "x_limit": 10.0,
    "y_limit": 5.0,
    "params": {
      "rdp_epsilon": 0.05,
      "wall_rmse_thresh": 0.07,
      "min_wall_length": 0.8,
      "gap_thresh": 2
    }
  }
}