{
  "walls": [
    {
      "id": 0,
      "p1": [
        -8.22746595977123,
        -0.0359029178952428
      ],
      "p2": [
        -8.191520767521213,
        -1.3337822737095282
      ],
      "length": 1.298377017316155,
      "direction": [
        0.027684710812489577,
        -0.9996167049350609
      ],
      "rmse": 0.0017456686417631612
    },
    {
      "id": 1,
      "p1": [
        -2.378213076042149,
        -1.2699995474605237
      ],
      "p2": [
        5.559681294202132,
        -1.0119048096800616
      ],
      "length": 7.942089141203706,
      "direction": [
        0.9994718302838481,
        0.032497083977716126
      ],
      "rmse": 0.01801136869004472
    },
    {
      "id": 2,
      "p1": [
        7.396742135643612,
        1.6047551428891649
      ],
      "p2": [
        7.411300719326477,
        0.3228289284254279
      ],
      "length": 1.2820088812828785,
      "direction": [
        0.011356070847405164,
        -0.9999355177474739
      ],
      "rmse": 0.005186117804901452
    },
    {
      "id": 3,
      "p1": [
        0.3893652085347912,
        1.1667135522743965
      ],
      "p2": [
        5.724161394784176,
        1.3359596894199701
      ],
      "length": 5.337480173617479,
      "direction": [
        0.9994971433548931,
        0.031708995938189634
      ],
      "rmse": 0.04616314906892902
    }
  ],
  "metadata": {
    "input_file": "/home/qzl/test_road/test_online_road/extracted_lidar_data_code/extracted_lidar_data/laserscan_json2/laserscan_000066.json",
    "num_walls": 4,
    "x_limit": 10.0,
    "y_limit": 5.0,
    "params": {
      "rdp_epsilon": 0.05,
      "wall_rmse_thresh": 0.07,
      "min_wall_length": 0.8,
      "gap_thresh": 2
    }
  }
}