{
  "walls": [
    {
      "id": 0,
      "p1": [
        -7.265536615020674,
        -1.9030858296323958
      ],
      "p2": [
        6.367330510343344,
        -0.6962306339865
      ],
      "length": 13.686181553709147,
      "direction": [
        0.9961045067136121,
        0.08818056306710431
      ],
      "rmse": 0.02691896170438262
    },
    {
      "id": 1,
      "p1": [
        8.09415242518126,
        2.054979215066668
      ],
      "p2": [
        8.187489459201855,
        0.8240497585632475
      ],
      "length": 1.2344630933355472,
      "direction": [
        0.07560941637250666,
        -0.9971375111557127
      ],
      "rmse": 0.0034106934329915834
    },
    {
      "id": 2,
      "p1": [
        1.8484643945524515,
        1.266735752789038
      ],
      "p2": [
        4.53336648524054,
        1.5499682936444008
      ],
      "length": 2.699799975698321,
      "direction": [
        0.9944818560089573,
        0.1049087130174597
      ],
      "rmse": 0.06497517176239725
    },
    {
      "id": 3,
      "p1": [
        -0.09114774205415738,
        2.092059162450861
      ],
      "p2": [
        0.0986101820068763,
        0.6550501437782457
      ],
      "length": 1.449483697559371,
      "direction": [
        0.13091414852085387,
        -0.9913937087328425
      ],
      "rmse": 0.01721076647838567
    }
  ],
  "metadata": {
    "input_file": "/home/qzl/test_road/test_online_road/extracted_lidar_data_code/extracted_lidar_data/laserscan_json2/laserscan_000053.json",
    "num_walls": 4,
    "x_limit": 10.0,
    "y_limit": 5.0,
    "params": {
      "rdp_epsilon": 0.05,
      "wall_rmse_thresh": 0.07,
      "min_wall_length": 0.8,
      "gap_thresh": 2
    }
  }
}