{
  "walls": [
    {
      "id": 0,
      "p1": [
        -2.1691726671684717,
        -1.0066444817757734
      ],
      "p2": [
        5.185747118877983,
        -0.7674363212776258
      ],
      "length": 7.35880870815559,
      "direction": [
        0.9994715283042785,
        0.03250637025430487
      ],
      "rmse": 0.004637510655580254
    },
    {
      "id": 1,
      "p1": [
        -5.238504479566904,
        0.6225836630528893
      ],
      "p2": [
        -3.745539297568777,
        0.6725162736283351
      ],
      "length": 1.4937999532258595,
      "direction": [
        0.9994411760239899,
        0.033426571253778986
      ],
      "rmse": 0.0030073455515556603
    },
    {
      "id": 2,
      "p1": [
        -0.7009341635314683,
        0.7617328401623594
      ],
      "p2": [
        5.0713455125887865,
        0.9723383283243192
      ],
      "length": 5.776120439446783,
      "direction": [
        0.9993350617646283,
        0.03646140872054259
      ],
      "rmse": 0.0027725414392055746
    }
  ],
  "metadata": {
    "input_file": "/home/qzl/test_road/test_online_road/extracted_lidar_data_code/extracted_lidar_data/laserscan_json2/laserscan_000162.json",
    "num_walls": 3,
    "x_limit": 10.0,
    "y_limit": 5.0,
    "params": {
      "rdp_epsilon": 0.05,
      "wall_rmse_thresh": 0.07,
      "min_wall_length": 0.8,
      "gap_thresh": 2
    }
  }
}