{
  "walls": [
    {
      "id": 0,
      "p1": [
        -1.6548053645284022,
        -1.7149300164382424
      ],
      "p2": [
        -0.4560306273418564,
        -1.6697764984196464
      ],
      "length": 1.1996248208111266,
      "direction": [
        0.9992913754275234,
        0.03763969970879742
      ],
      "rmse": 0.0017201328477601523
    },
    {
      "id": 1,
      "p1": [
        6.724823888360363,
        -1.4298943786967167
      ],
      "p2": [
        6.76435040812439,
        -2.5568658848673165
      ],
      "length": 1.1276644542970602,
      "direction": [
        0.035051667730917856,
        -0.999385501489431
      ],
      "rmse": 0.004351723912372948
    },
    {
      "id": 2,
      "p1": [
        -6.0589951705774485,
        1.7182234124707805
      ],
      "p2": [
        -4.385206051514939,
        1.7815324544120719
      ],
      "length": 1.67498598498124,
      "direction": [
        0.9992854472030595,
        0.0377967592020998
      ],
      "rmse": 0.004927520546212183
    },
    {
      "id": 3,
      "p1": [
        -1.001811221447206,
        1.9197637639413874
      ],
      "p2": [
        6.863529048203057,
        2.1998524827553023
      ],
      "length": 7.870325739624052,
      "direction": [
        0.9993665484572569,
        0.03558794490595178
      ],
      "rmse": 0.003139793303090231
    }
  ],
  "metadata": {
    "input_file": "/home/qzl/test_road/test_online_road/extracted_lidar_data_code/extracted_lidar_data/laserscan_json2/laserscan_000884.json",
    "num_walls": 4,
    "x_limit": 10.0,
    "y_limit": 5.0,
    "params": {
      "rdp_epsilon": 0.05,
      "wall_rmse_thresh": 0.07,
      "min_wall_length": 0.8,
      "gap_thresh": 2
    }
  }
}