{
  "walls": [
    {
      "id": 0,
      "p1": [
        -5.496764973400808,
        -0.00020946265792010088
      ],
      "p2": [
        -4.189386137392493,
        -3.3596042302745674
      ],
      "length": 3.6048262961663724,
      "direction": [
        0.3626745725299903,
        -0.9319158515864986
      ],
      "rmse": 0.0021683950962230717
    },
    {
      "id": 1,
      "p1": [
        -4.190190752915942,
        -3.337160697130739
      ],
      "p2": [
        2.8459637006815064,
        -0.7109211527010149
      ],
      "length": 7.510299836864415,
      "direction": [
        0.9368673164090396,
        0.34968504606649164
      ],
      "rmse": 0.025849208333714367
    },
    {
      "id": 2,
      "p1": [
        5.984490260945389,
        0.5999689776417718
      ],
      "p2": [
        7.270937389669409,
        1.110930728308405
      ],
      "length": 1.384206677359485,
      "direction": [
        0.9293750346420536,
        0.3691368919277528
      ],
      "rmse": 0.005313552684648811
    },
    {
      "id": 3,
      "p1": [
        0.6378464007281778,
        4.993232595923157
      ],
      "p2": [
        2.1302782011386396,
        1.1672573506817465
      ],
      "length": 4.106755319723405,
      "direction": [
        0.36340898938909433,
        -0.9316297045657126
      ],
      "rmse": 0.006013993816558767
    }
  ],
  "metadata": {
    "input_file": "/home/qzl/test_road/test_online_road/extracted_lidar_data_code/extracted_lidar_data/laserscan_json2/laserscan_000015.json",
    "num_walls": 4,
    "x_limit": 10.0,
    "y_limit": 5.0,
    "params": {
      "rdp_epsilon": 0.05,
      "wall_rmse_thresh": 0.07,
      "min_wall_length": 0.8,
      "gap_thresh": 2
    }
  }
}