{
  "walls": [
    {
      "id": 0,
      "p1": [
        -0.27737385218947863,
        -1.0893287565959535
      ],
      "p2": [
        2.6507252387514915,
        -1.0542716090395416
      ],
      "length": 2.9283089471509194,
      "direction": [
        0.9999283353578243,
        0.01197180631862133
      ],
      "rmse": 0.002687736499596858
    },
    {
      "id": 1,
      "p1": [
        4.391651023212496,
        2.0707525084423626
      ],
      "p2": [
        4.397891061152067,
        0.3059640620100722
      ],
      "length": 1.7647994783358207,
      "direction": [
        0.0035358339665014127,
        -0.9999937489185428
      ],
      "rmse": 0.0033511842462996084
    },
    {
      "id": 2,
      "p1": [
        -1.1411914807733714,
        1.3420479625084178
      ],
      "p2": [
        2.6274947114485734,
        1.2375535187495839
      ],
      "length": 3.7701345737547367,
      "direction": [
        0.9996158276294318,
        -0.02771636972487745
      ],
      "rmse": 0.052452125437374486
    }
  ],
  "metadata": {
    "input_file": "/home/qzl/test_road/test_online_road/extracted_lidar_data_code/extracted_lidar_data/laserscan_json2/laserscan_000105.json",
    "num_walls": 3,
    "x_limit": 10.0,
    "y_limit": 5.0,
    "params": {
      "rdp_epsilon": 0.05,
      "wall_rmse_thresh": 0.07,
      "min_wall_length": 0.8,
      "gap_thresh": 2
    }
  }
}