{
  "walls": [
    {
      "id": 0,
      "p1": [
        -2.597360459456681,
        -0.6318710952984039
      ],
      "p2": [
        0.31523813927056255,
        -1.2815462215020388
      ],
      "length": 2.984176329729128,
      "direction": [
        0.9760142420902806,
        -0.2177066816497254
      ],
      "rmse": 0.0033848210451462904
    },
    {
      "id": 1,
      "p1": [
        3.224979618748537,
        3.6813250728292006
      ],
      "p2": [
        1.294039156075077,
        -4.939168412727679
      ],
      "length": 8.834106576497602,
      "direction": [
        -0.2185778998646715,
        -0.9758195026175434
      ],
      "rmse": 0.008813528148210811
    },
    {
      "id": 2,
      "p1": [
        -0.8244054793287636,
        1.4328748885302465
      ],
      "p2": [
        0.834400801265905,
        0.9564381717103003
      ],
      "length": 1.725870858921515,
      "direction": [
        0.9611416010752893,
        -0.2760558325419503
      ],
      "rmse": 0.019566906384855615
    }
  ],
  "metadata": {
    "input_file": "/home/qzl/test_road/test_online_road/extracted_lidar_data_code/extracted_lidar_data/laserscan_json2/laserscan_000132.json",
    "num_walls": 3,
    "x_limit": 10.0,
    "y_limit": 5.0,
    "params": {
      "rdp_epsilon": 0.05,
      "wall_rmse_thresh": 0.07,
      "min_wall_length": 0.8,
      "gap_thresh": 2
    }
  }
}