{
  "walls": [
    {
      "id": 0,
      "p1": [
        8.023590017481798,
        -1.414961062996462
      ],
      "p2": [
        8.053948307191218,
        -2.574381376655748
      ],
      "length": 1.1598176966574871,
      "direction": [
        0.02617505302504116,
        -0.9996573746024866
      ],
      "rmse": 0.0031962454478917635
    },
    {
      "id": 1,
      "p1": [
        -4.784179373062883,
        1.7012147837301324
      ],
      "p2": [
        -3.10381001831745,
        1.7694679830548112
      ],
      "length": 1.6817549368399776,
      "direction": [
        0.9991761093927106,
        0.040584509567641674
      ],
      "rmse": 0.005970134184038425
    },
    {
      "id": 2,
      "p1": [
        -1.004169122686693,
        1.8510688851193073
      ],
      "p2": [
        7.70870874084828,
        2.206304274762049
      ],
      "length": 8.720116561545057,
      "direction": [
        0.9991698851766823,
        0.04073745885564686
      ],
      "rmse": 0.017692415954090924
    }
  ],
  "metadata": {
    "input_file": "/home/qzl/test_road/test_online_road/extracted_lidar_data_code/extracted_lidar_data/laserscan_json2/laserscan_000870.json",
    "num_walls": 3,
    "x_limit": 10.0,
    "y_limit": 5.0,
    "params": {
      "rdp_epsilon": 0.05,
      "wall_rmse_thresh": 0.07,
      "min_wall_length": 0.8,
      "gap_thresh": 2
    }
  }
}