{
  "walls": [
    {
      "id": 0,
      "p1": [
        -1.0880451215059335,
        -0.9275537629760904
      ],
      "p2": [
        5.155460477239737,
        -0.9131119040001946
      ],
      "length": 6.24352230146247,
      "direction": [
        0.9999973247916423,
        0.0023130948010706117
      ],
      "rmse": 0.0028328423347037716
    },
    {
      "id": 1,
      "p1": [
        -4.808125642176756,
        0.8044918082967443
      ],
      "p2": [
        4.988416427574043,
        0.8280420893269033
      ],
      "length": 9.796570376419183,
      "direction": [
        0.9999971105522554,
        0.0024039311846135525
      ],
      "rmse": 0.003090638197793878
    },
    {
      "id": 2,
      "p1": [
        -2.8201709166959232,
        1.8305893407078728
      ],
      "p2": [
        -2.8104232383926697,
        0.8188742886996623
      ],
      "length": 1.0117620094134192,
      "direction": [
        0.009634358883365694,
        -0.999953588486439
      ],
      "rmse": 0.0021614858047962664
    }
  ],
  "metadata": {
    "input_file": "/home/qzl/test_road/test_online_road/extracted_lidar_data_code/extracted_lidar_data/laserscan_json2/laserscan_000350.json",
    "num_walls": 3,
    "x_limit": 10.0,
    "y_limit": 5.0,
    "params": {
      "rdp_epsilon": 0.05,
      "wall_rmse_thresh": 0.07,
      "min_wall_length": 0.8,
      "gap_thresh": 2
    }
  }
}