{
  "walls": [
    {
      "id": 0,
      "p1": [
        -1.550995061269163,
        -0.7488441584472669
      ],
      "p2": [
        4.359199007113478,
        -0.5305208394541804
      ],
      "length": 5.9142251392351906,
      "direction": [
        0.9993184109898492,
        0.036914948932955424
      ],
      "rmse": 0.003790756381075238
    },
    {
      "id": 1,
      "p1": [
        -2.7371053428913292,
        0.9511353363806334
      ],
      "p2": [
        1.8972093115058624,
        1.125829268424704
      ],
      "length": 4.637606094296235,
      "direction": [
        0.9992902717831671,
        0.03766898880410541
      ],
      "rmse": 0.0026558394965196922
    }
  ],
  "metadata": {
    "input_file": "/home/qzl/test_road/test_online_road/extracted_lidar_data_code/extracted_lidar_data/laserscan_json2/laserscan_000451.json",
    "num_walls": 2,
    "x_limit": 10.0,
    "y_limit": 5.0,
    "params": {
      "rdp_epsilon": 0.05,
      "wall_rmse_thresh": 0.07,
      "min_wall_length": 0.8,
      "gap_thresh": 2
    }
  }
}