{
  "walls": [
    {
      "id": 0,
      "p1": [
        -2.347420179379621,
        -0.915071088982798
      ],
      "p2": [
        6.360643705385081,
        -1.4855915784711897
      ],
      "length": 8.726733080028824,
      "direction": [
        0.9978606890915965,
        -0.06537618192923311
      ],
      "rmse": 0.008749437268177913
    },
    {
      "id": 1,
      "p1": [
        -0.9264049479285454,
        1.299779600573425
      ],
      "p2": [
        3.4064278018026837,
        1.1348887073377296
      ],
      "length": 4.335969170072079,
      "direction": [
        0.9992766506812755,
        -0.0380286129277966
      ],
      "rmse": 0.025775506036454957
    },
    {
      "id": 2,
      "p1": [
        -4.18930901424787,
        2.3449999763574123
      ],
      "p2": [
        -4.251552007437086,
        1.4619136888830162
      ],
      "length": 0.8852771212035611,
      "direction": [
        -0.07030904978605146,
        -0.9975252565805952
      ],
      "rmse": 0.002991008232679856
    }
  ],
  "metadata": {
    "input_file": "/home/qzl/test_road/test_online_road/extracted_lidar_data_code/extracted_lidar_data/laserscan_json2/laserscan_000607.json",
    "num_walls": 3,
    "x_limit": 10.0,
    "y_limit": 5.0,
    "params": {
      "rdp_epsilon": 0.05,
      "wall_rmse_thresh": 0.07,
      "min_wall_length": 0.8,
      "gap_thresh": 2
    }
  }
}