{
  "walls": [
    {
      "id": 0,
      "p1": [
        -2.0532658751696284,
        0.8102310679636666
      ],
      "p2": [
        1.0994740870981214,
        -5.0033329532216335
      ],
      "length": 6.613417868099689,
      "direction": [
        0.4767186990364047,
        -0.8790559037894222
      ],
      "rmse": 0.008658821648771466
    },
    {
      "id": 1,
      "p1": [
        0.9956075972359039,
        -1.1222465838968902
      ],
      "p2": [
        1.5089164558123298,
        -2.0757231289226628
      ],
      "length": 1.0828681850563886,
      "direction": [
        0.47402709365700185,
        -0.8805102580192327
      ],
      "rmse": 0.00152975271681611
    },
    {
      "id": 2,
      "p1": [
        1.0048827445943724,
        -1.1294886008774299
      ],
      "p2": [
        6.5167203543944865,
        1.9067968726534326
      ],
      "length": 6.292804089877705,
      "direction": [
        0.875895313292952,
        0.4825011918632339
      ],
      "rmse": 0.005153808676845776
    },
    {
      "id": 3,
      "p1": [
        0.003444044058121154,
        0.998750217788266
      ],
      "p2": [
        3.280755526523576,
        2.8215608635283065
      ],
      "length": 3.7501212251503473,
      "direction": [
        0.8739214776532419,
        0.48606712591408
      ],
      "rmse": 0.03197568476687624
    }
  ],
  "metadata": {
    "input_file": "/home/qzl/test_road/test_online_road/extracted_lidar_data_code/extracted_lidar_data/laserscan_json2/laserscan_000575.json",
    "num_walls": 4,
    "x_limit": 10.0,
    "y_limit": 5.0,
    "params": {
      "rdp_epsilon": 0.05,
      "wall_rmse_thresh": 0.07,
      "min_wall_length": 0.8,
      "gap_thresh": 2
    }
  }
}