{
  "walls": [
    {
      "id": 0,
      "p1": [
        -1.225985788802779,
        -0.6815590215275218
      ],
      "p2": [
        4.725296784997528,
        -0.614038422252266
      ],
      "length": 5.951665590785969,
      "direction": [
        0.9999356454112265,
        0.011344824107678326
      ],
      "rmse": 0.051386907390709204
    },
    {
      "id": 1,
      "p1": [
        -2.093537607872306,
        1.0214545580230767
      ],
      "p2": [
        0.6659894835968545,
        1.1082782389697359
      ],
      "length": 2.7608926310389856,
      "direction": [
        0.9995053992476084,
        0.03144768469822699
      ],
      "rmse": 0.0022880961275984673
    },
    {
      "id": 2,
      "p1": [
        4.965519775920986,
        1.236624212399058
      ],
      "p2": [
        5.964629543422913,
        1.2704876377498842
      ],
      "length": 0.9996834794544955,
      "direction": [
        0.9994261063973168,
        0.033874147214347006
      ],
      "rmse": 0.0037905596879611683
    },
    {
      "id": 3,
      "p1": [
        1.92303456228302,
        2.93316005708961
      ],
      "p2": [
        1.971368980683442,
        1.1754577098377652
      ],
      "length": 1.7583667869749904,
      "direction": [
        0.027488245773525887,
        -0.9996221267770607
      ],
      "rmse": 0.002128248209528617
    }
  ],
  "metadata": {
    "input_file": "/home/qzl/test_road/test_online_road/extracted_lidar_data_code/extracted_lidar_data/laserscan_json2/laserscan_000465.json",
    "num_walls": 4,
    "x_limit": 10.0,
    "y_limit": 5.0,
    "params": {
      "rdp_epsilon": 0.05,
      "wall_rmse_thresh": 0.07,
      "min_wall_length": 0.8,
      "gap_thresh": 2
    }
  }
}