{
  "walls": [
    {
      "id": 0,
      "p1": [
        -4.023462420020282,
        3.049308038057473
      ],
      "p2": [
        -4.128404138592576,
        -3.680905995873905
      ],
      "length": 6.731032142756695,
      "direction": [
        -0.015590732052158964,
        -0.9998784571497066
      ],
      "rmse": 0.027330326794564642
    },
    {
      "id": 1,
      "p1": [
        -4.063249318738207,
        -3.7212263815425475
      ],
      "p2": [
        -0.14831419371770638,
        -3.769556343222815
      ],
      "length": 3.9152334308844603,
      "direction": [
        0.999923808918896,
        -0.0123440817855148
      ],
      "rmse": 0.0034852914464598254
    },
    {
      "id": 2,
      "p1": [
        2.843338322321493,
        -4.504740999274411
      ],
      "p2": [
        3.987884399070739,
        -4.523358139821966
      ],
      "length": 1.1446974795657836,
      "direction": [
        0.9998677355193094,
        -0.016263808455837313
      ],
      "rmse": 0.004454832392653815
    },
    {
      "id": 3,
      "p1": [
        -1.0555967020368433,
        2.7091524143401604
      ],
      "p2": [
        9.032066127066502,
        2.5612672346398
      ],
      "length": 10.088746769547162,
      "direction": [
        0.9998925594547404,
        -0.014658429146680883
      ],
      "rmse": 0.004058787345457885
    }
  ],
  "metadata": {
    "input_file": "/home/qzl/test_road/test_online_road/extracted_lidar_data_code/extracted_lidar_data/laserscan_json2/laserscan_000691.json",
    "num_walls": 4,
    "x_limit": 10.0,
    "y_limit": 5.0,
    "params": {
      "rdp_epsilon": 0.05,
      "wall_rmse_thresh": 0.07,
      "min_wall_length": 0.8,
      "gap_thresh": 2
    }
  }
}