{
  "walls": [
    {
      "id": 0,
      "p1": [
        -2.1745158068341084,
        -1.2802348082149635
      ],
      "p2": [
        3.7584117440150533,
        -0.814391744858338
      ],
      "length": 5.951188039652462,
      "direction": [
        0.996931622948634,
        0.07827732215017759
      ],
      "rmse": 0.0037442239169396085
    },
    {
      "id": 1,
      "p1": [
        5.245000879064191,
        2.1988555791650075
      ],
      "p2": [
        5.356577006183699,
        0.6327912362942752
      ],
      "length": 1.5700339990440102,
      "direction": [
        0.07106605792443613,
        -0.9974716113299068
      ],
      "rmse": 0.004771306368207101
    },
    {
      "id": 2,
      "p1": [
        -2.556960640632869,
        1.0372975053729612
      ],
      "p2": [
        3.5188616468525904,
        1.5631801819725617
      ],
      "length": 6.098538272295469,
      "direction": [
        0.9962751754925799,
        0.0862309381557975
      ],
      "rmse": 0.055170226738658776
    }
  ],
  "metadata": {
    "input_file": "/home/qzl/test_road/test_online_road/extracted_lidar_data_code/extracted_lidar_data/laserscan_json2/laserscan_000092.json",
    "num_walls": 3,
    "x_limit": 10.0,
    "y_limit": 5.0,
    "params": {
      "rdp_epsilon": 0.05,
      "wall_rmse_thresh": 0.07,
      "min_wall_length": 0.8,
      "gap_thresh": 2
    }
  }
}