{
  "walls": [
    {
      "id": 0,
      "p1": [
        -2.8797206747367703,
        -0.5385392901531516
      ],
      "p2": [
        4.439216378980814,
        -0.7193423753870317
      ],
      "length": 7.3211699442036124,
      "direction": [
        0.9996950090613436,
        -0.024695927920215334
      ],
      "rmse": 0.004184628630646421
    },
    {
      "id": 1,
      "p1": [
        6.998329410997784,
        1.0552240310992516
      ],
      "p2": [
        7.869758135191346,
        0.9238129929986971
      ],
      "length": 0.8812813865527198,
      "direction": [
        0.9888200721014095,
        -0.14911359766085547
      ],
      "rmse": 0.016362262363568084
    },
    {
      "id": 2,
      "p1": [
        -6.35045073876618,
        1.2688710076172538
      ],
      "p2": [
        -4.868290130667456,
        1.2393697585918062
      ],
      "length": 1.4824541786826464,
      "direction": [
        0.9998019698756114,
        -0.019900277155030753
      ],
      "rmse": 0.004344852281736961
    },
    {
      "id": 3,
      "p1": [
        -0.8969330436754588,
        1.1348392901620774
      ],
      "p2": [
        2.9549297726318766,
        1.0663799282255633
      ],
      "length": 3.852471134205658,
      "direction": [
        0.9998420967007972,
        -0.017770246564238392
      ],
      "rmse": 0.003005094109700361
    }
  ],
  "metadata": {
    "input_file": "/home/qzl/test_road/test_online_road/extracted_lidar_data_code/extracted_lidar_data/laserscan_json2/laserscan_000526.json",
    "num_walls": 4,
    "x_limit": 10.0,
    "y_limit": 5.0,
    "params": {
      "rdp_epsilon": 0.05,
      "wall_rmse_thresh": 0.07,
      "min_wall_length": 0.8,
      "gap_thresh": 2
    }
  }
}