{
  "walls": [
    {
      "id": 0,
      "p1": [
        -1.8101425738786165,
        -0.832419606537512
      ],
      "p2": [
        3.882367248394106,
        -0.5918171694835129
      ],
      "length": 5.697592264227737,
      "direction": [
        0.9991079667120766,
        0.04222879172389677
      ],
      "rmse": 0.004677659762541227
    },
    {
      "id": 1,
      "p1": [
        -3.2387290751026163,
        0.8482719567323213
      ],
      "p2": [
        3.8023400290606486,
        1.1584475326167278
      ],
      "length": 7.04789777291624,
      "direction": [
        0.9990311055892073,
        0.04400965874903058
      ],
      "rmse": 0.0038050600970023765
    }
  ],
  "metadata": {
    "input_file": "/home/qzl/test_road/test_online_road/extracted_lidar_data_code/extracted_lidar_data/laserscan_json2/laserscan_000430.json",
    "num_walls": 2,
    "x_limit": 10.0,
    "y_limit": 5.0,
    "params": {
      "rdp_epsilon": 0.05,
      "wall_rmse_thresh": 0.07,
      "min_wall_length": 0.8,
      "gap_thresh": 2
    }
  }
}