{
  "walls": [
    {
      "id": 0,
      "p1": [
        -2.9360213062257046,
        -0.10228430622483997
      ],
      "p2": [
        -2.815097810031339,
        -2.761064200253882
      ],
      "length": 2.661528323506055,
      "direction": [
        0.045433856602717204,
        -0.998967349152215
      ],
      "rmse": 0.008163099172316616
    },
    {
      "id": 1,
      "p1": [
        -1.1337608096338594,
        -1.1264806749025493
      ],
      "p2": [
        5.8045394573271345,
        -0.7810233453563651
      ],
      "length": 6.946895087810681,
      "direction": [
        0.9987627824016363,
        0.04972830670093074
      ],
      "rmse": 0.003368906898952121
    },
    {
      "id": 2,
      "p1": [
        -0.6528049111814015,
        1.2997384652872488
      ],
      "p2": [
        4.587379388610741,
        1.5237865827364327
      ],
      "length": 5.244971787790721,
      "direction": [
        0.9990872233069082,
        0.04271674405770889
      ],
      "rmse": 0.03215011650407604
    }
  ],
  "metadata": {
    "input_file": "/home/qzl/test_road/test_online_road/extracted_lidar_data_code/extracted_lidar_data/laserscan_json2/laserscan_000592.json",
    "num_walls": 3,
    "x_limit": 10.0,
    "y_limit": 5.0,
    "params": {
      "rdp_epsilon": 0.05,
      "wall_rmse_thresh": 0.07,
      "min_wall_length": 0.8,
      "gap_thresh": 2
    }
  }
}