{
  "walls": [
    {
      "id": 0,
      "p1": [
        -5.394658053408004,
        0.000749914800605378
      ],
      "p2": [
        -3.974090530457933,
        -3.4446758831452255
      ],
      "length": 3.726790981046719,
      "direction": [
        0.38117713876984455,
        -0.9245020221055411
      ],
      "rmse": 0.0027115436194598197
    },
    {
      "id": 1,
      "p1": [
        -3.9593776917442045,
        -3.4179894827751243
      ],
      "p2": [
        2.9971459233731808,
        -0.6463254819023252
      ],
      "length": 7.488347090074021,
      "direction": [
        0.9289798578289009,
        0.3701302794236037
      ],
      "rmse": 0.02434807492844807
    },
    {
      "id": 2,
      "p1": [
        6.110943962644344,
        0.7142678093265453
      ],
      "p2": [
        7.57045876800921,
        1.325139804534835
      ],
      "length": 1.5821972258884167,
      "direction": [
        0.9224607283354815,
        0.3860909279907687
      ],
      "rmse": 0.006156127764291112
    },
    {
      "id": 3,
      "p1": [
        0.7010167836586594,
        4.947821993622306
      ],
      "p2": [
        2.2472754339475403,
        1.1942036828900928
      ],
      "length": 4.059626366583179,
      "direction": [
        0.3808869365455317,
        -0.9246216207546523
      ],
      "rmse": 0.0052126941274199395
    }
  ],
  "metadata": {
    "input_file": "/home/qzl/test_road/test_online_road/extracted_lidar_data_code/extracted_lidar_data/laserscan_json2/laserscan_000011.json",
    "num_walls": 4,
    "x_limit": 10.0,
    "y_limit": 5.0,
    "params": {
      "rdp_epsilon": 0.05,
      "wall_rmse_thresh": 0.07,
      "min_wall_length": 0.8,
      "gap_thresh": 2
    }
  }
}