{
  "walls": [
    {
      "id": 0,
      "p1": [
        -3.6611389374208003,
        -0.7757885369220049
      ],
      "p2": [
        -3.6461592278379023,
        -2.038173626618522
      ],
      "length": 1.2624739626571595,
      "direction": [
        0.011865361208206537,
        -0.9999296041229098
      ],
      "rmse": 0.006209009057184946
    },
    {
      "id": 1,
      "p1": [
        -1.9186579574087428,
        -1.0865475598670717
      ],
      "p2": [
        5.4207152891489505,
        -0.9402041080983541
      ],
      "length": 7.340832109383949,
      "direction": [
        0.9998012673751617,
        0.019935539948052642
      ],
      "rmse": 0.0033679565784628827
    },
    {
      "id": 2,
      "p1": [
        -1.905133300378846,
        1.2529542783240646
      ],
      "p2": [
        2.680852784470909,
        1.343545535620768
      ],
      "length": 4.586880764346745,
      "direction": [
        0.9998049481668391,
        0.01975007896450398
      ],
      "rmse": 0.006135607415951573
    }
  ],
  "metadata": {
    "input_file": "/home/qzl/test_road/test_online_road/extracted_lidar_data_code/extracted_lidar_data/laserscan_json2/laserscan_000600.json",
    "num_walls": 3,
    "x_limit": 10.0,
    "y_limit": 5.0,
    "params": {
      "rdp_epsilon": 0.05,
      "wall_rmse_thresh": 0.07,
      "min_wall_length": 0.8,
      "gap_thresh": 2
    }
  }
}