{
  "walls": [
    {
      "id": 0,
      "p1": [
        -2.015651161486616,
        -0.9671760762215638
      ],
      "p2": [
        5.525332943355506,
        -0.5965801861354976
      ],
      "length": 7.550084938808983,
      "direction": [
        0.9987946050874712,
        0.049084996141004575
      ],
      "rmse": 0.006141434780477235
    },
    {
      "id": 1,
      "p1": [
        -4.89879856980817,
        0.6233525088032377
      ],
      "p2": [
        -3.807786339616143,
        0.6834661974582577
      ],
      "length": 1.0926670773809801,
      "direction": [
        0.9984854973447075,
        0.05501555771136315
      ],
      "rmse": 0.0028813374469836847
    },
    {
      "id": 2,
      "p1": [
        -1.0196513213972511,
        0.816742178917991
      ],
      "p2": [
        5.363415693535454,
        1.148495744841211
      ],
      "length": 6.39168248160253,
      "direction": [
        0.9986520815605269,
        0.05190394968426382
      ],
      "rmse": 0.004256286611788476
    }
  ],
  "metadata": {
    "input_file": "/home/qzl/test_road/test_online_road/extracted_lidar_data_code/extracted_lidar_data/laserscan_json2/laserscan_000399.json",
    "num_walls": 3,
    "x_limit": 10.0,
    "y_limit": 5.0,
    "params": {
      "rdp_epsilon": 0.05,
      "wall_rmse_thresh": 0.07,
      "min_wall_length": 0.8,
      "gap_thresh": 2
    }
  }
}