{
  "walls": [
    {
      "id": 0,
      "p1": [
        0.2681464524896373,
        -1.6960271070034665
      ],
      "p2": [
        1.4667039564159365,
        -1.6745436494284367
      ],
      "length": 1.1987500278070566,
      "direction": [
        0.9998393961397373,
        0.017921549177612257
      ],
      "rmse": 0.0020550833927926934
    },
    {
      "id": 1,
      "p1": [
        8.639072687560274,
        -1.5265810039392895
      ],
      "p2": [
        8.653647815155464,
        -2.6880584572472026
      ],
      "length": 1.1615688997588784,
      "direction": [
        0.012547794279100629,
        -0.9999212733294204
      ],
      "rmse": 0.004755763232985332
    },
    {
      "id": 2,
      "p1": [
        -4.0876172776563875,
        1.7973743845524095
      ],
      "p2": [
        7.171344538084471,
        2.037139002905345
      ],
      "length": 11.26151447366315,
      "direction": [
        0.9997733290722558,
        0.021290619384579577
      ],
      "rmse": 0.023165645405579006
    }
  ],
  "metadata": {
    "input_file": "/home/qzl/test_road/test_online_road/extracted_lidar_data_code/extracted_lidar_data/laserscan_json2/laserscan_000863.json",
    "num_walls": 3,
    "x_limit": 10.0,
    "y_limit": 5.0,
    "params": {
      "rdp_epsilon": 0.05,
      "wall_rmse_thresh": 0.07,
      "min_wall_length": 0.8,
      "gap_thresh": 2
    }
  }
}