{
  "walls": [
    {
      "id": 0,
      "p1": [
        0.22333652980529195,
        -1.6967458406554212
      ],
      "p2": [
        1.3663617686582437,
        -1.6755723342762063
      ],
      "length": 1.1432213320382183,
      "direction": [
        0.999828473121596,
        0.018520916104184437
      ],
      "rmse": 0.0017316745265488214
    },
    {
      "id": 1,
      "p1": [
        8.541317378244155,
        -1.5826940604157507
      ],
      "p2": [
        8.554677896381651,
        -2.6957637877650544
      ],
      "length": 1.1131499096646218,
      "direction": [
        0.012002442816985828,
        -0.9999279680879143
      ],
      "rmse": 0.0029031412251798675
    },
    {
      "id": 2,
      "p1": [
        -4.180991263439521,
        1.8218226888263205
      ],
      "p2": [
        -2.435232980614866,
        1.8542730627464907
      ],
      "length": 1.7460598525876623,
      "direction": [
        0.9998272855513483,
        0.018584914985615292
      ],
      "rmse": 0.0044731169698411215
    },
    {
      "id": 3,
      "p1": [
        1.4445698670445282,
        1.9352754791273763
      ],
      "p2": [
        7.849127410617884,
        2.0338205259890034
      ],
      "length": 6.405315640560061,
      "direction": [
        0.9998816456462647,
        0.015384885365760426
      ],
      "rmse": 0.003161679363536707
    }
  ],
  "metadata": {
    "input_file": "/home/qzl/test_road/test_online_road/extracted_lidar_data_code/extracted_lidar_data/laserscan_json2/laserscan_000864.json",
    "num_walls": 4,
    "x_limit": 10.0,
    "y_limit": 5.0,
    "params": {
      "rdp_epsilon": 0.05,
      "wall_rmse_thresh": 0.07,
      "min_wall_length": 0.8,
      "gap_thresh": 2
    }
  }
}