{
  "walls": [
    {
      "id": 0,
      "p1": [
        -2.475104279334881,
        -0.9316606081990456
      ],
      "p2": [
        4.8769369213004365,
        -0.9290514450394626
      ],
      "length": 7.352041663617774,
      "direction": [
        0.9999999370256822,
        0.00035488960467839074
      ],
      "rmse": 0.0043578865815385
    },
    {
      "id": 1,
      "p1": [
        -1.3167537319474256,
        0.8087995285577468
      ],
      "p2": [
        5.182312255016266,
        0.8088144139191359
      ],
      "length": 6.499065986980739,
      "direction": [
        0.9999999999963771,
        2.2903847135718883e-06
      ],
      "rmse": 0.003240162336502767
    }
  ],
  "metadata": {
    "input_file": "/home/qzl/test_road/test_online_road/extracted_lidar_data_code/extracted_lidar_data/laserscan_json2/laserscan_000359.json",
    "num_walls": 2,
    "x_limit": 10.0,
    "y_limit": 5.0,
    "params": {
      "rdp_epsilon": 0.05,
      "wall_rmse_thresh": 0.07,
      "min_wall_length": 0.8,
      "gap_thresh": 2
    }
  }
}