{
  "walls": [
    {
      "id": 0,
      "p1": [
        -6.311886681279118,
        -1.8327898741756885
      ],
      "p2": [
        6.725116111787492,
        -0.6576767168047499
      ],
      "length": 13.089856101541104,
      "direction": [
        0.9959622697088848,
        0.08977280943763882
      ],
      "rmse": 0.027554368052466912
    },
    {
      "id": 1,
      "p1": [
        8.143252005748247,
        2.0678165690672676
      ],
      "p2": [
        8.240520113534176,
        0.8293963903713987
      ],
      "length": 1.2422341259977376,
      "direction": [
        0.07830094645621502,
        -0.9969297677279283
      ],
      "rmse": 0.004140253429942584
    },
    {
      "id": 2,
      "p1": [
        3.0073900861462453,
        1.5257190008774242
      ],
      "p2": [
        4.7514820880873385,
        1.4518400483783904
      ],
      "length": 1.7456560402488357,
      "direction": [
        0.9991040398145881,
        -0.042321597608901584
      ],
      "rmse": 0.0366879778755656
    },
    {
      "id": 3,
      "p1": [
        0.02157103059896892,
        2.0779052504599838
      ],
      "p2": [
        0.14249587556558735,
        0.6596152896335327
      ],
      "length": 1.4234357137262281,
      "direction": [
        0.08495279681436682,
        -0.9963849769599182
      ],
      "rmse": 0.0026035180453887414
    }
  ],
  "metadata": {
    "input_file": "/home/qzl/test_road/test_online_road/extracted_lidar_data_code/extracted_lidar_data/laserscan_json2/laserscan_000052.json",
    "num_walls": 4,
    "x_limit": 10.0,
    "y_limit": 5.0,
    "params": {
      "rdp_epsilon": 0.05,
      "wall_rmse_thresh": 0.07,
      "min_wall_length": 0.8,
      "gap_thresh": 2
    }
  }
}