{
  "walls": [
    {
      "id": 0,
      "p1": [
        8.180872292752213,
        -1.5898658712473188
      ],
      "p2": [
        8.197263178679869,
        -2.7026027081432806
      ],
      "length": 1.1128575512286933,
      "direction": [
        0.014728646905026186,
        -0.9998915275960423
      ],
      "rmse": 0.0027804596112639165
    },
    {
      "id": 1,
      "p1": [
        -4.558302640451829,
        1.8110743623497108
      ],
      "p2": [
        -2.7610871090838844,
        1.8353628055891833
      ],
      "length": 1.7973796467817142,
      "direction": [
        0.9999086918471226,
        0.01351325151752873
      ],
      "rmse": 0.0083349048052225
    },
    {
      "id": 2,
      "p1": [
        0.9148286744483338,
        1.928010184707804
      ],
      "p2": [
        7.861925512445006,
        2.036922324393945
      ],
      "length": 6.947950512969589,
      "direction": [
        0.9998771328353202,
        0.01567543399779956
      ],
      "rmse": 0.003113764473346358
    }
  ],
  "metadata": {
    "input_file": "/home/qzl/test_road/test_online_road/extracted_lidar_data_code/extracted_lidar_data/laserscan_json2/laserscan_000868.json",
    "num_walls": 3,
    "x_limit": 10.0,
    "y_limit": 5.0,
    "params": {
      "rdp_epsilon": 0.05,
      "wall_rmse_thresh": 0.07,
      "min_wall_length": 0.8,
      "gap_thresh": 2
    }
  }
}