{
  "walls": [
    {
      "id": 0,
      "p1": [
        -0.9346147968470896,
        -1.0155800724355337
      ],
      "p2": [
        0.8206431546467785,
        -1.2452679416836834
      ],
      "length": 1.7702223006058322,
      "direction": [
        0.9915466271616858,
        -0.1297508618941885
      ],
      "rmse": 0.002167048029951701
    },
    {
      "id": 1,
      "p1": [
        3.0254525102539804,
        1.8561494962203995
      ],
      "p2": [
        2.285686557541004,
        -3.4453712247375208
      ],
      "length": 5.352884794159083,
      "direction": [
        -0.13819949077167665,
        -0.9904044127266644
      ],
      "rmse": 0.0029978628244459217
    },
    {
      "id": 2,
      "p1": [
        -1.4107943997480608,
        1.4187359769143695
      ],
      "p2": [
        1.1590013832128132,
        1.0710770098638036
      ],
      "length": 2.593205954700505,
      "direction": [
        0.9909724980772285,
        -0.1340653126374492
      ],
      "rmse": 0.0385845836342055
    }
  ],
  "metadata": {
    "input_file": "/home/qzl/test_road/test_online_road/extracted_lidar_data_code/extracted_lidar_data/laserscan_json2/laserscan_000127.json",
    "num_walls": 3,
    "x_limit": 10.0,
    "y_limit": 5.0,
    "params": {
      "rdp_epsilon": 0.05,
      "wall_rmse_thresh": 0.07,
      "min_wall_length": 0.8,
      "gap_thresh": 2
    }
  }
}