{
  "walls": [
    {
      "id": 0,
      "p1": [
        0.5671827231217277,
        -1.6903404957530688
      ],
      "p2": [
        1.7720800204930727,
        -1.6691456682216748
      ],
      "length": 1.2050836974778378,
      "direction": [
        0.9998453218576536,
        0.017587846865518352
      ],
      "rmse": 0.0016892931158119645
    },
    {
      "id": 1,
      "p1": [
        0.5671900183398018,
        -1.695397507752502
      ],
      "p2": [
        0.5797498720667454,
        -2.833581693429379
      ],
      "length": 1.138253482511948,
      "direction": [
        0.011034320491788346,
        -0.9999391200314569
      ],
      "rmse": 0.0020292350898306606
    },
    {
      "id": 2,
      "p1": [
        8.942467022610797,
        -1.5756698905189441
      ],
      "p2": [
        8.962828013867334,
        -2.6544608427859337
      ],
      "length": 1.0789830808025058,
      "direction": [
        0.018870538026762203,
        -0.9998219355428148
      ],
      "rmse": 0.0035499732585253666
    },
    {
      "id": 3,
      "p1": [
        -3.8038623205821667,
        1.7916277975351216
      ],
      "p2": [
        7.482779335021749,
        2.0477231179078563
      ],
      "length": 11.289546699275853,
      "direction": [
        0.9997426784475402,
        0.022684287260967304
      ],
      "rmse": 0.022542895067439297
    }
  ],
  "metadata": {
    "input_file": "/home/qzl/test_road/test_online_road/extracted_lidar_data_code/extracted_lidar_data/laserscan_json2/laserscan_000860.json",
    "num_walls": 4,
    "x_limit": 10.0,
    "y_limit": 5.0,
    "params": {
      "rdp_epsilon": 0.05,
      "wall_rmse_thresh": 0.07,
      "min_wall_length": 0.8,
      "gap_thresh": 2
    }
  }
}