{
  "walls": [
    {
      "id": 0,
      "p1": [
        7.839944385108707,
        -1.381346849536536
      ],
      "p2": [
        7.878750130428236,
        -2.518875044150664
      ],
      "length": 1.1381899135960931,
      "direction": [
        0.034094262175356334,
        -0.9994186216419614
      ],
      "rmse": 0.0038043399225039993
    },
    {
      "id": 1,
      "p1": [
        -4.953837016828741,
        1.7165518300647538
      ],
      "p2": [
        -3.1927360828595868,
        1.7740193695985413
      ],
      "length": 1.7620383133539108,
      "direction": [
        0.9994680141859495,
        0.03261423948514769
      ],
      "rmse": 0.008701534333077807
    },
    {
      "id": 2,
      "p1": [
        0.3003184809181221,
        1.9348276627713004
      ],
      "p2": [
        7.964746644025736,
        2.246763581229629
      ],
      "length": 7.670773304215266,
      "direction": [
        0.9991728159777802,
        0.04066551129683376
      ],
      "rmse": 0.0040672435212712
    }
  ],
  "metadata": {
    "input_file": "/home/qzl/test_road/test_online_road/extracted_lidar_data_code/extracted_lidar_data/laserscan_json2/laserscan_000872.json",
    "num_walls": 3,
    "x_limit": 10.0,
    "y_limit": 5.0,
    "params": {
      "rdp_epsilon": 0.05,
      "wall_rmse_thresh": 0.07,
      "min_wall_length": 0.8,
      "gap_thresh": 2
    }
  }
}