{
  "walls": [
    {
      "id": 0,
      "p1": [
        -2.268545811279323,
        -0.9593240098509839
      ],
      "p2": [
        5.524763518235063,
        -0.8529625472833205
      ],
      "length": 7.794035095264552,
      "direction": [
        0.9999068818976196,
        0.013646520867243633
      ],
      "rmse": 0.005470939747456342
    },
    {
      "id": 1,
      "p1": [
        -3.9875116920356626,
        0.7864226228308271
      ],
      "p2": [
        5.33362757852259,
        0.8509745748107265
      ],
      "length": 9.32136278961653,
      "direction": [
        0.9999760207737171,
        0.006925162493593972
      ],
      "rmse": 0.016877778788623607
    },
    {
      "id": 2,
      "p1": [
        4.445076736166525,
        2.9123522893586578
      ],
      "p2": [
        4.4512476887544485,
        2.078541622029925
      ],
      "length": 0.8338335023294694,
      "direction": [
        0.007400701183961256,
        -0.9999726144350083
      ],
      "rmse": 0.004157448103702703
    }
  ],
  "metadata": {
    "input_file": "/home/qzl/test_road/test_online_road/extracted_lidar_data_code/extracted_lidar_data/laserscan_json2/laserscan_000305.json",
    "num_walls": 3,
    "x_limit": 10.0,
    "y_limit": 5.0,
    "params": {
      "rdp_epsilon": 0.05,
      "wall_rmse_thresh": 0.07,
      "min_wall_length": 0.8,
      "gap_thresh": 2
    }
  }
}