{
  "walls": [
    {
      "id": 0,
      "p1": [
        -3.993739472371496,
        -1.1380178010231663
      ],
      "p2": [
        2.1520747735711363,
        -1.0587967088523718
      ],
      "length": 6.146324814641359,
      "direction": [
        0.9999169310571325,
        0.012889180861707825
      ],
      "rmse": 0.0035037440625770994
    },
    {
      "id": 1,
      "p1": [
        3.8653193557299192,
        2.2568785377850507
      ],
      "p2": [
        3.884182105461109,
        -1.9236328153037396
      ],
      "length": 4.1805539078729375,
      "direction": [
        0.004512021647573583,
        -0.9999898207775175
      ],
      "rmse": 0.00415546194157803
    },
    {
      "id": 2,
      "p1": [
        -1.5816993974441163,
        1.3152077727566582
      ],
      "p2": [
        2.2078191468296016,
        1.2452107888266761
      ],
      "length": 3.7901649535546196,
      "direction": [
        0.9998294508833752,
        -0.018468057403218118
      ],
      "rmse": 0.05303442067936908
    }
  ],
  "metadata": {
    "input_file": "/home/qzl/test_road/test_online_road/extracted_lidar_data_code/extracted_lidar_data/laserscan_json2/laserscan_000112.json",
    "num_walls": 3,
    "x_limit": 10.0,
    "y_limit": 5.0,
    "params": {
      "rdp_epsilon": 0.05,
      "wall_rmse_thresh": 0.07,
      "min_wall_length": 0.8,
      "gap_thresh": 2
    }
  }
}