{
  "walls": [
    {
      "id": 0,
      "p1": [
        -0.9510089748326447,
        -1.1810676595236356
      ],
      "p2": [
        4.743994188006228,
        -1.0605826886418293
      ],
      "length": 5.69627752597722,
      "direction": [
        0.9997762814156735,
        0.02115152752516496
      ],
      "rmse": 0.003300285459337698
    },
    {
      "id": 1,
      "p1": [
        6.5511225546861915,
        1.6635273029859845
      ],
      "p2": [
        6.562208345956192,
        0.28567606270417056
      ],
      "length": 1.37789583609002,
      "direction": [
        0.008045449430666858,
        -0.9999676348469777
      ],
      "rmse": 0.005093562509904735
    },
    {
      "id": 2,
      "p1": [
        -1.0942127152227479,
        1.1386692049985117
      ],
      "p2": [
        4.8452161965583525,
        1.3463691590837183
      ],
      "length": 5.943059403121276,
      "direction": [
        0.9993891208046468,
        0.03494832206723618
      ],
      "rmse": 0.04641874895974024
    }
  ],
  "metadata": {
    "input_file": "/home/qzl/test_road/test_online_road/extracted_lidar_data_code/extracted_lidar_data/laserscan_json2/laserscan_000077.json",
    "num_walls": 3,
    "x_limit": 10.0,
    "y_limit": 5.0,
    "params": {
      "rdp_epsilon": 0.05,
      "wall_rmse_thresh": 0.07,
      "min_wall_length": 0.8,
      "gap_thresh": 2
    }
  }
}