{
  "walls": [
    {
      "id": 0,
      "p1": [
        -2.95548242016648,
        -0.5968532118929725
      ],
      "p2": [
        4.625700725666995,
        -0.6795263690134297
      ],
      "length": 7.5816339097570395,
      "direction": [
        0.9999405452786945,
        -0.010904398458751737
      ],
      "rmse": 0.047499564175163704
    },
    {
      "id": 1,
      "p1": [
        -6.394590768838546,
        1.2773032417190364
      ],
      "p2": [
        -5.016439403788288,
        1.2493866913395144
      ],
      "length": 1.3784340821290586,
      "direction": [
        0.9997948998186823,
        -0.02025236515943925
      ],
      "rmse": 0.004400177805101631
    },
    {
      "id": 2,
      "p1": [
        -0.8624499346886045,
        1.132527796146503
      ],
      "p2": [
        2.9386448872376603,
        1.0619094688220247
      ],
      "length": 3.8017507537223914,
      "direction": [
        0.9998274658591743,
        -0.0185752122900912
      ],
      "rmse": 0.0028576203847839716
    }
  ],
  "metadata": {
    "input_file": "/home/qzl/test_road/test_online_road/extracted_lidar_data_code/extracted_lidar_data/laserscan_json2/laserscan_000527.json",
    "num_walls": 3,
    "x_limit": 10.0,
    "y_limit": 5.0,
    "params": {
      "rdp_epsilon": 0.05,
      "wall_rmse_thresh": 0.07,
      "min_wall_length": 0.8,
      "gap_thresh": 2
    }
  }
}