{
  "walls": [
    {
      "id": 0,
      "p1": [
        -0.3391699623483212,
        -1.0891952392394713
      ],
      "p2": [
        2.5709954001812125,
        -1.0591299069283937
      ],
      "length": 2.9103206629980876,
      "direction": [
        0.9999466380205321,
        0.010330590952845498
      ],
      "rmse": 0.002333861964101373
    },
    {
      "id": 1,
      "p1": [
        4.321896670906563,
        2.106887850740042
      ],
      "p2": [
        4.327739400236267,
        0.3011387156873544
      ],
      "length": 1.8057585874721873,
      "direction": [
        0.003235609327976336,
        -0.9999947654014378
      ],
      "rmse": 0.003241575911156184
    },
    {
      "id": 2,
      "p1": [
        -0.8809262838474494,
        1.3176799661666438
      ],
      "p2": [
        2.557868132353092,
        1.2476806350106564
      ],
      "length": 3.4395067877901195,
      "direction": [
        0.9997928855394193,
        -0.020351560695971726
      ],
      "rmse": 0.05566646512618937
    }
  ],
  "metadata": {
    "input_file": "/home/qzl/test_road/test_online_road/extracted_lidar_data_code/extracted_lidar_data/laserscan_json2/laserscan_000106.json",
    "num_walls": 3,
    "x_limit": 10.0,
    "y_limit": 5.0,
    "params": {
      "rdp_epsilon": 0.05,
      "wall_rmse_thresh": 0.07,
      "min_wall_length": 0.8,
      "gap_thresh": 2
    }
  }
}