{
  "walls": [
    {
      "id": 0,
      "p1": [
        -2.789430154411741,
        -0.4336974726725159
      ],
      "p2": [
        0.07088351245767732,
        -1.2946174793955285
      ],
      "length": 2.987068384027378,
      "direction": [
        0.9575655121126085,
        -0.28821570049273465
      ],
      "rmse": 0.003383421094643849
    },
    {
      "id": 1,
      "p1": [
        3.41608404272743,
        3.984479735431437
      ],
      "p2": [
        2.1468817090501693,
        -0.4665212695029739
      ],
      "length": 4.6284213842020625,
      "direction": [
        -0.2742192700967311,
        -0.9616671939426944
      ],
      "rmse": 0.006944920773150317
    },
    {
      "id": 2,
      "p1": [
        1.5324002614945045,
        -2.5205475246163944
      ],
      "p2": [
        0.7732282239014108,
        -4.990683376632647
      ],
      "length": 2.5841658828487204,
      "direction": [
        -0.2937783687305096,
        -0.955873563848295
      ],
      "rmse": 0.0034124440676137425
    },
    {
      "id": 3,
      "p1": [
        -0.8869618616676449,
        1.5069339531442147
      ],
      "p2": [
        0.7314003282127621,
        0.9055663785256158
      ],
      "length": 1.7264817223003441,
      "direction": [
        0.9373758024628849,
        -0.3483196878659929
      ],
      "rmse": 0.02167079019739731
    }
  ],
  "metadata": {
    "input_file": "/home/qzl/test_road/test_online_road/extracted_lidar_data_code/extracted_lidar_data/laserscan_json2/laserscan_000134.json",
    "num_walls": 4,
    "x_limit": 10.0,
    "y_limit": 5.0,
    "params": {
      "rdp_epsilon": 0.05,
      "wall_rmse_thresh": 0.07,
      "min_wall_length": 0.8,
      "gap_thresh": 2
    }
  }
}