{
  "walls": [
    {
      "id": 0,
      "p1": [
        -2.067523009054436,
        -0.5220149315521191
      ],
      "p2": [
        4.753919909376935,
        -1.1242850706750946
      ],
      "length": 6.847978739007352,
      "direction": [
        0.9961250141692689,
        -0.08794859944464072
      ],
      "rmse": 0.005060460566075852
    },
    {
      "id": 1,
      "p1": [
        -3.9854636468564637,
        1.370866122265257
      ],
      "p2": [
        1.6439046113678053,
        0.9001049724156277
      ],
      "length": 5.649017883394483,
      "direction": [
        0.9965215855956829,
        -0.0833350432883174
      ],
      "rmse": 0.005037095709019932
    },
    {
      "id": 2,
      "p1": [
        3.9908632507627253,
        0.6806256746933246
      ],
      "p2": [
        5.069852524801885,
        0.5787172339378506
      ],
      "length": 1.0837911163082876,
      "direction": [
        0.9955694024448515,
        -0.09402959594511384
      ],
      "rmse": 0.0039273044192160815
    },
    {
      "id": 3,
      "p1": [
        4.132897575097343,
        2.233450972436226
      ],
      "p2": [
        3.9898746878832494,
        0.6859768272518049
      ],
      "length": 1.5540694245371764,
      "direction": [
        -0.09203120848770599,
        -0.9957561230855134
      ],
      "rmse": 0.0033398376035138466
    }
  ],
  "metadata": {
    "input_file": "/home/qzl/test_road/test_online_road/extracted_lidar_data_code/extracted_lidar_data/laserscan_json2/laserscan_000544.json",
    "num_walls": 4,
    "x_limit": 10.0,
    "y_limit": 5.0,
    "params": {
      "rdp_epsilon": 0.05,
      "wall_rmse_thresh": 0.07,
      "min_wall_length": 0.8,
      "gap_thresh": 2
    }
  }
}