{
  "walls": [
    {
      "id": 0,
      "p1": [
        -3.4307110215481935,
        -0.3808595508866119
      ],
      "p2": [
        3.8281725348000175,
        -1.0148360734977988
      ],
      "length": 7.2865160890404015,
      "direction": [
        0.9962077167796266,
        -0.08700681023186276
      ],
      "rmse": 0.004519992496937035
    },
    {
      "id": 1,
      "p1": [
        -3.7947597266825785,
        1.3735073106420783
      ],
      "p2": [
        1.8873683283836797,
        0.9030415781724865
      ],
      "length": 5.7015714710594665,
      "direction": [
        0.9965898145629528,
        -0.08251509866308827
      ],
      "rmse": 0.004870979673673076
    },
    {
      "id": 2,
      "p1": [
        4.230342979659924,
        0.6882985273763532
      ],
      "p2": [
        5.305451669613969,
        0.5867365515391275
      ],
      "length": 1.0798951477577183,
      "direction": [
        0.9955676643101073,
        -0.09404799720417877
      ],
      "rmse": 0.004446806739252549
    },
    {
      "id": 3,
      "p1": [
        4.35563896499194,
        2.055902553175756
      ],
      "p2": [
        4.228448234395471,
        0.6891471128030244
      ],
      "length": 1.3726608888353025,
      "direction": [
        -0.09265998006562425,
        -0.9956978096251081
      ],
      "rmse": 0.0024584126319198017
    }
  ],
  "metadata": {
    "input_file": "/home/qzl/test_road/test_online_road/extracted_lidar_data_code/extracted_lidar_data/laserscan_json2/laserscan_000541.json",
    "num_walls": 4,
    "x_limit": 10.0,
    "y_limit": 5.0,
    "params": {
      "rdp_epsilon": 0.05,
      "wall_rmse_thresh": 0.07,
      "min_wall_length": 0.8,
      "gap_thresh": 2
    }
  }
}