{
  "walls": [
    {
      "id": 0,
      "p1": [
        -1.3776651788516545,
        -1.7154547168118455
      ],
      "p2": [
        -0.33471879884184513,
        -1.6732503922649553
      ],
      "length": 1.043799960043123,
      "direction": [
        0.9991822379124049,
        0.04043334562410231
      ],
      "rmse": 0.004500404605881371
    },
    {
      "id": 1,
      "p1": [
        7.014357285034221,
        -1.3963712238422477
      ],
      "p2": [
        7.051873240063348,
        -2.5618042455197463
      ],
      "length": 1.1660366953480035,
      "direction": [
        0.032173906000354,
        -0.9994822858713807
      ],
      "rmse": 0.0041267543653132075
    },
    {
      "id": 2,
      "p1": [
        -5.9177961863209,
        1.7117909377307488
      ],
      "p2": [
        -4.112268730206484,
        1.777452529898346
      ],
      "length": 1.8067210187156673,
      "direction": [
        0.9993393763670801,
        0.03634296135781265
      ],
      "rmse": 0.005294950349539534
    },
    {
      "id": 3,
      "p1": [
        -0.7295762312070218,
        1.9195876020076197
      ],
      "p2": [
        7.1832907253427205,
        2.2234483612024074
      ],
      "length": 7.918699061906268,
      "direction": [
        0.9992635020830006,
        0.03837256054548629
      ],
      "rmse": 0.0029225577408881253
    }
  ],
  "metadata": {
    "input_file": "/home/qzl/test_road/test_online_road/extracted_lidar_data_code/extracted_lidar_data/laserscan_json2/laserscan_000881.json",
    "num_walls": 4,
    "x_limit": 10.0,
    "y_limit": 5.0,
    "params": {
      "rdp_epsilon": 0.05,
      "wall_rmse_thresh": 0.07,
      "min_wall_length": 0.8,
      "gap_thresh": 2
    }
  }
}