{
  "walls": [
    {
      "id": 0,
      "p1": [
        -2.065448226163874,
        0.8579424778641045
      ],
      "p2": [
        1.381295266828555,
        -4.987960366974816
      ],
      "length": 6.786355485662495,
      "direction": [
        0.5078931541783956,
        -0.8614200740270223
      ],
      "rmse": 0.00900131016959689
    },
    {
      "id": 1,
      "p1": [
        1.1231723526369202,
        -1.0869276335453693
      ],
      "p2": [
        1.6643565520000574,
        -2.0137678296283537
      ],
      "length": 1.0732721401002938,
      "direction": [
        0.5042376291552896,
        -0.863564944484115
      ],
      "rmse": 0.0015717344876252663
    },
    {
      "id": 2,
      "p1": [
        1.1299567817468386,
        -1.0948965907076906
      ],
      "p2": [
        6.827620023108294,
        2.3271128037998454
      ],
      "length": 6.646315874833167,
      "direction": [
        0.8572663936919457,
        0.5148731205301029
      ],
      "rmse": 0.005563199454062963
    },
    {
      "id": 3,
      "p1": [
        -0.014518654168961698,
        0.9548063400685054
      ],
      "p2": [
        3.5736878755609265,
        3.133001187725907
      ],
      "length": 4.19758965292672,
      "direction": [
        0.8548254656632445,
        0.518915622477891
      ],
      "rmse": 0.0318840765992731
    }
  ],
  "metadata": {
    "input_file": "/home/qzl/test_road/test_online_road/extracted_lidar_data_code/extracted_lidar_data/laserscan_json2/laserscan_000574.json",
    "num_walls": 4,
    "x_limit": 10.0,
    "y_limit": 5.0,
    "params": {
      "rdp_epsilon": 0.05,
      "wall_rmse_thresh": 0.07,
      "min_wall_length": 0.8,
      "gap_thresh": 2
    }
  }
}