{
  "walls": [
    {
      "id": 0,
      "p1": [
        -1.9491992696030787,
        -0.9437764235235888
      ],
      "p2": [
        5.787404619535643,
        -1.4544739892880187
      ],
      "length": 7.753441283785807,
      "direction": [
        0.9978283972189185,
        -0.06586721264426197
      ],
      "rmse": 0.007967544128580284
    },
    {
      "id": 1,
      "p1": [
        -1.0383216439630039,
        1.3000014433031453
      ],
      "p2": [
        3.314968153302532,
        1.133820684781831
      ],
      "length": 4.356460501769633,
      "direction": [
        0.9992721833453642,
        -0.03814582008803794
      ],
      "rmse": 0.02541946767038625
    },
    {
      "id": 2,
      "p1": [
        -4.29226017170143,
        2.2342875393475117
      ],
      "p2": [
        -4.350439705550459,
        1.4130014826537067
      ],
      "length": 0.8233441838493487,
      "direction": [
        -0.0706624701919514,
        -0.9975002833605471
      ],
      "rmse": 0.0025904755352649023
    }
  ],
  "metadata": {
    "input_file": "/home/qzl/test_road/test_online_road/extracted_lidar_data_code/extracted_lidar_data/laserscan_json2/laserscan_000608.json",
    "num_walls": 3,
    "x_limit": 10.0,
    "y_limit": 5.0,
    "params": {
      "rdp_epsilon": 0.05,
      "wall_rmse_thresh": 0.07,
      "min_wall_length": 0.8,
      "gap_thresh": 2
    }
  }
}