{
  "walls": [
    {
      "id": 0,
      "p1": [
        -2.178123864636673,
        -0.9316477888338704
      ],
      "p2": [
        4.726389321906415,
        -0.9435984872589833
      ],
      "length": 6.904523528987372,
      "direction": [
        0.9999985020760456,
        -0.0017308505612194736
      ],
      "rmse": 0.005420231836236616
    },
    {
      "id": 1,
      "p1": [
        4.9522643785225595,
        -0.9577976880462726
      ],
      "p2": [
        5.8129560916023175,
        -0.9527245136171808
      ],
      "length": 0.8607066643537485,
      "direction": [
        0.9999826290704248,
        0.005894196756215317
      ],
      "rmse": 0.004971337409829562
    },
    {
      "id": 2,
      "p1": [
        -1.1322256907613117,
        0.8039861209623403
      ],
      "p2": [
        5.107135933252901,
        0.7988114526913627
      ],
      "length": 6.239363769841681,
      "direction": [
        0.9999996560813272,
        -0.0008293583227162655
      ],
      "rmse": 0.0038164016485052574
    }
  ],
  "metadata": {
    "input_file": "/home/qzl/test_road/test_online_road/extracted_lidar_data_code/extracted_lidar_data/laserscan_json2/laserscan_000366.json",
    "num_walls": 3,
    "x_limit": 10.0,
    "y_limit": 5.0,
    "params": {
      "rdp_epsilon": 0.05,
      "wall_rmse_thresh": 0.07,
      "min_wall_length": 0.8,
      "gap_thresh": 2
    }
  }
}