{
  "walls": [
    {
      "id": 0,
      "p1": [
        -1.3771424937770762,
        -0.6916896788251743
      ],
      "p2": [
        4.709208812173683,
        -0.5001384729288917
      ],
      "length": 6.089364834194847,
      "direction": [
        0.9995051161603503,
        0.031456680805268006
      ],
      "rmse": 0.0035114989665287837
    },
    {
      "id": 1,
      "p1": [
        -1.9609822629913123,
        1.0340599858885018
      ],
      "p2": [
        0.43245465773954406,
        1.1058010965403606
      ],
      "length": 2.394511866847848,
      "direction": [
        0.9995510792265148,
        0.029960641099777748
      ],
      "rmse": 0.002717908722719521
    },
    {
      "id": 2,
      "p1": [
        4.426578302459654,
        1.223982611270653
      ],
      "p2": [
        5.655715167851466,
        1.2583805190027124
      ],
      "length": 1.2296180910842003,
      "direction": [
        0.9996086380827457,
        0.027974464576798096
      ],
      "rmse": 0.004258125450472582
    },
    {
      "id": 3,
      "p1": [
        1.6832265623022906,
        2.9606832240338576
      ],
      "p2": [
        1.7246589184934809,
        1.1524444013942228
      ],
      "length": 1.8087134322055352,
      "direction": [
        0.022907087133546805,
        -0.999737598251189
      ],
      "rmse": 0.0027831441429364916
    }
  ],
  "metadata": {
    "input_file": "/home/qzl/test_road/test_online_road/extracted_lidar_data_code/extracted_lidar_data/laserscan_json2/laserscan_000468.json",
    "num_walls": 4,
    "x_limit": 10.0,
    "y_limit": 5.0,
    "params": {
      "rdp_epsilon": 0.05,
      "wall_rmse_thresh": 0.07,
      "min_wall_length": 0.8,
      "gap_thresh": 2
    }
  }
}