{
  "walls": [
    {
      "id": 0,
      "p1": [
        -2.244414482442381,
        0.0026726612634895286
      ],
      "p2": [
        -1.2656457078630314,
        -4.970363771353522
      ],
      "length": 5.068439569949286,
      "direction": [
        0.19311047533869766,
        -0.9811770198656623
      ],
      "rmse": 0.010691889794958533
    },
    {
      "id": 1,
      "p1": [
        -0.2138410472058785,
        -1.2299185517382438
      ],
      "p2": [
        5.709267968821409,
        -0.04662436924543134
      ],
      "length": 6.0401494632223365,
      "direction": [
        0.9806229220131695,
        0.19590478508794348
      ],
      "rmse": 0.004631839696418834
    },
    {
      "id": 2,
      "p1": [
        -0.6861623011210101,
        1.0803347909462613
      ],
      "p2": [
        1.783992378903541,
        1.5762374788178366
      ],
      "length": 2.5194411322921293,
      "direction": [
        0.9804375455975791,
        0.19683043255704832
      ],
      "rmse": 0.029910692639686307
    }
  ],
  "metadata": {
    "input_file": "/home/qzl/test_road/test_online_road/extracted_lidar_data_code/extracted_lidar_data/laserscan_json2/laserscan_000584.json",
    "num_walls": 3,
    "x_limit": 10.0,
    "y_limit": 5.0,
    "params": {
      "rdp_epsilon": 0.05,
      "wall_rmse_thresh": 0.07,
      "min_wall_length": 0.8,
      "gap_thresh": 2
    }
  }
}