{
  "walls": [
    {
      "id": 0,
      "p1": [
        -0.8500834747585589,
        -1.5739186211303358
      ],
      "p2": [
        -1.065243951710398,
        -4.7884742595962715
      ],
      "length": 3.221748280613382,
      "direction": [
        -0.06678376403468118,
        -0.9977674723398033
      ],
      "rmse": 0.0018665399983925737
    },
    {
      "id": 1,
      "p1": [
        0.14181444257192788,
        -1.1575877961682757
      ],
      "p2": [
        5.982784506792096,
        -1.6004481987647876
      ],
      "length": 5.8577347692861705,
      "direction": [
        0.9971380225066275,
        -0.07560267237057516
      ],
      "rmse": 0.013787338825006634
    },
    {
      "id": 2,
      "p1": [
        9.324699136585052,
        2.194623118966007
      ],
      "p2": [
        9.086376564720991,
        -1.7622560705478851
      ],
      "length": 3.9640497686921154,
      "direction": [
        -0.06012098378433177,
        -0.9981910975894366
      ],
      "rmse": 0.004788473561738837
    },
    {
      "id": 3,
      "p1": [
        -2.0728891368823588,
        1.2905541658722244
      ],
      "p2": [
        2.2638345355594685,
        1.0990256802423584
      ],
      "length": 4.340950975526561,
      "direction": [
        0.999026180412333,
        -0.04412131966232167
      ],
      "rmse": 0.02911853603840776
    }
  ],
  "metadata": {
    "input_file": "/home/qzl/test_road/test_online_road/extracted_lidar_data_code/extracted_lidar_data/laserscan_json2/laserscan_000619.json",
    "num_walls": 4,
    "x_limit": 10.0,
    "y_limit": 5.0,
    "params": {
      "rdp_epsilon": 0.05,
      "wall_rmse_thresh": 0.07,
      "min_wall_length": 0.8,
      "gap_thresh": 2
    }
  }
}