{
  "walls": [
    {
      "id": 0,
      "p1": [
        -1.3927340103120824,
        -0.6897195199892993
      ],
      "p2": [
        4.679354808543357,
        -0.4963684733763559
      ],
      "length": 6.075166438155877,
      "direction": [
        0.9994934098780932,
        0.03182646081897995
      ],
      "rmse": 0.003490001314338623
    },
    {
      "id": 1,
      "p1": [
        -1.952020772000902,
        1.037462457151601
      ],
      "p2": [
        0.3536893020405584,
        1.1050105246974604
      ],
      "length": 2.3066993057105334,
      "direction": [
        0.999571148407194,
        0.02928342995490052
      ],
      "rmse": 0.002447098392412899
    },
    {
      "id": 2,
      "p1": [
        4.188681180097684,
        1.2183888288212614
      ],
      "p2": [
        5.680124854537228,
        1.2631418861941455
      ],
      "length": 1.492114965466786,
      "direction": [
        0.9995501077033138,
        0.029993035663199705
      ],
      "rmse": 0.004008521438906792
    },
    {
      "id": 3,
      "p1": [
        1.6036391617413863,
        2.9658084658929345
      ],
      "p2": [
        1.6455222633768984,
        1.143449670680434
      ],
      "length": 1.8228400293747575,
      "direction": [
        0.02297683886711455,
        -0.9997359975882006
      ],
      "rmse": 0.0025404364594149263
    }
  ],
  "metadata": {
    "input_file": "/home/qzl/test_road/test_online_road/extracted_lidar_data_code/extracted_lidar_data/laserscan_json2/laserscan_000469.json",
    "num_walls": 4,
    "x_limit": 10.0,
    "y_limit": 5.0,
    "params": {
      "rdp_epsilon": 0.05,
      "wall_rmse_thresh": 0.07,
      "min_wall_length": 0.8,
      "gap_thresh": 2
    }
  }
}