{
  "walls": [
    {
      "id": 0,
      "p1": [
        -7.8092186217039306,
        -0.3412211821590829
      ],
      "p2": [
        -7.673771899277895,
        -1.8420400398996035
      ],
      "length": 1.5069183980446708,
      "direction": [
        0.0898832495519674,
        -0.9959523088220534
      ],
      "rmse": 0.0018195372163162951
    },
    {
      "id": 1,
      "p1": [
        -6.157850208294201,
        -1.7859664253009444
      ],
      "p2": [
        6.15734221463287,
        -0.6609573446774339
      ],
      "length": 12.366471196149924,
      "direction": [
        0.9958534029294362,
        0.09097252262008557
      ],
      "rmse": 0.024532868964708018
    },
    {
      "id": 2,
      "p1": [
        7.691353996654322,
        2.059613740192096
      ],
      "p2": [
        7.784057238557812,
        0.8176227925953228
      ],
      "length": 1.2454458659338623,
      "direction": [
        0.07443377864832863,
        -0.9972259586443444
      ],
      "rmse": 0.0038056131881373596
    },
    {
      "id": 3,
      "p1": [
        0.9874090249459904,
        1.223645177086353
      ],
      "p2": [
        5.703790037297333,
        1.6790188742816516
      ],
      "length": 4.73831352463781,
      "direction": [
        0.9953712408060079,
        0.09610459392926124
      ],
      "rmse": 0.0547784314571776
    }
  ],
  "metadata": {
    "input_file": "/home/qzl/test_road/test_online_road/extracted_lidar_data_code/extracted_lidar_data/laserscan_json2/laserscan_000060.json",
    "num_walls": 4,
    "x_limit": 10.0,
    "y_limit": 5.0,
    "params": {
      "rdp_epsilon": 0.05,
      "wall_rmse_thresh": 0.07,
      "min_wall_length": 0.8,
      "gap_thresh": 2
    }
  }
}