{
  "walls": [
    {
      "id": 0,
      "p1": [
        -3.408674541396998,
        -0.5216934425658795
      ],
      "p2": [
        4.120588613640586,
        -0.7533183312705969
      ],
      "length": 7.532825084048746,
      "direction": [
        0.9995271456619598,
        -0.03074874115887369
      ],
      "rmse": 0.003731104836189272
    },
    {
      "id": 1,
      "p1": [
        -3.117730280000038,
        1.1880693321115754
      ],
      "p2": [
        2.539533413453318,
        1.0410108018516053
      ],
      "length": 5.659174737414257,
      "direction": [
        0.9996623104860282,
        -0.025985861381445107
      ],
      "rmse": 0.004825694444958485
    },
    {
      "id": 2,
      "p1": [
        4.896344143894327,
        0.9687012093157841
      ],
      "p2": [
        5.974707719462965,
        0.924661909293934
      ],
      "length": 1.0792624616188562,
      "direction": [
        0.9991671293283492,
        -0.04080499562242596
      ],
      "rmse": 0.00517117005135022
    },
    {
      "id": 3,
      "p1": [
        4.927400269808356,
        1.9890535038205108
      ],
      "p2": [
        4.895951367099235,
        0.97400468387819
      ],
      "length": 1.0155358882619097,
      "direction": [
        -0.030967790574998235,
        -0.999520382956197
      ],
      "rmse": 0.0023499280065047813
    }
  ],
  "metadata": {
    "input_file": "/home/qzl/test_road/test_online_road/extracted_lidar_data_code/extracted_lidar_data/laserscan_json2/laserscan_000532.json",
    "num_walls": 4,
    "x_limit": 10.0,
    "y_limit": 5.0,
    "params": {
      "rdp_epsilon": 0.05,
      "wall_rmse_thresh": 0.07,
      "min_wall_length": 0.8,
      "gap_thresh": 2
    }
  }
}