{
  "walls": [
    {
      "id": 0,
      "p1": [
        -2.4118616088106473,
        0.001687496656925136
      ],
      "p2": [
        -1.7294904335373433,
        -4.508088905853164
      ],
      "length": 4.561108814913399,
      "direction": [
        0.1496064231227024,
        -0.9887456286418821
      ],
      "rmse": 0.009165163378363844
    },
    {
      "id": 1,
      "p1": [
        -0.45551052540625236,
        -1.210673296829967
      ],
      "p2": [
        6.266820662171773,
        -0.1902737801162928
      ],
      "length": 6.799334656361141,
      "direction": [
        0.9886748523669449,
        0.15007343634101247
      ],
      "rmse": 0.00459479003921925
    },
    {
      "id": 2,
      "p1": [
        -0.7133666491318533,
        1.1422602400549737
      ],
      "p2": [
        1.4946985476420223,
        1.4696229497040665
      ],
      "length": 2.2322003173713716,
      "direction": [
        0.9891877443023908,
        0.1466547187101318
      ],
      "rmse": 0.03204385019785842
    }
  ],
  "metadata": {
    "input_file": "/home/qzl/test_road/test_online_road/extracted_lidar_data_code/extracted_lidar_data/laserscan_json2/laserscan_000586.json",
    "num_walls": 3,
    "x_limit": 10.0,
    "y_limit": 5.0,
    "params": {
      "rdp_epsilon": 0.05,
      "wall_rmse_thresh": 0.07,
      "min_wall_length": 0.8,
      "gap_thresh": 2
    }
  }
}