{
  "walls": [
    {
      "id": 0,
      "p1": [
        -1.1916184633350222,
        -0.8603528727234341
      ],
      "p2": [
        5.153320455836985,
        -0.803684678635943
      ],
      "length": 6.345191972844066,
      "direction": [
        0.9999601188302123,
        0.008930887249741384
      ],
      "rmse": 0.003909557585374731
    },
    {
      "id": 1,
      "p1": [
        -3.713844066419109,
        0.8138232857399764
      ],
      "p2": [
        5.357841513995642,
        0.9891802772839791
      ],
      "length": 9.07338026010088,
      "direction": [
        0.9998132250995088,
        0.01932653393961002
      ],
      "rmse": 0.020983500602064623
    },
    {
      "id": 2,
      "p1": [
        -0.9193333458254722,
        0.879183308357133
      ],
      "p2": [
        -0.28597930343727174,
        0.3823215090558354
      ],
      "length": 0.804990056220819,
      "direction": [
        0.7867849267119766,
        -0.6172272507730273
      ],
      "rmse": 0.00873211603368
    }
  ],
  "metadata": {
    "input_file": "/home/qzl/test_road/test_online_road/extracted_lidar_data_code/extracted_lidar_data/laserscan_json2/laserscan_000226.json",
    "num_walls": 3,
    "x_limit": 10.0,
    "y_limit": 5.0,
    "params": {
      "rdp_epsilon": 0.05,
      "wall_rmse_thresh": 0.07,
      "min_wall_length": 0.8,
      "gap_thresh": 2
    }
  }
}