{
  "walls": [
    {
      "id": 0,
      "p1": [
        -3.103563395064392,
        -0.24515880041275806
      ],
      "p2": [
        -3.0322942531079593,
        -2.544100336545229
      ],
      "length": 2.300045972834093,
      "direction": [
        0.03098596410598908,
        -0.9995198197266637
      ],
      "rmse": 0.005913200986420295
    },
    {
      "id": 1,
      "p1": [
        -1.325365859530068,
        -1.11232108173793
      ],
      "p2": [
        5.941072840372791,
        -0.8548183843633561
      ],
      "length": 7.270999863746467,
      "direction": [
        0.9993726909728584,
        0.03541503262271212
      ],
      "rmse": 0.00281995981282451
    },
    {
      "id": 2,
      "p1": [
        1.3186804061897677,
        1.3202641144735914
      ],
      "p2": [
        3.3888768036919217,
        1.3884999556906623
      ],
      "length": 2.0713206546205,
      "direction": [
        0.9994572269059797,
        0.03294315685250807
      ],
      "rmse": 0.007153734019284398
    },
    {
      "id": 3,
      "p1": [
        -1.344520418325815,
        1.203677091562044
      ],
      "p2": [
        -0.13074856772075116,
        1.3542450420597156
      ],
      "length": 1.2230751461125808,
      "direction": [
        0.9923935209228147,
        0.12310605033230039
      ],
      "rmse": 0.015167601557637963
    }
  ],
  "metadata": {
    "input_file": "/home/qzl/test_road/test_online_road/extracted_lidar_data_code/extracted_lidar_data/laserscan_json2/laserscan_000594.json",
    "num_walls": 4,
    "x_limit": 10.0,
    "y_limit": 5.0,
    "params": {
      "rdp_epsilon": 0.05,
      "wall_rmse_thresh": 0.07,
      "min_wall_length": 0.8,
      "gap_thresh": 2
    }
  }
}