{
  "walls": [
    {
      "id": 0,
      "p1": [
        -8.59947379096766,
        -0.03756451515087872
      ],
      "p2": [
        -8.57722363045477,
        -1.0151670265518107
      ],
      "length": 0.9778556846182664,
      "direction": [
        0.022754032995732542,
        -0.9997410934739198
      ],
      "rmse": 0.0021974390296647527
    },
    {
      "id": 1,
      "p1": [
        -3.0375761215259316,
        -1.2783072889971332
      ],
      "p2": [
        5.215496463777479,
        -1.0145840866839624
      ],
      "length": 8.257285088073745,
      "direction": [
        0.9994898440911685,
        0.03193824598521016
      ],
      "rmse": 0.017103516947935174
    },
    {
      "id": 2,
      "p1": [
        7.02524193745726,
        1.652583107181841
      ],
      "p2": [
        7.035436235920355,
        0.3063740876815879
      ],
      "length": 1.3462476176042013,
      "direction": [
        0.007572379946882951,
        -0.9999713291189603
      ],
      "rmse": 0.005618573366367915
    },
    {
      "id": 3,
      "p1": [
        -0.2998904604836017,
        1.1527508706540828
      ],
      "p2": [
        5.2929173404535845,
        1.3536169992479192
      ],
      "length": 5.5964136998474405,
      "direction": [
        0.9993556768478454,
        0.035891937116641584
      ],
      "rmse": 0.0438000026712092
    }
  ],
  "metadata": {
    "input_file": "/home/qzl/test_road/test_online_road/extracted_lidar_data_code/extracted_lidar_data/laserscan_json2/laserscan_000071.json",
    "num_walls": 4,
    "x_limit": 10.0,
    "y_limit": 5.0,
    "params": {
      "rdp_epsilon": 0.05,
      "wall_rmse_thresh": 0.07,
      "min_wall_length": 0.8,
      "gap_thresh": 2
    }
  }
}