{
  "walls": [
    {
      "id": 0,
      "p1": [
        -2.5236179992616923,
        -0.8980371814970769
      ],
      "p2": [
        6.107336731027646,
        -1.4555803783459784
      ],
      "length": 8.648944095822126,
      "direction": [
        0.997920050662588,
        -0.06446372998498921
      ],
      "rmse": 0.0078122237913640655
    },
    {
      "id": 1,
      "p1": [
        -0.8073882391457828,
        1.297845449185422
      ],
      "p2": [
        3.499546332757534,
        1.140714382200742
      ],
      "length": 4.309799946501896,
      "direction": [
        0.9993351490467179,
        -0.03645901641259717
      ],
      "rmse": 0.024640996787084788
    },
    {
      "id": 2,
      "p1": [
        -4.098188602596693,
        2.4152626307381038
      ],
      "p2": [
        -4.152473360659751,
        1.5255845358515587
      ],
      "length": 0.8913326805850422,
      "direction": [
        -0.060902914529480164,
        -0.9981436945649734
      ],
      "rmse": 0.004212031967923324
    }
  ],
  "metadata": {
    "input_file": "/home/qzl/test_road/test_online_road/extracted_lidar_data_code/extracted_lidar_data/laserscan_json2/laserscan_000606.json",
    "num_walls": 3,
    "x_limit": 10.0,
    "y_limit": 5.0,
    "params": {
      "rdp_epsilon": 0.05,
      "wall_rmse_thresh": 0.07,
      "min_wall_length": 0.8,
      "gap_thresh": 2
    }
  }
}