{
  "walls": [
    {
      "id": 0,
      "p1": [
        -6.282758161701626,
        4.938013891250944
      ],
      "p2": [
        -4.78691421212025,
        -3.076369780387214
      ],
      "length": 8.152784478797383,
      "direction": [
        0.18347644948422973,
        -0.9830241057485115
      ],
      "rmse": 0.0060375797721295985
    },
    {
      "id": 1,
      "p1": [
        4.971658911864496,
        3.0842471614798774
      ],
      "p2": [
        6.467278657715451,
        3.397059631492568
      ],
      "length": 1.5279823511987034,
      "direction": [
        0.978820039823199,
        0.20472256748710202
      ],
      "rmse": 0.005092434057219002
    },
    {
      "id": 2,
      "p1": [
        1.6033619550852682,
        1.7513140770246276
      ],
      "p2": [
        2.499125827843292,
        1.9379660963725056
      ],
      "length": 0.9150037661480381,
      "direction": [
        0.9789728806561028,
        0.2039904383491825
      ],
      "rmse": 0.002053789975891868
    }
  ],
  "metadata": {
    "input_file": "/home/qzl/test_road/test_online_road/extracted_lidar_data_code/extracted_lidar_data/laserscan_json2/laserscan_000765.json",
    "num_walls": 3,
    "x_limit": 10.0,
    "y_limit": 5.0,
    "params": {
      "rdp_epsilon": 0.05,
      "wall_rmse_thresh": 0.07,
      "min_wall_length": 0.8,
      "gap_thresh": 2
    }
  }
}