{
  "walls": [
    {
      "id": 0,
      "p1": [
        -2.3892612378091718,
        -0.8678264607494449
      ],
      "p2": [
        5.30014826306125,
        -0.9299471277232141
      ],
      "length": 7.6896604248394205,
      "direction": [
        0.9999673686531231,
        -0.008078466868711469
      ],
      "rmse": 0.05907640108803212
    },
    {
      "id": 1,
      "p1": [
        -1.440605445967957,
        0.9149381725363598
      ],
      "p2": [
        5.266939533515462,
        0.756436706280107
      ],
      "length": 6.7094174386900844,
      "direction": [
        0.9997209207460287,
        -0.023623730033861094
      ],
      "rmse": 0.003225893480305761
    }
  ],
  "metadata": {
    "input_file": "/home/qzl/test_road/test_online_road/extracted_lidar_data_code/extracted_lidar_data/laserscan_json2/laserscan_000248.json",
    "num_walls": 2,
    "x_limit": 10.0,
    "y_limit": 5.0,
    "params": {
      "rdp_epsilon": 0.05,
      "wall_rmse_thresh": 0.07,
      "min_wall_length": 0.8,
      "gap_thresh": 2
    }
  }
}