{
  "walls": [
    {
      "id": 0,
      "p1": [
        -1.9347105073400497,
        -0.7740043912123248
      ],
      "p2": [
        4.627875337912466,
        -0.5212912402932975
      ],
      "length": 6.567449802850122,
      "direction": [
        0.9992593841216635,
        0.03847964712407893
      ],
      "rmse": 0.004190129130840744
    },
    {
      "id": 1,
      "p1": [
        -2.811039199628143,
        0.9367199187931365
      ],
      "p2": [
        1.6681832213719712,
        1.1117193099777658
      ],
      "length": 4.482639655794911,
      "direction": [
        0.9992376735446807,
        0.039039361764942354
      ],
      "rmse": 0.0024990617544855312
    },
    {
      "id": 2,
      "p1": [
        4.583001465764394,
        1.2058323325516223
      ],
      "p2": [
        5.572888377930089,
        1.24167125196451
      ],
      "length": 0.9905354748930592,
      "direction": [
        0.9993452402818547,
        0.03618135879153762
      ],
      "rmse": 0.004420953429852238
    }
  ],
  "metadata": {
    "input_file": "/home/qzl/test_road/test_online_road/extracted_lidar_data_code/extracted_lidar_data/laserscan_json2/laserscan_000448.json",
    "num_walls": 3,
    "x_limit": 10.0,
    "y_limit": 5.0,
    "params": {
      "rdp_epsilon": 0.05,
      "wall_rmse_thresh": 0.07,
      "min_wall_length": 0.8,
      "gap_thresh": 2
    }
  }
}