{
  "walls": [
    {
      "id": 0,
      "p1": [
        -3.8938050991330835,
        -0.9232515752848942
      ],
      "p2": [
        6.1686165850386505,
        -1.7008071610927065
      ],
      "length": 10.09241907765975,
      "direction": [
        0.9970277300945144,
        -0.07704352938813318
      ],
      "rmse": 0.01578484433007358
    },
    {
      "id": 1,
      "p1": [
        8.451434557482049,
        2.145512682372744
      ],
      "p2": [
        8.210802202881087,
        -1.7442438941661493
      ],
      "length": 3.8971925991421537,
      "direction": [
        -0.06174505069461763,
        -0.9980919540366604
      ],
      "rmse": 0.004442344949625395
    },
    {
      "id": 2,
      "p1": [
        -3.8872466385820594,
        1.3535942569343302
      ],
      "p2": [
        1.3964346608702873,
        1.0897019527409806
      ],
      "length": 5.2902672165397195,
      "direction": [
        0.9987550880091526,
        -0.04988260391990059
      ],
      "rmse": 0.04617719164203655
    }
  ],
  "metadata": {
    "input_file": "/home/qzl/test_road/test_online_road/extracted_lidar_data_code/extracted_lidar_data/laserscan_json2/laserscan_000629.json",
    "num_walls": 3,
    "x_limit": 10.0,
    "y_limit": 5.0,
    "params": {
      "rdp_epsilon": 0.05,
      "wall_rmse_thresh": 0.07,
      "min_wall_length": 0.8,
      "gap_thresh": 2
    }
  }
}