{
  "walls": [
    {
      "id": 0,
      "p1": [
        -2.5044762659073925,
        -0.9285877995287427
      ],
      "p2": [
        6.030825066751068,
        -2.5356023497271236
      ],
      "length": 8.685267100315947,
      "direction": [
        0.9827333154025204,
        -0.18502764873383282
      ],
      "rmse": 0.030843913613596452
    },
    {
      "id": 1,
      "p1": [
        7.023389430772937,
        1.3650573672552058
      ],
      "p2": [
        6.362142626372415,
        -2.442814057997286
      ],
      "length": 3.8648586167652166,
      "direction": [
        -0.17109210710359873,
        -0.9852550384975712
      ],
      "rmse": 0.0043367907460486604
    },
    {
      "id": 2,
      "p1": [
        8.25906840981778,
        4.170454663270613
      ],
      "p2": [
        9.391976150591834,
        3.949382956029285
      ],
      "length": 1.1542758114282585,
      "direction": [
        0.981487898781403,
        -0.19152416177513132
      ],
      "rmse": 0.006945039084261409
    },
    {
      "id": 3,
      "p1": [
        -3.9157528502695933,
        1.762107707558575
      ],
      "p2": [
        0.40382874154859594,
        0.9629600456647922
      ],
      "length": 4.392883120899629,
      "direction": [
        0.9833135717321914,
        -0.18191871713839824
      ],
      "rmse": 0.06232900935042537
    }
  ],
  "metadata": {
    "input_file": "/home/qzl/test_road/test_online_road/extracted_lidar_data_code/extracted_lidar_data/laserscan_json2/laserscan_000647.json",
    "num_walls": 4,
    "x_limit": 10.0,
    "y_limit": 5.0,
    "params": {
      "rdp_epsilon": 0.05,
      "wall_rmse_thresh": 0.07,
      "min_wall_length": 0.8,
      "gap_thresh": 2
    }
  }
}