{
  "walls": [
    {
      "id": 0,
      "p1": [
        -0.7528831738131395,
        -0.6064030782019082
      ],
      "p2": [
        4.584975286274639,
        -0.49342419698277984
      ],
      "length": 5.339053958102708,
      "direction": [
        0.9997760842970218,
        0.02116084274584925
      ],
      "rmse": 0.004172689600622535
    },
    {
      "id": 1,
      "p1": [
        -5.784995410841248,
        0.9875617174176297
      ],
      "p2": [
        -2.1163782782059894,
        1.0995600063335595
      ],
      "length": 3.6703263182699493,
      "direction": [
        0.9995343232480852,
        0.030514531734772213
      ],
      "rmse": 0.0039949706440735
    },
    {
      "id": 2,
      "p1": [
        0.2535801428479405,
        1.1418422097205334
      ],
      "p2": [
        5.052384544607552,
        1.2610135730273309
      ],
      "length": 4.800283897873106,
      "direction": [
        0.9996917898712305,
        0.024825899018072726
      ],
      "rmse": 0.002410078517250016
    }
  ],
  "metadata": {
    "input_file": "/home/qzl/test_road/test_online_road/extracted_lidar_data_code/extracted_lidar_data/laserscan_json2/laserscan_000497.json",
    "num_walls": 3,
    "x_limit": 10.0,
    "y_limit": 5.0,
    "params": {
      "rdp_epsilon": 0.05,
      "wall_rmse_thresh": 0.07,
      "min_wall_length": 0.8,
      "gap_thresh": 2
    }
  }
}