{
  "walls": [
    {
      "id": 0,
      "p1": [
        -0.9319818596852016,
        -1.0045002961296432
      ],
      "p2": [
        0.8982331803466792,
        -1.2458746130782945
      ],
      "length": 1.8460630145369705,
      "direction": [
        0.9914152581021753,
        -0.13075085468247216
      ],
      "rmse": 0.002077720494249711
    },
    {
      "id": 1,
      "p1": [
        3.103673940870624,
        1.8139300487599856
      ],
      "p2": [
        2.3840473406563505,
        -3.275287607787863
      ],
      "length": 5.139844238831984,
      "direction": [
        -0.1400094179463087,
        -0.9901501718852226
      ],
      "rmse": 0.004103302981303541
    },
    {
      "id": 2,
      "p1": [
        -1.4693596985682371,
        1.434118350512936
      ],
      "p2": [
        1.251989340563669,
        1.072707711996305
      ],
      "length": 2.745242838514864,
      "direction": [
        0.9912962893298702,
        -0.13164978829770385
      ],
      "rmse": 0.03950809982721442
    }
  ],
  "metadata": {
    "input_file": "/home/qzl/test_road/test_online_road/extracted_lidar_data_code/extracted_lidar_data/laserscan_json2/laserscan_000126.json",
    "num_walls": 3,
    "x_limit": 10.0,
    "y_limit": 5.0,
    "params": {
      "rdp_epsilon": 0.05,
      "wall_rmse_thresh": 0.07,
      "min_wall_length": 0.8,
      "gap_thresh": 2
    }
  }
}