{
  "walls": [
    {
      "id": 0,
      "p1": [
        -1.2455637362660923,
        -0.6770898188778964
      ],
      "p2": [
        3.241885218780655,
        -0.6446210565095454
      ],
      "length": 4.48756641674303,
      "direction": [
        0.9999738250780352,
        0.007235271715907801
      ],
      "rmse": 0.04727327007898954
    },
    {
      "id": 1,
      "p1": [
        2.0144015854974753,
        2.9621932363353425
      ],
      "p2": [
        2.057205165850752,
        1.2009564225520668
      ],
      "length": 1.7617568676513011,
      "direction": [
        0.024295963386989788,
        -0.9997048095118368
      ],
      "rmse": 0.003244999874997872
    },
    {
      "id": 2,
      "p1": [
        -2.1747639556068927,
        1.0166438389423471
      ],
      "p2": [
        0.7536119081974928,
        1.1083268355220017
      ],
      "length": 2.929810739889849,
      "direction": [
        0.999510249563613,
        0.03129314645867193
      ],
      "rmse": 0.0024298263616013187
    }
  ],
  "metadata": {
    "input_file": "/home/qzl/test_road/test_online_road/extracted_lidar_data_code/extracted_lidar_data/laserscan_json2/laserscan_000464.json",
    "num_walls": 3,
    "x_limit": 10.0,
    "y_limit": 5.0,
    "params": {
      "rdp_epsilon": 0.05,
      "wall_rmse_thresh": 0.07,
      "min_wall_length": 0.8,
      "gap_thresh": 2
    }
  }
}