{
  "walls": [
    {
      "id": 0,
      "p1": [
        -2.327882786412575,
        0.0019325106347254373
      ],
      "p2": [
        -1.4596277194947889,
        -4.9993796345042965
      ],
      "length": 5.076119584322605,
      "direction": [
        0.1710470079543613,
        -0.985262869019157
      ],
      "rmse": 0.010111027109696998
    },
    {
      "id": 1,
      "p1": [
        -0.3411271768313089,
        -1.2225373844532499
      ],
      "p2": [
        6.409523174053918,
        -0.054568207568041704
      ],
      "length": 6.8509438881121145,
      "direction": [
        0.9853606249194844,
        0.17048295767109142
      ],
      "rmse": 0.004896642654548329
    },
    {
      "id": 2,
      "p1": [
        -0.7048009328938634,
        1.1121093863516671
      ],
      "p2": [
        1.639759354793985,
        1.5164924303403085
      ],
      "length": 2.379178133067897,
      "direction": [
        0.9854496622588933,
        0.16996753558204322
      ],
      "rmse": 0.031119906603503864
    }
  ],
  "metadata": {
    "input_file": "/home/qzl/test_road/test_online_road/extracted_lidar_data_code/extracted_lidar_data/laserscan_json2/laserscan_000585.json",
    "num_walls": 3,
    "x_limit": 10.0,
    "y_limit": 5.0,
    "params": {
      "rdp_epsilon": 0.05,
      "wall_rmse_thresh": 0.07,
      "min_wall_length": 0.8,
      "gap_thresh": 2
    }
  }
}