{
  "walls": [
    {
      "id": 0,
      "p1": [
        -4.332857278774815,
        -0.5431288490599185
      ],
      "p2": [
        4.559142760508696,
        -0.6482155274048255
      ],
      "length": 8.892620980823569,
      "direction": [
        0.9999301733931664,
        -0.011817289702486517
      ],
      "rmse": 0.005830243610470335
    },
    {
      "id": 1,
      "p1": [
        -1.7551477108448337,
        1.144453781055361
      ],
      "p2": [
        2.344544951497706,
        1.1200559314138294
      ],
      "length": 4.099765259223068,
      "direction": [
        0.999982292428947,
        -0.005951035754210627
      ],
      "rmse": 0.002484840534729495
    }
  ],
  "metadata": {
    "input_file": "/home/qzl/test_road/test_online_road/extracted_lidar_data_code/extracted_lidar_data/laserscan_json2/laserscan_000512.json",
    "num_walls": 2,
    "x_limit": 10.0,
    "y_limit": 5.0,
    "params": {
      "rdp_epsilon": 0.05,
      "wall_rmse_thresh": 0.07,
      "min_wall_length": 0.8,
      "gap_thresh": 2
    }
  }
}