{
  "walls": [
    {
      "id": 0,
      "p1": [
        -4.090996987845593,
        4.493254980373585
      ],
      "p2": [
        -4.179477549935128,
        -1.438219611242365
      ],
      "length": 5.932134492815659,
      "direction": [
        -0.01491546798148364,
        -0.9998887582190799
      ],
      "rmse": 0.002516069773794031
    },
    {
      "id": 1,
      "p1": [
        -4.174947567807957,
        -3.728888367629358
      ],
      "p2": [
        -0.24802850453943148,
        -3.770134300279676
      ],
      "length": 3.9271356681965988,
      "direction": [
        0.9999448440414843,
        -0.01050280309496344
      ],
      "rmse": 0.0037800194931731784
    },
    {
      "id": 2,
      "p1": [
        2.735974049650781,
        -4.50778492607044
      ],
      "p2": [
        3.8868139763579763,
        -4.529877824194656
      ],
      "length": 1.1510519680062017,
      "direction": [
        0.9998157847724943,
        -0.019193658269366833
      ],
      "rmse": 0.0043693766901925
    },
    {
      "id": 3,
      "p1": [
        -1.0943360109789917,
        2.711224356541455
      ],
      "p2": [
        9.145411305786228,
        2.498846676017522
      ],
      "length": 10.241949491692743,
      "direction": [
        0.9997849847883403,
        -0.020736060131518984
      ],
      "rmse": 0.003911487497325575
    }
  ],
  "metadata": {
    "input_file": "/home/qzl/test_road/test_online_road/extracted_lidar_data_code/extracted_lidar_data/laserscan_json2/laserscan_000692.json",
    "num_walls": 4,
    "x_limit": 10.0,
    "y_limit": 5.0,
    "params": {
      "rdp_epsilon": 0.05,
      "wall_rmse_thresh": 0.07,
      "min_wall_length": 0.8,
      "gap_thresh": 2
    }
  }
}