{
  "walls": [
    {
      "id": 0,
      "p1": [
        -1.2947633978234574,
        -1.1934639464438945
      ],
      "p2": [
        4.748599324367531,
        -1.033704495155682
      ],
      "length": 6.045474015678471,
      "direction": [
        0.9996507646070347,
        0.02642629029150217
      ],
      "rmse": 0.004211993627024891
    },
    {
      "id": 1,
      "p1": [
        6.308978407344241,
        1.719866116603384
      ],
      "p2": [
        6.325455866704076,
        0.30297618265410253
      ],
      "length": 1.4169857414927485,
      "direction": [
        0.011628528698151085,
        -0.999932386373357
      ],
      "rmse": 0.005640534452218076
    },
    {
      "id": 2,
      "p1": [
        -1.476849722178379,
        1.1250322149983956
      ],
      "p2": [
        4.606127107677371,
        1.3726368559236548
      ],
      "length": 6.088014058029896,
      "direction": [
        0.9991725991214517,
        0.04067083922029204
      ],
      "rmse": 0.04947878642440774
    },
    {
      "id": 3,
      "p1": [
        2.679782805069593,
        1.2195648378844135
      ],
      "p2": [
        3.6838949567282184,
        1.3623569888868432
      ],
      "length": 1.0142143814285098,
      "direction": [
        0.990039354641511,
        0.1407908955118205
      ],
      "rmse": 0.016953149152273122
    }
  ],
  "metadata": {
    "input_file": "/home/qzl/test_road/test_online_road/extracted_lidar_data_code/extracted_lidar_data/laserscan_json2/laserscan_000080.json",
    "num_walls": 4,
    "x_limit": 10.0,
    "y_limit": 5.0,
    "params": {
      "rdp_epsilon": 0.05,
      "wall_rmse_thresh": 0.07,
      "min_wall_length": 0.8,
      "gap_thresh": 2
    }
  }
}