{
  "walls": [
    {
      "id": 0,
      "p1": [
        -1.7674856847344005,
        -0.9440917162070416
      ],
      "p2": [
        5.485455667251747,
        -0.5905544076006005
      ],
      "length": 7.2615526496698575,
      "direction": [
        0.9988141244570671,
        0.048686186778823505
      ],
      "rmse": 0.006686358118841899
    },
    {
      "id": 1,
      "p1": [
        -4.997504736200366,
        0.634778989287186
      ],
      "p2": [
        -2.974755143643259,
        0.7391585736648744
      ],
      "length": 2.0254409425665316,
      "direction": [
        0.9986712276053642,
        0.051534252213406795
      ],
      "rmse": 0.0029008191818257413
    },
    {
      "id": 2,
      "p1": [
        -0.8236319373744664,
        0.8377113873401283
      ],
      "p2": [
        5.108588205521875,
        1.1461769461666118
      ],
      "length": 5.94023457657753,
      "direction": [
        0.9986508220199382,
        0.05192817806260734
      ],
      "rmse": 0.004317742568101648
    }
  ],
  "metadata": {
    "input_file": "/home/qzl/test_road/test_online_road/extracted_lidar_data_code/extracted_lidar_data/laserscan_json2/laserscan_000402.json",
    "num_walls": 3,
    "x_limit": 10.0,
    "y_limit": 5.0,
    "params": {
      "rdp_epsilon": 0.05,
      "wall_rmse_thresh": 0.07,
      "min_wall_length": 0.8,
      "gap_thresh": 2
    }
  }
}