{
  "walls": [
    {
      "id": 0,
      "p1": [
        -1.6678626944948782,
        -0.7548836480879751
      ],
      "p2": [
        4.409585296685413,
        -0.5321285444840848
      ],
      "length": 6.081528913166732,
      "direction": [
        0.9993289644675234,
        0.036628141834760444
      ],
      "rmse": 0.0037101208500690875
    },
    {
      "id": 1,
      "p1": [
        -2.8016437600899806,
        0.9434548225009324
      ],
      "p2": [
        1.9062249333629202,
        1.1251681734115215
      ],
      "length": 4.711374255638484,
      "direction": [
        0.9992559363786275,
        0.03856907582600478
      ],
      "rmse": 0.0025580146249531387
    }
  ],
  "metadata": {
    "input_file": "/home/qzl/test_road/test_online_road/extracted_lidar_data_code/extracted_lidar_data/laserscan_json2/laserscan_000450.json",
    "num_walls": 2,
    "x_limit": 10.0,
    "y_limit": 5.0,
    "params": {
      "rdp_epsilon": 0.05,
      "wall_rmse_thresh": 0.07,
      "min_wall_length": 0.8,
      "gap_thresh": 2
    }
  }
}