{
  "walls": [
    {
      "id": 0,
      "p1": [
        -3.9778690656711246,
        3.0889547078059847
      ],
      "p2": [
        -3.9543869188625176,
        -3.7986472047197233
      ],
      "length": 6.887641941669626,
      "direction": [
        0.003409315845314017,
        -0.9999941882648454
      ],
      "rmse": 0.029539843723252503
    },
    {
      "id": 1,
      "p1": [
        -3.9334885132469193,
        -3.8048255057558595
      ],
      "p2": [
        0.06580018884995131,
        -3.771290480307657
      ],
      "length": 3.9994292993690337,
      "direction": [
        0.9999648456653091,
        0.008384952686489517
      ],
      "rmse": 0.0032624724979786286
    },
    {
      "id": 2,
      "p1": [
        3.0744739724989643,
        -4.431118257147523
      ],
      "p2": [
        4.188689786918437,
        -4.422017098908275
      ],
      "length": 1.114252983924093,
      "direction": [
        0.9999666417714195,
        0.0081679460324958
      ],
      "rmse": 0.003584151107986664
    },
    {
      "id": 3,
      "p1": [
        -1.021095732038769,
        2.6866446083713353
      ],
      "p2": [
        9.072365143463854,
        2.7831170417403817
      ],
      "length": 10.093921902595755,
      "direction": [
        0.9999543262660763,
        0.0095574776880472
      ],
      "rmse": 0.004975998800988185
    }
  ],
  "metadata": {
    "input_file": "/home/qzl/test_road/test_online_road/extracted_lidar_data_code/extracted_lidar_data/laserscan_json2/laserscan_000690.json",
    "num_walls": 4,
    "x_limit": 10.0,
    "y_limit": 5.0,
    "params": {
      "rdp_epsilon": 0.05,
      "wall_rmse_thresh": 0.07,
      "min_wall_length": 0.8,
      "gap_thresh": 2
    }
  }
}