{
  "walls": [
    {
      "id": 0,
      "p1": [
        -1.4278277878697854,
        -0.6859411931671502
      ],
      "p2": [
        3.540907282709708,
        -0.6276944697814264
      ],
      "length": 4.969076461717184,
      "direction": [
        0.9999312968626484,
        0.011721840835899914
      ],
      "rmse": 0.04159495073644535
    },
    {
      "id": 1,
      "p1": [
        2.1913045541738803,
        2.6383111868417632
      ],
      "p2": [
        2.226695464081914,
        1.2618071554645978
      ],
      "length": 1.3769589191045997,
      "direction": [
        0.025702226418644517,
        -0.9996696432097578
      ],
      "rmse": 0.0032288521804301772
    },
    {
      "id": 2,
      "p1": [
        -2.3697264240506692,
        1.0035773540324493
      ],
      "p2": [
        0.9257301629414094,
        1.1125938329233382
      ],
      "length": 3.2972592723987066,
      "direction": [
        0.9994532776281763,
        0.033062756029941236
      ],
      "rmse": 0.0028675088011012586
    }
  ],
  "metadata": {
    "input_file": "/home/qzl/test_road/test_online_road/extracted_lidar_data_code/extracted_lidar_data/laserscan_json2/laserscan_000462.json",
    "num_walls": 3,
    "x_limit": 10.0,
    "y_limit": 5.0,
    "params": {
      "rdp_epsilon": 0.05,
      "wall_rmse_thresh": 0.07,
      "min_wall_length": 0.8,
      "gap_thresh": 2
    }
  }
}