{
  "walls": [
    {
      "id": 0,
      "p1": [
        -2.9436014674826776,
        -0.9855190385487315
      ],
      "p2": [
        5.484320515922568,
        -0.8479180529590366
      ],
      "length": 8.429045200353398,
      "direction": [
        0.999866744461575,
        0.016324623052654665
      ],
      "rmse": 0.0034425665428814843
    },
    {
      "id": 1,
      "p1": [
        -1.6304522473400895,
        0.7836811642839263
      ],
      "p2": [
        4.95630623093593,
        0.8800492470641771
      ],
      "length": 6.587463400924499,
      "direction": [
        0.9998929902737725,
        0.014629012248725334
      ],
      "rmse": 0.0031743513269854393
    }
  ],
  "metadata": {
    "input_file": "/home/qzl/test_road/test_online_road/extracted_lidar_data_code/extracted_lidar_data/laserscan_json2/laserscan_000294.json",
    "num_walls": 2,
    "x_limit": 10.0,
    "y_limit": 5.0,
    "params": {
      "rdp_epsilon": 0.05,
      "wall_rmse_thresh": 0.07,
      "min_wall_length": 0.8,
      "gap_thresh": 2
    }
  }
}