{
  "walls": [
    {
      "id": 0,
      "p1": [
        -1.2499854744620533,
        -0.9285992173230616
      ],
      "p2": [
        5.4126116794028345,
        -0.9145660320545645
      ],
      "length": 6.6626119326415285,
      "direction": [
        0.999997781833393,
        0.002106258838178996
      ],
      "rmse": 0.004172309768601714
    },
    {
      "id": 1,
      "p1": [
        -4.481352088185876,
        0.8042794900811233
      ],
      "p2": [
        4.977776087551603,
        0.8275401659992995
      ],
      "length": 9.459156775531042,
      "direction": [
        0.9999969764955059,
        0.0024590644251000944
      ],
      "rmse": 0.0033206958824677237
    },
    {
      "id": 2,
      "p1": [
        -2.9101518207932036,
        1.8202381828972887
      ],
      "p2": [
        -2.901072634645224,
        0.805645124322081
      ],
      "length": 1.0146336807587772,
      "direction": [
        0.008948240453816193,
        -0.9999599636939375
      ],
      "rmse": 0.002443168372093692
    }
  ],
  "metadata": {
    "input_file": "/home/qzl/test_road/test_online_road/extracted_lidar_data_code/extracted_lidar_data/laserscan_json2/laserscan_000351.json",
    "num_walls": 3,
    "x_limit": 10.0,
    "y_limit": 5.0,
    "params": {
      "rdp_epsilon": 0.05,
      "wall_rmse_thresh": 0.07,
      "min_wall_length": 0.8,
      "gap_thresh": 2
    }
  }
}