{
  "walls": [
    {
      "id": 0,
      "p1": [
        -3.9142136710767517,
        -1.1385391747864868
      ],
      "p2": [
        2.2849864670581006,
        -1.0551396223634026
      ],
      "length": 6.199761111365142,
      "direction": [
        0.9999095169593775,
        0.013452059026938317
      ],
      "rmse": 0.003978052266213123
    },
    {
      "id": 1,
      "p1": [
        3.9409614849643577,
        2.23310540863529
      ],
      "p2": [
        3.959454839783195,
        -1.8686930562215294
      ],
      "length": 4.101840154183756,
      "direction": [
        0.004508550826866359,
        -0.9999898364320716
      ],
      "rmse": 0.0033349125548603666
    },
    {
      "id": 2,
      "p1": [
        -1.5375912918057173,
        1.3205593734695362
      ],
      "p2": [
        2.1891826861030403,
        1.243389714205389
      ],
      "length": 3.7275728616257537,
      "direction": [
        0.9997856826008831,
        -0.0207023878885128
      ],
      "rmse": 0.05321650073467768
    }
  ],
  "metadata": {
    "input_file": "/home/qzl/test_road/test_online_road/extracted_lidar_data_code/extracted_lidar_data/laserscan_json2/laserscan_000111.json",
    "num_walls": 3,
    "x_limit": 10.0,
    "y_limit": 5.0,
    "params": {
      "rdp_epsilon": 0.05,
      "wall_rmse_thresh": 0.07,
      "min_wall_length": 0.8,
      "gap_thresh": 2
    }
  }
}