{
  "walls": [
    {
      "id": 0,
      "p1": [
        -2.4488307287001474,
        -0.9645056879524765
      ],
      "p2": [
        5.495208480986505,
        -0.8531455763864613
      ],
      "length": 7.944819698362381,
      "direction": [
        0.9999017613094688,
        0.014016694625412064
      ],
      "rmse": 0.004065482520675011
    },
    {
      "id": 1,
      "p1": [
        -2.142480611642465,
        0.7856196935630186
      ],
      "p2": [
        4.956397120035148,
        0.8738176598712948
      ],
      "length": 7.099425605678899,
      "direction": [
        0.9999228284034771,
        0.012423253824596381
      ],
      "rmse": 0.004531504054692629
    }
  ],
  "metadata": {
    "input_file": "/home/qzl/test_road/test_online_road/extracted_lidar_data_code/extracted_lidar_data/laserscan_json2/laserscan_000300.json",
    "num_walls": 2,
    "x_limit": 10.0,
    "y_limit": 5.0,
    "params": {
      "rdp_epsilon": 0.05,
      "wall_rmse_thresh": 0.07,
      "min_wall_length": 0.8,
      "gap_thresh": 2
    }
  }
}