{
  "walls": [
    {
      "id": 0,
      "p1": [
        -4.308180194952312,
        -0.5389878185320645
      ],
      "p2": [
        4.683608402818252,
        -0.6630948269238701
      ],
      "length": 8.992645035612643,
      "direction": [
        0.999904762408871,
        -0.013800945984211912
      ],
      "rmse": 0.005740471821884488
    },
    {
      "id": 1,
      "p1": [
        -1.919717694037423,
        1.145789284976241
      ],
      "p2": [
        3.2355145884172325,
        1.1020747952390268
      ],
      "length": 5.155417620588619,
      "direction": [
        0.9999640498301477,
        -0.00847933047413902
      ],
      "rmse": 0.0033219579114115317
    }
  ],
  "metadata": {
    "input_file": "/home/qzl/test_road/test_online_road/extracted_lidar_data_code/extracted_lidar_data/laserscan_json2/laserscan_000517.json",
    "num_walls": 2,
    "x_limit": 10.0,
    "y_limit": 5.0,
    "params": {
      "rdp_epsilon": 0.05,
      "wall_rmse_thresh": 0.07,
      "min_wall_length": 0.8,
      "gap_thresh": 2
    }
  }
}