{
  "walls": [
    {
      "id": 0,
      "p1": [
        -2.3120013892367735,
        -0.8723225678835391
      ],
      "p2": [
        5.319812336523207,
        -0.9261813543483526
      ],
      "length": 7.632003767922151,
      "direction": [
        0.9999750993087031,
        -0.007056965392382525
      ],
      "rmse": 0.06240100094369455
    },
    {
      "id": 1,
      "p1": [
        -1.3953995052432941,
        0.9064904277300317
      ],
      "p2": [
        5.237951425379295,
        0.823732118272944
      ],
      "length": 6.633867160757424,
      "direction": [
        0.9999221826230525,
        -0.012475123099624445
      ],
      "rmse": 0.033502926006198024
    }
  ],
  "metadata": {
    "input_file": "/home/qzl/test_road/test_online_road/extracted_lidar_data_code/extracted_lidar_data/laserscan_json2/laserscan_000247.json",
    "num_walls": 2,
    "x_limit": 10.0,
    "y_limit": 5.0,
    "params": {
      "rdp_epsilon": 0.05,
      "wall_rmse_thresh": 0.07,
      "min_wall_length": 0.8,
      "gap_thresh": 2
    }
  }
}