{
  "walls": [
    {
      "id": 0,
      "p1": [
        0.45988465824168845,
        -1.6930860515457669
      ],
      "p2": [
        0.46981007529248614,
        -2.8076794682302224
      ],
      "length": 1.114637608561617,
      "direction": [
        0.008904613458715073,
        -0.9999603531426388
      ],
      "rmse": 0.0019196701786706855
    },
    {
      "id": 1,
      "p1": [
        0.46159421270174605,
        -1.6936764487988965
      ],
      "p2": [
        1.6712681209838705,
        -1.673298927307957
      ],
      "length": 1.2098455305371274,
      "direction": [
        0.9998581453153474,
        0.01684307705122666
      ],
      "rmse": 0.0018091807348041813
    },
    {
      "id": 2,
      "p1": [
        8.838484379616066,
        -1.5588997194488834
      ],
      "p2": [
        8.854919211107033,
        -2.703410449266711
      ],
      "length": 1.1446287233659098,
      "direction": [
        0.014358220404099047,
        -0.9998969154392002
      ],
      "rmse": 0.003443136893898045
    },
    {
      "id": 3,
      "p1": [
        -3.93168623780468,
        1.7885229020252087
      ],
      "p2": [
        7.518060392194709,
        2.0527967324373217
      ],
      "length": 11.45279610176585,
      "direction": [
        0.9997337356091198,
        0.023075048928104247
      ],
      "rmse": 0.023600756081103683
    }
  ],
  "metadata": {
    "input_file": "/home/qzl/test_road/test_online_road/extracted_lidar_data_code/extracted_lidar_data/laserscan_json2/laserscan_000861.json",
    "num_walls": 4,
    "x_limit": 10.0,
    "y_limit": 5.0,
    "params": {
      "rdp_epsilon": 0.05,
      "wall_rmse_thresh": 0.07,
      "min_wall_length": 0.8,
      "gap_thresh": 2
    }
  }
}