{
  "walls": [
    {
      "id": 0,
      "p1": [
        -0.5269699767939131,
        -0.6070420932658293
      ],
      "p2": [
        4.912907848777859,
        -0.4833034849397405
      ],
      "length": 5.441284958567962,
      "direction": [
        0.9997413969287872,
        0.02274069622674761
      ],
      "rmse": 0.0036276718170461207
    },
    {
      "id": 1,
      "p1": [
        -0.2901074598077473,
        1.119784734051047
      ],
      "p2": [
        5.130085945783961,
        1.2669682964280466
      ],
      "length": 5.422191397862475,
      "direction": [
        0.9996315157231492,
        0.02714466376728696
      ],
      "rmse": 0.002976123696958905
    }
  ],
  "metadata": {
    "input_file": "/home/qzl/test_road/test_online_road/extracted_lidar_data_code/extracted_lidar_data/laserscan_json2/laserscan_000493.json",
    "num_walls": 2,
    "x_limit": 10.0,
    "y_limit": 5.0,
    "params": {
      "rdp_epsilon": 0.05,
      "wall_rmse_thresh": 0.07,
      "min_wall_length": 0.8,
      "gap_thresh": 2
    }
  }
}