{
  "walls": [
    {
      "id": 0,
      "p1": [
        -0.9368177190890004,
        -1.2092940648880046
      ],
      "p2": [
        -1.1521070334675314,
        -4.939491724852579
      ],
      "length": 3.736405233816424,
      "direction": [
        -0.057619369663074745,
        -0.9983386240337645
      ],
      "rmse": 0.011188196764548956
    },
    {
      "id": 1,
      "p1": [
        0.06062304059488377,
        -1.1593844821898123
      ],
      "p2": [
        6.041928032793745,
        -1.617576442544906
      ],
      "length": 5.998828992581558,
      "direction": [
        0.9970787631368808,
        -0.0763802336958193
      ],
      "rmse": 0.01388279013405709
    },
    {
      "id": 2,
      "p1": [
        9.228810272455217,
        2.1730802221700705
      ],
      "p2": [
        8.992126016086816,
        -1.7471069639916181
      ],
      "length": 3.927325681906068,
      "direction": [
        -0.060266011922213224,
        -0.9981823519803341
      ],
      "rmse": 0.003471878955779002
    },
    {
      "id": 3,
      "p1": [
        -2.2222257034806354,
        1.2898909660249487
      ],
      "p2": [
        2.1671491517647183,
        1.1026403340158657
      ],
      "length": 4.393367093590971,
      "direction": [
        0.9990913032612663,
        -0.0426212123913015
      ],
      "rmse": 0.02992457568008991
    }
  ],
  "metadata": {
    "input_file": "/home/qzl/test_road/test_online_road/extracted_lidar_data_code/extracted_lidar_data/laserscan_json2/laserscan_000620.json",
    "num_walls": 4,
    "x_limit": 10.0,
    "y_limit": 5.0,
    "params": {
      "rdp_epsilon": 0.05,
      "wall_rmse_thresh": 0.07,
      "min_wall_length": 0.8,
      "gap_thresh": 2
    }
  }
}