{
  "walls": [
    {
      "id": 0,
      "p1": [
        -3.5251765284346703,
        -0.39832816662972625
      ],
      "p2": [
        4.310401704298727,
        -0.9366531024223275
      ],
      "length": 7.8540486360718145,
      "direction": [
        0.9976482952675614,
        -0.06854107489475707
      ],
      "rmse": 0.031432801159196035
    },
    {
      "id": 1,
      "p1": [
        -3.299593095008045,
        1.347753900974174
      ],
      "p2": [
        2.3665532130911755,
        0.9311408979471575
      ],
      "length": 5.681441751798359,
      "direction": [
        0.997307823546732,
        -0.0733287466855976
      ],
      "rmse": 0.007021915583245215
    },
    {
      "id": 2,
      "p1": [
        4.700295656941832,
        0.755157515679668
      ],
      "p2": [
        5.6889565241571445,
        0.6766149311256404
      ],
      "length": 0.9917758052863359,
      "direction": [
        0.9968592316374234,
        -0.07919389052979872
      ],
      "rmse": 0.005291487059221732
    },
    {
      "id": 3,
      "p1": [
        4.790125518854079,
        1.862445218813297
      ],
      "p2": [
        4.703292511993623,
        0.7654553514410924
      ],
      "length": 1.1004211649171942,
      "direction": [
        -0.07890888473314975,
        -0.9968818324697118
      ],
      "rmse": 0.0022864171666260803
    }
  ],
  "metadata": {
    "input_file": "/home/qzl/test_road/test_online_road/extracted_lidar_data_code/extracted_lidar_data/laserscan_json2/laserscan_000535.json",
    "num_walls": 4,
    "x_limit": 10.0,
    "y_limit": 5.0,
    "params": {
      "rdp_epsilon": 0.05,
      "wall_rmse_thresh": 0.07,
      "min_wall_length": 0.8,
      "gap_thresh": 2
    }
  }
}