{
  "walls": [
    {
      "id": 0,
      "p1": [
        -2.0817855576799467,
        -0.9741738340979548
      ],
      "p2": [
        5.54519371278065,
        -0.598011393320444
      ],
      "length": 7.636249797766398,
      "direction": [
        0.9987859842777617,
        0.04926010158640464
      ],
      "rmse": 0.005926353462397754
    },
    {
      "id": 1,
      "p1": [
        -4.723366900670347,
        0.624013644622993
      ],
      "p2": [
        -3.825695162765518,
        0.6735443820076793
      ],
      "length": 0.8990371755266554,
      "direction": [
        0.9984812222899186,
        0.05509309151273047
      ],
      "rmse": 0.0028895379535185907
    },
    {
      "id": 2,
      "p1": [
        -1.0322545860552905,
        0.8129609147170226
      ],
      "p2": [
        5.791401189625906,
        1.158648566090176
      ],
      "length": 6.832406464584731,
      "direction": [
        0.9987192376572269,
        0.05059529949874231
      ],
      "rmse": 0.003952199659418758
    }
  ],
  "metadata": {
    "input_file": "/home/qzl/test_road/test_online_road/extracted_lidar_data_code/extracted_lidar_data/laserscan_json2/laserscan_000398.json",
    "num_walls": 3,
    "x_limit": 10.0,
    "y_limit": 5.0,
    "params": {
      "rdp_epsilon": 0.05,
      "wall_rmse_thresh": 0.07,
      "min_wall_length": 0.8,
      "gap_thresh": 2
    }
  }
}