{
  "walls": [
    {
      "id": 0,
      "p1": [
        -2.2279085032941315,
        -1.3170044647750054
      ],
      "p2": [
        4.009409060991125,
        -0.7884169802429992
      ],
      "length": 6.259675321176429,
      "direction": [
        0.9964282880899948,
        0.08444327499595233
      ],
      "rmse": 0.00477007911128674
    },
    {
      "id": 1,
      "p1": [
        5.404185612321465,
        2.1833341969441205
      ],
      "p2": [
        5.512603863225085,
        0.6504523033799402
      ],
      "length": 1.53671123401435,
      "direction": [
        0.07055213009687591,
        -0.9975080936698174
      ],
      "rmse": 0.006357908220461951
    },
    {
      "id": 2,
      "p1": [
        -2.424422898855971,
        0.9991412110866934
      ],
      "p2": [
        3.668916744211615,
        1.5853937066095365
      ],
      "length": 6.1214769454998175,
      "direction": [
        0.9954035108375259,
        0.09576977921206391
      ],
      "rmse": 0.054848002650029704
    }
  ],
  "metadata": {
    "input_file": "/home/qzl/test_road/test_online_road/extracted_lidar_data_code/extracted_lidar_data/laserscan_json2/laserscan_000090.json",
    "num_walls": 3,
    "x_limit": 10.0,
    "y_limit": 5.0,
    "params": {
      "rdp_epsilon": 0.05,
      "wall_rmse_thresh": 0.07,
      "min_wall_length": 0.8,
      "gap_thresh": 2
    }
  }
}