{
  "walls": [
    {
      "id": 0,
      "p1": [
        -2.3217449370035665,
        -0.9304356102609829
      ],
      "p2": [
        4.245942806886557,
        -0.9558394755946303
      ],
      "length": 6.567736874876949,
      "direction": [
        0.9999925193420003,
        -0.0038679785468869136
      ],
      "rmse": 0.00644283100729909
    },
    {
      "id": 1,
      "p1": [
        4.479658922172771,
        -0.9714054488678167
      ],
      "p2": [
        5.4596307702835105,
        -0.964824247364329
      ],
      "length": 0.9799939465643696,
      "direction": [
        0.9999774504172324,
        0.006715553220051202
      ],
      "rmse": 0.0038967598087716175
    },
    {
      "id": 2,
      "p1": [
        -1.121429577887706,
        0.8000253339325633
      ],
      "p2": [
        5.4402501941132435,
        0.7770082986814665
      ],
      "length": 6.561720141410953,
      "direction": [
        0.999993847738749,
        -0.003507774601024729
      ],
      "rmse": 0.0035632361838618108
    }
  ],
  "metadata": {
    "input_file": "/home/qzl/test_road/test_online_road/extracted_lidar_data_code/extracted_lidar_data/laserscan_json2/laserscan_000371.json",
    "num_walls": 3,
    "x_limit": 10.0,
    "y_limit": 5.0,
    "params": {
      "rdp_epsilon": 0.05,
      "wall_rmse_thresh": 0.07,
      "min_wall_length": 0.8,
      "gap_thresh": 2
    }
  }
}