{
  "walls": [
    {
      "id": 0,
      "p1": [
        -3.7368394855309743,
        -0.6253516102761738
      ],
      "p2": [
        -2.9078665092464533,
        -0.7287457252295545
      ],
      "length": 0.8353960368693462,
      "direction": [
        0.992311358562671,
        -0.12376658541587966
      ],
      "rmse": 0.003440862963007711
    },
    {
      "id": 1,
      "p1": [
        -0.8967017830634192,
        -0.9939924503971033
      ],
      "p2": [
        0.9726816559805642,
        -1.2456228733538037
      ],
      "length": 1.8862429090467852,
      "direction": [
        0.991061877596035,
        -0.13340297887911512
      ],
      "rmse": 0.001996124211693375
    },
    {
      "id": 2,
      "p1": [
        3.1927799136226076,
        1.844927790641715
      ],
      "p2": [
        2.472212992319485,
        -3.1665970203267233
      ],
      "length": 5.063062079318058,
      "direction": [
        -0.14231840534719545,
        -0.9898209290055607
      ],
      "rmse": 0.003907975709812824
    },
    {
      "id": 3,
      "p1": [
        -1.3213120103866607,
        1.4268246332310575
      ],
      "p2": [
        1.3091725119368616,
        1.0814488651335739
      ],
      "length": 2.653061108111258,
      "direction": [
        0.9914903634441958,
        -0.13018010291629314
      ],
      "rmse": 0.04022689637271539
    }
  ],
  "metadata": {
    "input_file": "/home/qzl/test_road/test_online_road/extracted_lidar_data_code/extracted_lidar_data/laserscan_json2/laserscan_000125.json",
    "num_walls": 4,
    "x_limit": 10.0,
    "y_limit": 5.0,
    "params": {
      "rdp_epsilon": 0.05,
      "wall_rmse_thresh": 0.07,
      "min_wall_length": 0.8,
      "gap_thresh": 2
    }
  }
}