{
  "walls": [
    {
      "id": 0,
      "p1": [
        -2.058110461310929,
        -0.8917316734881403
      ],
      "p2": [
        5.475147646795963,
        -0.7767297371354837
      ],
      "length": 7.534135860782118,
      "direction": [
        0.9998834965682889,
        0.015264117674220354
      ],
      "rmse": 0.006334071638327965
    },
    {
      "id": 1,
      "p1": [
        -0.03936841366546834,
        -0.8526145660219542
      ],
      "p2": [
        -0.5543606551154165,
        -2.0575092777640003
      ],
      "length": 1.3103389924510336,
      "direction": [
        -0.3930221449688548,
        -0.9195290063734153
      ],
      "rmse": 0.012686937363295504
    },
    {
      "id": 2,
      "p1": [
        -3.951924867295554,
        0.7957289304474021
      ],
      "p2": [
        3.931895006793256,
        0.9484799302172273
      ],
      "length": 7.885299529821831,
      "direction": [
        0.9998123526271504,
        0.019371616663637875
      ],
      "rmse": 0.002818387441363102
    }
  ],
  "metadata": {
    "input_file": "/home/qzl/test_road/test_online_road/extracted_lidar_data_code/extracted_lidar_data/laserscan_json2/laserscan_000212.json",
    "num_walls": 3,
    "x_limit": 10.0,
    "y_limit": 5.0,
    "params": {
      "rdp_epsilon": 0.05,
      "wall_rmse_thresh": 0.07,
      "min_wall_length": 0.8,
      "gap_thresh": 2
    }
  }
}