{
  "walls": [
    {
      "id": 0,
      "p1": [
        -4.352558196928808,
        -0.5443947478493049
      ],
      "p2": [
        4.603718147961354,
        -0.6524444161017772
      ],
      "length": 8.95692808371534,
      "direction": [
        0.9999272363439738,
        -0.012063250619239662
      ],
      "rmse": 0.0058512023275789915
    },
    {
      "id": 1,
      "p1": [
        -1.9382095779285846,
        1.146238384755966
      ],
      "p2": [
        2.7601034589093967,
        1.110917760341638
      ],
      "length": 4.698445800329163,
      "direction": [
        0.9999717431036724,
        -0.007517512367987344
      ],
      "rmse": 0.0026391042557540947
    }
  ],
  "metadata": {
    "input_file": "/home/qzl/test_road/test_online_road/extracted_lidar_data_code/extracted_lidar_data/laserscan_json2/laserscan_000514.json",
    "num_walls": 2,
    "x_limit": 10.0,
    "y_limit": 5.0,
    "params": {
      "rdp_epsilon": 0.05,
      "wall_rmse_thresh": 0.07,
      "min_wall_length": 0.8,
      "gap_thresh": 2
    }
  }
}