{
  "walls": [
    {
      "id": 0,
      "p1": [
        -3.976257898107497,
        -0.8267085959847509
      ],
      "p2": [
        -4.002362558814995,
        -1.7723816825954857
      ],
      "length": 0.946033318678855,
      "direction": [
        -0.027593806890361033,
        -0.9996192184123399
      ],
      "rmse": 0.004360260500543239
    },
    {
      "id": 1,
      "p1": [
        -2.2061816628397297,
        -0.9909471221690149
      ],
      "p2": [
        5.010311252340785,
        -1.1675664434161082
      ],
      "length": 7.218653917420363,
      "direction": [
        0.9997006363967874,
        -0.024467071460607275
      ],
      "rmse": 0.0032272898189283496
    },
    {
      "id": 2,
      "p1": [
        -0.38545444718741506,
        1.2731629258827457
      ],
      "p2": [
        3.7238313598356654,
        1.2876281757343326
      ],
      "length": 4.109311266776295,
      "direction": [
        0.9999938043736114,
        0.0035201153946462253
      ],
      "rmse": 0.024383208879285932
    }
  ],
  "metadata": {
    "input_file": "/home/qzl/test_road/test_online_road/extracted_lidar_data_code/extracted_lidar_data/laserscan_json2/laserscan_000603.json",
    "num_walls": 3,
    "x_limit": 10.0,
    "y_limit": 5.0,
    "params": {
      "rdp_epsilon": 0.05,
      "wall_rmse_thresh": 0.07,
      "min_wall_length": 0.8,
      "gap_thresh": 2
    }
  }
}