{
  "walls": [
    {
      "id": 0,
      "p1": [
        -4.303969607604456,
        -0.9525846214115004
      ],
      "p2": [
        6.2272036858232465,
        -1.8030257079079877
      ],
      "length": 10.565456023182634,
      "direction": [
        0.9967552058623649,
        -0.08049260577391132
      ],
      "rmse": 0.020892062375573235
    },
    {
      "id": 1,
      "p1": [
        7.599606107198018,
        2.0723415081743863
      ],
      "p2": [
        7.333195033465422,
        -1.8555360540656616
      ],
      "length": 3.9369019551109186,
      "direction": [
        -0.06767023328748949,
        -0.9977077425402775
      ],
      "rmse": 0.005920888095884272
    },
    {
      "id": 2,
      "p1": [
        8.5636953090646,
        4.99412565799317
      ],
      "p2": [
        9.695185393486048,
        4.892166590099344
      ],
      "length": 1.1360745849942384,
      "direction": [
        0.9959646130329143,
        -0.08974680821175209
      ],
      "rmse": 0.006571647722339466
    },
    {
      "id": 3,
      "p1": [
        -3.892989651964591,
        1.2557457810624548
      ],
      "p2": [
        0.5422360288440403,
        1.139835458828227
      ],
      "length": 4.436740024218776,
      "direction": [
        0.9996586810571919,
        -0.026125110238912747
      ],
      "rmse": 0.03924522631507603
    }
  ],
  "metadata": {
    "input_file": "/home/qzl/test_road/test_online_road/extracted_lidar_data_code/extracted_lidar_data/laserscan_json2/laserscan_000639.json",
    "num_walls": 4,
    "x_limit": 10.0,
    "y_limit": 5.0,
    "params": {
      "rdp_epsilon": 0.05,
      "wall_rmse_thresh": 0.07,
      "min_wall_length": 0.8,
      "gap_thresh": 2
    }
  }
}