{
  "walls": [
    {
      "id": 0,
      "p1": [
        -0.1605105490063773,
        -1.08835094145487
      ],
      "p2": [
        2.802031684524626,
        -1.0515933839956435
      ],
      "length": 2.9627702583030686,
      "direction": [
        0.9999230366328983,
        0.012406482533088023
      ],
      "rmse": 0.0030747145563891085
    },
    {
      "id": 1,
      "p1": [
        4.5290695590892085,
        2.0405039563654004
      ],
      "p2": [
        4.539599648340885,
        0.33745011092754207
      ],
      "length": 1.7030863992294476,
      "direction": [
        0.006182944832646297,
        -0.9999808854129144
      ],
      "rmse": 0.0024541286424539003
    },
    {
      "id": 2,
      "p1": [
        -0.5370130676543338,
        1.3299035537188684
      ],
      "p2": [
        2.765763939848592,
        1.2450155613854208
      ],
      "length": 3.3038677232196183,
      "direction": [
        0.9996698670130375,
        -0.025693520275272812
      ],
      "rmse": 0.05516124070906542
    }
  ],
  "metadata": {
    "input_file": "/home/qzl/test_road/test_online_road/extracted_lidar_data_code/extracted_lidar_data/laserscan_json2/laserscan_000103.json",
    "num_walls": 3,
    "x_limit": 10.0,
    "y_limit": 5.0,
    "params": {
      "rdp_epsilon": 0.05,
      "wall_rmse_thresh": 0.07,
      "min_wall_length": 0.8,
      "gap_thresh": 2
    }
  }
}