{
  "walls": [
    {
      "id": 0,
      "p1": [
        -2.0309581967136845,
        -0.8898624608915894
      ],
      "p2": [
        5.481218757011299,
        -0.7772307561252313
      ],
      "length": 7.513021262115219,
      "direction": [
        0.999887620656419,
        0.014991532811732667
      ],
      "rmse": 0.006903383242036919
    },
    {
      "id": 1,
      "p1": [
        -3.971472294189057,
        0.7963562986181199
      ],
      "p2": [
        3.8526564513506885,
        0.9469990115877105
      ],
      "length": 7.825578819087582,
      "direction": [
        0.999814700792212,
        0.019250040981250265
      ],
      "rmse": 0.002995102576313972
    }
  ],
  "metadata": {
    "input_file": "/home/qzl/test_road/test_online_road/extracted_lidar_data_code/extracted_lidar_data/laserscan_json2/laserscan_000213.json",
    "num_walls": 2,
    "x_limit": 10.0,
    "y_limit": 5.0,
    "params": {
      "rdp_epsilon": 0.05,
      "wall_rmse_thresh": 0.07,
      "min_wall_length": 0.8,
      "gap_thresh": 2
    }
  }
}