{
  "walls": [
    {
      "id": 0,
      "p1": [
        -3.9245507979039593,
        -0.9277905631238942
      ],
      "p2": [
        5.808770899435845,
        -1.6810520781291878
      ],
      "length": 9.76242562962166,
      "direction": [
        0.99701878063959,
        -0.07715925770732172
      ],
      "rmse": 0.016894738559994408
    },
    {
      "id": 1,
      "p1": [
        8.383459421813617,
        2.129240929173581
      ],
      "p2": [
        8.13467714810125,
        -1.7656437660648727
      ],
      "length": 3.9028219801723263,
      "direction": [
        -0.06374420226595442,
        -0.9979662703095116
      ],
      "rmse": 0.003665209684554878
    },
    {
      "id": 2,
      "p1": [
        -3.105107759406216,
        1.2626633937734055
      ],
      "p2": [
        1.3242788152582916,
        1.1216965209685703
      ],
      "length": 4.431629168493969,
      "direction": [
        0.9994939572449258,
        -0.031809266399562074
      ],
      "rmse": 0.03813291414474799
    }
  ],
  "metadata": {
    "input_file": "/home/qzl/test_road/test_online_road/extracted_lidar_data_code/extracted_lidar_data/laserscan_json2/laserscan_000630.json",
    "num_walls": 3,
    "x_limit": 10.0,
    "y_limit": 5.0,
    "params": {
      "rdp_epsilon": 0.05,
      "wall_rmse_thresh": 0.07,
      "min_wall_length": 0.8,
      "gap_thresh": 2
    }
  }
}