{
  "walls": [
    {
      "id": 0,
      "p1": [
        -2.2459232436593024,
        -0.9319837529703038
      ],
      "p2": [
        5.500108671515242,
        -0.9742911191581702
      ],
      "length": 7.7461474517424715,
      "direction": [
        0.9999850846402819,
        -0.005461730034367894
      ],
      "rmse": 0.007422065256955334
    },
    {
      "id": 1,
      "p1": [
        -1.1436420088190844,
        0.7946305843401593
      ],
      "p2": [
        5.430352039594546,
        0.7762178004749152
      ],
      "length": 6.574019834103599,
      "direction": [
        0.9999960776363332,
        -0.002800840935968431
      ],
      "rmse": 0.0037608960660450138
    }
  ],
  "metadata": {
    "input_file": "/home/qzl/test_road/test_online_road/extracted_lidar_data_code/extracted_lidar_data/laserscan_json2/laserscan_000374.json",
    "num_walls": 2,
    "x_limit": 10.0,
    "y_limit": 5.0,
    "params": {
      "rdp_epsilon": 0.05,
      "wall_rmse_thresh": 0.07,
      "min_wall_length": 0.8,
      "gap_thresh": 2
    }
  }
}