{
  "walls": [
    {
      "id": 0,
      "p1": [
        -2.434367131862135,
        -0.9068287148874413
      ],
      "p2": [
        4.73379754948916,
        -1.3432783894267433
      ],
      "length": 7.181439494793336,
      "direction": [
        0.998151510785709,
        -0.06077467823203118
      ],
      "rmse": 0.002585984023863515
    },
    {
      "id": 1,
      "p1": [
        -0.6678710100183264,
        1.2978736100752526
      ],
      "p2": [
        3.5735157913767703,
        1.1426238291410389
      ],
      "length": 4.244227196266554,
      "direction": [
        0.9993307627644918,
        -0.0365790457849722
      ],
      "rmse": 0.025403189912635165
    }
  ],
  "metadata": {
    "input_file": "/home/qzl/test_road/test_online_road/extracted_lidar_data_code/extracted_lidar_data/laserscan_json2/laserscan_000605.json",
    "num_walls": 2,
    "x_limit": 10.0,
    "y_limit": 5.0,
    "params": {
      "rdp_epsilon": 0.05,
      "wall_rmse_thresh": 0.07,
      "min_wall_length": 0.8,
      "gap_thresh": 2
    }
  }
}