{
  "walls": [
    {
      "id": 0,
      "p1": [
        -0.943252429274373,
        -1.0107670894353376
      ],
      "p2": [
        0.4289953656368457,
        -1.2705408509873162
      ],
      "length": 1.3966196396405024,
      "direction": [
        0.9825494042623307,
        -0.18600179617879797
      ],
      "rmse": 0.00220591854341369
    },
    {
      "id": 1,
      "p1": [
        2.8065225201396196,
        1.718750030925923
      ],
      "p2": [
        1.571022280749941,
        -4.574874463741968
      ],
      "length": 6.413748523399995,
      "direction": [
        -0.19263309667986353,
        -0.9812708545868091
      ],
      "rmse": 0.00442951449101738
    },
    {
      "id": 2,
      "p1": [
        -0.782403860917998,
        1.41150463853488
      ],
      "p2": [
        0.8841175642323418,
        0.9792542937961246
      ],
      "length": 1.7216660596677547,
      "direction": [
        0.967970191310083,
        -0.2510651483840823
      ],
      "rmse": 0.020151641198566314
    }
  ],
  "metadata": {
    "input_file": "/home/qzl/test_road/test_online_road/extracted_lidar_data_code/extracted_lidar_data/laserscan_json2/laserscan_000131.json",
    "num_walls": 3,
    "x_limit": 10.0,
    "y_limit": 5.0,
    "params": {
      "rdp_epsilon": 0.05,
      "wall_rmse_thresh": 0.07,
      "min_wall_length": 0.8,
      "gap_thresh": 2
    }
  }
}