{
  "walls": [
    {
      "id": 0,
      "p1": [
        7.753610621944673,
        -1.368087029091563
      ],
      "p2": [
        7.792730335219197,
        -2.530921503892265
      ],
      "length": 1.1634923152955094,
      "direction": [
        0.03362266579693655,
        -0.9994345983318306
      ],
      "rmse": 0.003256796137243049
    },
    {
      "id": 1,
      "p1": [
        -5.029770599772121,
        1.7081114583000316
      ],
      "p2": [
        -3.354545078411841,
        1.7732867316893834
      ],
      "length": 1.6764928761191318,
      "direction": [
        0.9992440440525696,
        0.03887596202625036
      ],
      "rmse": 0.005538024298336917
    },
    {
      "id": 2,
      "p1": [
        0.20282783087958833,
        1.9335767255048153
      ],
      "p2": [
        7.806108798089429,
        2.237248802996987
      ],
      "length": 7.609342822937065,
      "direction": [
        0.9992033667195863,
        0.03990779290118198
      ],
      "rmse": 0.0038266747619429943
    }
  ],
  "metadata": {
    "input_file": "/home/qzl/test_road/test_online_road/extracted_lidar_data_code/extracted_lidar_data/laserscan_json2/laserscan_000873.json",
    "num_walls": 3,
    "x_limit": 10.0,
    "y_limit": 5.0,
    "params": {
      "rdp_epsilon": 0.05,
      "wall_rmse_thresh": 0.07,
      "min_wall_length": 0.8,
      "gap_thresh": 2
    }
  }
}