{
  "walls": [
    {
      "id": 0,
      "p1": [
        -1.0554120553477921,
        -0.8978854348885213
      ],
      "p2": [
        5.317978817074407,
        -0.7591855631982509
      ],
      "length": 6.374899910357927,
      "direction": [
        0.9997632844494312,
        0.021757184213162695
      ],
      "rmse": 0.005456648568167002
    },
    {
      "id": 1,
      "p1": [
        1.264228530535808,
        -1.0796496590601559
      ],
      "p2": [
        0.9351850112697233,
        -1.8386292790483703
      ],
      "length": 0.8272361821925251,
      "direction": [
        -0.3977624847037656,
        -0.9174884226846062
      ],
      "rmse": 0.006998500621474509
    },
    {
      "id": 2,
      "p1": [
        -1.1956545005062158,
        0.8144278136994468
      ],
      "p2": [
        5.294345745628937,
        0.9977620802006197
      ],
      "length": 6.492589209869039,
      "direction": [
        0.9996012432549344,
        0.028237465913030946
      ],
      "rmse": 0.004642035749566427
    }
  ],
  "metadata": {
    "input_file": "/home/qzl/test_road/test_online_road/extracted_lidar_data_code/extracted_lidar_data/laserscan_json2/laserscan_000194.json",
    "num_walls": 3,
    "x_limit": 10.0,
    "y_limit": 5.0,
    "params": {
      "rdp_epsilon": 0.05,
      "wall_rmse_thresh": 0.07,
      "min_wall_length": 0.8,
      "gap_thresh": 2
    }
  }
}