{
  "walls": [
    {
      "id": 0,
      "p1": [
        -1.9022052006946346,
        -0.9291435330444843
      ],
      "p2": [
        5.375962942442634,
        -0.5771844350933406
      ],
      "length": 7.286673227640222,
      "direction": [
        0.9988327890870734,
        0.04830175403169179
      ],
      "rmse": 0.008975982571507437
    },
    {
      "id": 1,
      "p1": [
        -4.146360916815821,
        0.6918598852448878
      ],
      "p2": [
        5.522174012146697,
        1.1798298926145523
      ],
      "length": 9.680840996559164,
      "direction": [
        0.9987288224638038,
        0.050405745486638454
      ],
      "rmse": 0.0046850134351182505
    }
  ],
  "metadata": {
    "input_file": "/home/qzl/test_road/test_online_road/extracted_lidar_data_code/extracted_lidar_data/laserscan_json2/laserscan_000407.json",
    "num_walls": 2,
    "x_limit": 10.0,
    "y_limit": 5.0,
    "params": {
      "rdp_epsilon": 0.05,
      "wall_rmse_thresh": 0.07,
      "min_wall_length": 0.8,
      "gap_thresh": 2
    }
  }
}