{
  "walls": [
    {
      "id": 0,
      "p1": [
        -4.268955242024504,
        -0.559258733250676
      ],
      "p2": [
        -3.1462841994462223,
        -0.22127049113981165
      ],
      "length": 1.1724445921445488,
      "direction": [
        0.9575472053000406,
        0.2882765159011082
      ],
      "rmse": 0.0020713177024734523
    },
    {
      "id": 1,
      "p1": [
        0.01475519903178324,
        0.6977602643629871
      ],
      "p2": [
        4.2321647831100275,
        2.1476572764487996
      ],
      "length": 4.459679915143059,
      "direction": [
        0.945675399203788,
        0.3251123487946225
      ],
      "rmse": 0.004918822977423736
    },
    {
      "id": 2,
      "p1": [
        -0.77800194283008,
        -1.359996542478798
      ],
      "p2": [
        6.128995464234023,
        0.8918021511419888
      ],
      "length": 7.264792532328954,
      "direction": [
        0.9507494365903034,
        0.30996049558164757
      ],
      "rmse": 0.013843099679906896
    },
    {
      "id": 3,
      "p1": [
        -0.2651925954033817,
        1.4813796824830003
      ],
      "p2": [
        -0.0377022553085323,
        0.692619780229764
      ],
      "length": 0.8209104934394523,
      "direction": [
        0.27711954215797935,
        -0.9608354486342352
      ],
      "rmse": 0.0012747681943718506
    }
  ],
  "metadata": {
    "input_file": "/home/qzl/test_road/test_online_road/extracted_lidar_data_code/extracted_lidar_data/laserscan_json2/laserscan_000152.json",
    "num_walls": 4,
    "x_limit": 10.0,
    "y_limit": 5.0,
    "params": {
      "rdp_epsilon": 0.05,
      "wall_rmse_thresh": 0.07,
      "min_wall_length": 0.8,
      "gap_thresh": 2
    }
  }
}