{
  "walls": [
    {
      "id": 0,
      "p1": [
        -1.1402245874510093,
        -1.721778099784507
      ],
      "p2": [
        -1.3628507807536188,
        -4.929235192222617
      ],
      "length": 3.2151739333628506,
      "direction": [
        -0.06924234828861507,
        -0.9975998682846136
      ],
      "rmse": 0.0026624995200427077
    },
    {
      "id": 1,
      "p1": [
        -0.1516224927406633,
        -1.1581041554291531
      ],
      "p2": [
        6.098833765929463,
        -1.631878500246642
      ],
      "length": 6.268386201515969,
      "direction": [
        0.997139623776251,
        -0.07558154995338925
      ],
      "rmse": 0.014075680584143003
    },
    {
      "id": 2,
      "p1": [
        9.045222195277146,
        2.1718010400411725
      ],
      "p2": [
        8.80823430058997,
        -1.7501436857261337
      ],
      "length": 3.92909833094086,
      "direction": [
        -0.060316101742913124,
        -0.9981793265082874
      ],
      "rmse": 0.0036727977368725445
    },
    {
      "id": 3,
      "p1": [
        -2.534107668658101,
        1.2777309223811637
      ],
      "p2": [
        1.9968550146177577,
        1.1310627903429824
      ],
      "length": 4.533335899554978,
      "direction": [
        0.9994764967043623,
        -0.03235324610568404
      ],
      "rmse": 0.036544920726756254
    }
  ],
  "metadata": {
    "input_file": "/home/qzl/test_road/test_online_road/extracted_lidar_data_code/extracted_lidar_data/laserscan_json2/laserscan_000622.json",
    "num_walls": 4,
    "x_limit": 10.0,
    "y_limit": 5.0,
    "params": {
      "rdp_epsilon": 0.05,
      "wall_rmse_thresh": 0.07,
      "min_wall_length": 0.8,
      "gap_thresh": 2
    }
  }
}