{
  "walls": [
    {
      "id": 0,
      "p1": [
        -1.6599400588594664,
        -1.197521069290551
      ],
      "p2": [
        4.329186261976235,
        -1.0262696038262233
      ],
      "length": 5.991574179741971,
      "direction": [
        0.999591449786179,
        0.028582048778294733
      ],
      "rmse": 0.0041488905118069914
    },
    {
      "id": 1,
      "p1": [
        6.048695939616048,
        1.7625801908771153
      ],
      "p2": [
        6.071880696796359,
        0.3439103512927103
      ],
      "length": 1.4188592765711305,
      "direction": [
        0.01634042047941297,
        -0.9998664864153394
      ],
      "rmse": 0.004561757432228678
    },
    {
      "id": 2,
      "p1": [
        2.7885970331700616,
        1.3413274318266943
      ],
      "p2": [
        4.361279944655418,
        1.2648847002564712
      ],
      "length": 1.574539625188256,
      "direction": [
        0.998820789470922,
        -0.04854925868315762
      ],
      "rmse": 0.02246047928611925
    },
    {
      "id": 3,
      "p1": [
        -1.826228697308455,
        1.107293537387717
      ],
      "p2": [
        2.591816082651394,
        1.314386415415458
      ],
      "length": 4.422895786457135,
      "direction": [
        0.998903205787358,
        0.046822916031992054
      ],
      "rmse": 0.043912450629359515
    }
  ],
  "metadata": {
    "input_file": "/home/qzl/test_road/test_online_road/extracted_lidar_data_code/extracted_lidar_data/laserscan_json2/laserscan_000083.json",
    "num_walls": 4,
    "x_limit": 10.0,
    "y_limit": 5.0,
    "params": {
      "rdp_epsilon": 0.05,
      "wall_rmse_thresh": 0.07,
      "min_wall_length": 0.8,
      "gap_thresh": 2
    }
  }
}