{
  "walls": [
    {
      "id": 0,
      "p1": [
        -1.7519134318164522,
        -0.6941405023055538
      ],
      "p2": [
        4.526339139334316,
        -0.3978748809907816
      ],
      "length": 6.285238950551861,
      "direction": [
        0.9988884464914802,
        0.047136731577796735
      ],
      "rmse": 0.0528096225660338
    },
    {
      "id": 1,
      "p1": [
        -5.960950691440278,
        1.0014248762518692
      ],
      "p2": [
        -2.021124323033237,
        1.1034451584134302
      ],
      "length": 3.9411470349592057,
      "direction": [
        0.9996649029979371,
        0.025885936570370797
      ],
      "rmse": 0.0032759786330313115
    },
    {
      "id": 2,
      "p1": [
        0.6275131358402453,
        1.1487951279921873
      ],
      "p2": [
        4.85790759658364,
        1.2631062823998773
      ],
      "length": 4.231938602285059,
      "direction": [
        0.9996351219403182,
        0.027011534228273713
      ],
      "rmse": 0.002497026364012565
    }
  ],
  "metadata": {
    "input_file": "/home/qzl/test_road/test_online_road/extracted_lidar_data_code/extracted_lidar_data/laserscan_json2/laserscan_000498.json",
    "num_walls": 3,
    "x_limit": 10.0,
    "y_limit": 5.0,
    "params": {
      "rdp_epsilon": 0.05,
      "wall_rmse_thresh": 0.07,
      "min_wall_length": 0.8,
      "gap_thresh": 2
    }
  }
}