{
  "walls": [
    {
      "id": 0,
      "p1": [
        -4.617143162971513,
        -0.8987976955544671
      ],
      "p2": [
        1.4753964896327356,
        -1.1382894893895295
      ],
      "length": 6.097244930119622,
      "direction": [
        0.999228294487856,
        -0.039278690060778686
      ],
      "rmse": 0.0031175430279288333
    },
    {
      "id": 1,
      "p1": [
        3.339236166981641,
        2.1483974309657716
      ],
      "p2": [
        3.1712951550542146,
        -2.427821740733878
      ],
      "length": 4.579299738051511,
      "direction": [
        -0.036673950502029706,
        -0.9993272844031502
      ],
      "rmse": 0.003072353858907217
    },
    {
      "id": 2,
      "p1": [
        -1.084868203262873,
        1.3020021900809797
      ],
      "p2": [
        1.5555473923498429,
        1.2253669023528062
      ],
      "length": 2.6415274908431354,
      "direction": [
        0.9995790711105924,
        -0.029011732035253604
      ],
      "rmse": 0.03616969699322248
    }
  ],
  "metadata": {
    "input_file": "/home/qzl/test_road/test_online_road/extracted_lidar_data_code/extracted_lidar_data/laserscan_json2/laserscan_000120.json",
    "num_walls": 3,
    "x_limit": 10.0,
    "y_limit": 5.0,
    "params": {
      "rdp_epsilon": 0.05,
      "wall_rmse_thresh": 0.07,
      "min_wall_length": 0.8,
      "gap_thresh": 2
    }
  }
}