{
  "walls": [
    {
      "id": 0,
      "p1": [
        -1.3347449293485494,
        -0.8985639378262136
      ],
      "p2": [
        5.342700657613157,
        -0.7616969940506938
      ],
      "length": 6.678848113794236,
      "direction": [
        0.9997900046811501,
        0.020492597143016808
      ],
      "rmse": 0.005650420878297108
    },
    {
      "id": 1,
      "p1": [
        -1.117870853441638,
        0.8240439260276996
      ],
      "p2": [
        5.066117595454325,
        0.9877178348870836
      ],
      "length": 6.186154078627529,
      "direction": [
        0.9996499230846461,
        0.026458104143363557
      ],
      "rmse": 0.004542202440826647
    }
  ],
  "metadata": {
    "input_file": "/home/qzl/test_road/test_online_road/extracted_lidar_data_code/extracted_lidar_data/laserscan_json2/laserscan_000197.json",
    "num_walls": 2,
    "x_limit": 10.0,
    "y_limit": 5.0,
    "params": {
      "rdp_epsilon": 0.05,
      "wall_rmse_thresh": 0.07,
      "min_wall_length": 0.8,
      "gap_thresh": 2
    }
  }
}