{
  "walls": [
    {
      "id": 0,
      "p1": [
        -6.297408347558251,
        -1.8285539778453326
      ],
      "p2": [
        6.447468585889747,
        -0.6646481310749048
      ],
      "length": 12.797912519972982,
      "direction": [
        0.9958559189668658,
        0.09094497598360836
      ],
      "rmse": 0.026510114189266888
    },
    {
      "id": 1,
      "p1": [
        8.04397943375203,
        2.0425472698066187
      ],
      "p2": [
        8.135280908974428,
        0.8186220024847107
      ],
      "length": 1.2273259629645217,
      "direction": [
        0.07439056776878937,
        -0.9972291829990922
      ],
      "rmse": 0.005475496726873856
    },
    {
      "id": 2,
      "p1": [
        1.7338230044410692,
        1.2582982158166813
      ],
      "p2": [
        4.3870837878871605,
        1.5524358894158583
      ],
      "length": 2.6695148915118083,
      "direction": [
        0.9939112128124653,
        0.1101839418593038
      ],
      "rmse": 0.06155790397987151
    },
    {
      "id": 3,
      "p1": [
        -0.0901004686504642,
        1.5408637555124982
      ],
      "p2": [
        -0.007153331475160774,
        0.654615126158993
      ],
      "length": 0.8901218234581968,
      "direction": [
        0.09318627516957621,
        -0.9956486921188719
      ],
      "rmse": 0.0046502739824569855
    }
  ],
  "metadata": {
    "input_file": "/home/qzl/test_road/test_online_road/extracted_lidar_data_code/extracted_lidar_data/laserscan_json2/laserscan_000054.json",
    "num_walls": 4,
    "x_limit": 10.0,
    "y_limit": 5.0,
    "params": {
      "rdp_epsilon": 0.05,
      "wall_rmse_thresh": 0.07,
      "min_wall_length": 0.8,
      "gap_thresh": 2
    }
  }
}