{
  "walls": [
    {
      "id": 0,
      "p1": [
        -1.6350635501194604,
        -0.7970412933670189
      ],
      "p2": [
        5.201436045284386,
        -0.5130350290561125
      ],
      "length": 6.842396237877839,
      "direction": [
        0.9991382196710291,
        0.04150684269619362
      ],
      "rmse": 0.004033409894426139
    },
    {
      "id": 1,
      "p1": [
        -3.0481023339966886,
        0.8873747852403019
      ],
      "p2": [
        1.0307884171134614,
        1.060489337694681
      ],
      "length": 4.08256272551487,
      "direction": [
        0.9991005712206575,
        0.04240340298320182
      ],
      "rmse": 0.002795734029317382
    },
    {
      "id": 2,
      "p1": [
        4.327284173396517,
        1.1809400346251158
      ],
      "p2": [
        5.502144006738469,
        1.2236866147225764
      ],
      "length": 1.1756372306584657,
      "direction": [
        0.9993387438765836,
        0.03636034907934651
      ],
      "rmse": 0.004487329334943371
    }
  ],
  "metadata": {
    "input_file": "/home/qzl/test_road/test_online_road/extracted_lidar_data_code/extracted_lidar_data/laserscan_json2/laserscan_000438.json",
    "num_walls": 3,
    "x_limit": 10.0,
    "y_limit": 5.0,
    "params": {
      "rdp_epsilon": 0.05,
      "wall_rmse_thresh": 0.07,
      "min_wall_length": 0.8,
      "gap_thresh": 2
    }
  }
}