{
  "walls": [
    {
      "id": 0,
      "p1": [
        -1.55691061668065,
        -1.7149797929760155
      ],
      "p2": [
        -0.3628044535265067,
        -1.669240437679217
      ],
      "length": 1.1949818481908736,
      "direction": [
        0.9992671980421709,
        0.03827619253463931
      ],
      "rmse": 0.0019098269666457024
    },
    {
      "id": 1,
      "p1": [
        6.815758740963181,
        -1.4181247902168326
      ],
      "p2": [
        6.8558669249562785,
        -2.5583976379770874
      ],
      "length": 1.1409780163362069,
      "direction": [
        0.03515245992367869,
        -0.999381961293736
      ],
      "rmse": 0.004198904435321354
    },
    {
      "id": 2,
      "p1": [
        -5.982881670085037,
        1.7233542626640026
      ],
      "p2": [
        -4.312139389627452,
        1.7827187884944788
      ],
      "length": 1.6717966128197799,
      "direction": [
        0.9993693417274682,
        0.03550941865487337
      ],
      "rmse": 0.005809011930101323
    },
    {
      "id": 3,
      "p1": [
        -0.9075919316750207,
        1.9215394323808725
      ],
      "p2": [
        7.013922795657365,
        2.2030884673252515
      ],
      "length": 7.926516601535758,
      "direction": [
        0.9993689694398261,
        0.035519894689875174
      ],
      "rmse": 0.0033748500916400154
    }
  ],
  "metadata": {
    "input_file": "/home/qzl/test_road/test_online_road/extracted_lidar_data_code/extracted_lidar_data/laserscan_json2/laserscan_000883.json",
    "num_walls": 4,
    "x_limit": 10.0,
    "y_limit": 5.0,
    "params": {
      "rdp_epsilon": 0.05,
      "wall_rmse_thresh": 0.07,
      "min_wall_length": 0.8,
      "gap_thresh": 2
    }
  }
}