{
  "walls": [
    {
      "id": 0,
      "p1": [
        -0.9612649274348828,
        -1.013400390477335
      ],
      "p2": [
        0.5387727189960728,
        -1.2644086610324523
      ],
      "length": 1.5208938465906132,
      "direction": [
        0.986286879779341,
        -0.16503996719925682
      ],
      "rmse": 0.002105416695287204
    },
    {
      "id": 1,
      "p1": [
        2.852617039432546,
        1.799652847537081
      ],
      "p2": [
        1.8127726406039484,
        -4.172339507378551
      ],
      "length": 6.06184535112419,
      "direction": [
        -0.17153924895736822,
        -0.985177286616547
      ],
      "rmse": 0.00311522105509442
    },
    {
      "id": 2,
      "p1": [
        -0.7397954028725746,
        1.3911889899736651
      ],
      "p2": [
        0.9470061746348715,
        0.996948659585674
      ],
      "length": 1.7322600843943847,
      "direction": [
        0.973757689565122,
        -0.22758726240893973
      ],
      "rmse": 0.01997035635039826
    }
  ],
  "metadata": {
    "input_file": "/home/qzl/test_road/test_online_road/extracted_lidar_data_code/extracted_lidar_data/laserscan_json2/laserscan_000130.json",
    "num_walls": 3,
    "x_limit": 10.0,
    "y_limit": 5.0,
    "params": {
      "rdp_epsilon": 0.05,
      "wall_rmse_thresh": 0.07,
      "min_wall_length": 0.8,
      "gap_thresh": 2
    }
  }
}