{
  "walls": [
    {
      "id": 0,
      "p1": [
        -6.166089267662418,
        4.957823867623583
      ],
      "p2": [
        -3.851983246159933,
        -4.6440199471116035
      ],
      "length": 9.876765225584863,
      "direction": [
        0.23429796787167617,
        -0.9721648328597384
      ],
      "rmse": 0.006585992633908302
    },
    {
      "id": 1,
      "p1": [
        5.432412255974055,
        3.0793726043688467
      ],
      "p2": [
        7.053482786967466,
        3.402801259016718
      ],
      "length": 1.6530201937975812,
      "direction": [
        0.9806719464615911,
        0.1956592277947408
      ],
      "rmse": 0.011040767257847008
    },
    {
      "id": 2,
      "p1": [
        2.0706637720301604,
        1.730672029276337
      ],
      "p2": [
        2.9517336516411445,
        1.9167684144269916
      ],
      "length": 0.9005087436132172,
      "direction": [
        0.978413464454418,
        0.2066569441666631
      ],
      "rmse": 0.0020894885847513762
    }
  ],
  "metadata": {
    "input_file": "/home/qzl/test_road/test_online_road/extracted_lidar_data_code/extracted_lidar_data/laserscan_json2/laserscan_000760.json",
    "num_walls": 3,
    "x_limit": 10.0,
    "y_limit": 5.0,
    "params": {
      "rdp_epsilon": 0.05,
      "wall_rmse_thresh": 0.07,
      "min_wall_length": 0.8,
      "gap_thresh": 2
    }
  }
}