{
  "walls": [
    {
      "id": 0,
      "p1": [
        -4.133352881888292,
        -1.1384402686739319
      ],
      "p2": [
        1.9794142506827788,
        -1.0606416466132842
      ],
      "length": 6.113262193185867,
      "direction": [
        0.999919018585288,
        0.012726204046554388
      ],
      "rmse": 0.0024850199234740583
    },
    {
      "id": 1,
      "p1": [
        3.716619843754738,
        2.3231676010465856
      ],
      "p2": [
        3.7360298462884174,
        -1.992660519528361
      ],
      "length": 4.315871767620516,
      "direction": [
        0.004497353855432362,
        -0.9999898868520115
      ],
      "rmse": 0.00391509631357042
    },
    {
      "id": 2,
      "p1": [
        -1.4542564101439825,
        1.379329847179555
      ],
      "p2": [
        1.9783991432644763,
        1.2519287255910814
      ],
      "length": 3.435018951058048,
      "direction": [
        0.999311969544653,
        -0.0370889137450332
      ],
      "rmse": 0.019503510083960215
    },
    {
      "id": 3,
      "p1": [
        -0.6950647060390412,
        1.2254756971313714
      ],
      "p2": [
        0.10518252262143252,
        1.2185776251729872
      ],
      "length": 0.8002769585434231,
      "direction": [
        0.9999628505064001,
        -0.008619605856118316
      ],
      "rmse": 0.007407220136070933
    }
  ],
  "metadata": {
    "input_file": "/home/qzl/test_road/test_online_road/extracted_lidar_data_code/extracted_lidar_data/laserscan_json2/laserscan_000114.json",
    "num_walls": 4,
    "x_limit": 10.0,
    "y_limit": 5.0,
    "params": {
      "rdp_epsilon": 0.05,
      "wall_rmse_thresh": 0.07,
      "min_wall_length": 0.8,
      "gap_thresh": 2
    }
  }
}