{
  "walls": [
    {
      "id": 0,
      "p1": [
        -4.2025476795350585,
        -0.7291600351493763
      ],
      "p2": [
        1.2743193558748624,
        -1.1953209221561567
      ],
      "length": 5.496669764151272,
      "direction": [
        0.9963973224522273,
        -0.08480787586086554
      ],
      "rmse": 0.002627687734739288
    },
    {
      "id": 1,
      "p1": [
        3.310454573380782,
        2.030395986779373
      ],
      "p2": [
        2.901508807515884,
        -2.701328436118418
      ],
      "length": 4.749363394568399,
      "direction": [
        -0.08610538547801562,
        -0.9962860345250667
      ],
      "rmse": 0.003428391049595882
    },
    {
      "id": 2,
      "p1": [
        -1.1362607255921715,
        1.3607926360031628
      ],
      "p2": [
        1.4809283255437824,
        1.1535550654490385
      ],
      "length": 2.6253811037704775,
      "direction": [
        0.9968796710598034,
        -0.07893618578129089
      ],
      "rmse": 0.03771403786873109
    }
  ],
  "metadata": {
    "input_file": "/home/qzl/test_road/test_online_road/extracted_lidar_data_code/extracted_lidar_data/laserscan_json2/laserscan_000122.json",
    "num_walls": 3,
    "x_limit": 10.0,
    "y_limit": 5.0,
    "params": {
      "rdp_epsilon": 0.05,
      "wall_rmse_thresh": 0.07,
      "min_wall_length": 0.8,
      "gap_thresh": 2
    }
  }
}