{
  "walls": [
    {
      "id": 0,
      "p1": [
        -3.9321735326039935,
        -0.9322998675178831
      ],
      "p2": [
        6.235838274102197,
        -1.7236430596899843
      ],
      "length": 10.198759147519546,
      "direction": [
        0.9969851880627064,
        -0.07759210514974986
      ],
      "rmse": 0.018635109652468264
    },
    {
      "id": 1,
      "p1": [
        8.307026701239485,
        2.1457593270108855
      ],
      "p2": [
        8.068640488920458,
        -1.7144640608083799
      ],
      "length": 3.86757709555875,
      "direction": [
        -0.061637093826141034,
        -0.9980986267211609
      ],
      "rmse": 0.004205574547824892
    },
    {
      "id": 2,
      "p1": [
        -4.028482723636252,
        1.3348418835622553
      ],
      "p2": [
        1.2555778435468534,
        1.1034291336071802
      ],
      "length": 5.289125441743768,
      "direction": [
        0.9990423984793455,
        -0.04375255465269309
      ],
      "rmse": 0.047992808270444075
    }
  ],
  "metadata": {
    "input_file": "/home/qzl/test_road/test_online_road/extracted_lidar_data_code/extracted_lidar_data/laserscan_json2/laserscan_000631.json",
    "num_walls": 3,
    "x_limit": 10.0,
    "y_limit": 5.0,
    "params": {
      "rdp_epsilon": 0.05,
      "wall_rmse_thresh": 0.07,
      "min_wall_length": 0.8,
      "gap_thresh": 2
    }
  }
}