{
  "walls": [
    {
      "id": 0,
      "p1": [
        -1.4971235735696096,
        -0.7414828935187371
      ],
      "p2": [
        4.267445178444458,
        -0.5348025209417673
      ],
      "length": 5.7682726767296275,
      "direction": [
        0.999357879745133,
        0.035830548269771174
      ],
      "rmse": 0.0035484019608558208
    },
    {
      "id": 1,
      "p1": [
        -2.667139162331786,
        0.9562647515377523
      ],
      "p2": [
        1.7962633059315205,
        1.1238007870477242
      ],
      "length": 4.466545635823436,
      "direction": [
        0.9992962867009836,
        0.037509084014747354
      ],
      "rmse": 0.002696688680295685
    }
  ],
  "metadata": {
    "input_file": "/home/qzl/test_road/test_online_road/extracted_lidar_data_code/extracted_lidar_data/laserscan_json2/laserscan_000452.json",
    "num_walls": 2,
    "x_limit": 10.0,
    "y_limit": 5.0,
    "params": {
      "rdp_epsilon": 0.05,
      "wall_rmse_thresh": 0.07,
      "min_wall_length": 0.8,
      "gap_thresh": 2
    }
  }
}