{
  "walls": [
    {
      "id": 0,
      "p1": [
        -1.9057331164314748,
        -0.9078816268262699
      ],
      "p2": [
        5.352522737861756,
        -0.7604087052929789
      ],
      "length": 7.259753873856022,
      "direction": [
        0.9997936542207796,
        0.020313763261895986
      ],
      "rmse": 0.00540570990324488
    },
    {
      "id": 1,
      "p1": [
        0.5831565521022466,
        -1.0911605328465557
      ],
      "p2": [
        0.2563118417507656,
        -1.8448411627551855
      ],
      "length": 0.8214998214145957,
      "direction": [
        -0.3978633979351795,
        -0.9174446667682323
      ],
      "rmse": 0.009060432294287364
    },
    {
      "id": 2,
      "p1": [
        -3.9196859682038063,
        0.7651431798562699
      ],
      "p2": [
        -3.0239400841091344,
        0.7932215113294956
      ],
      "length": 0.8961858521371924,
      "direction": [
        0.999509066068866,
        0.031330924725309385
      ],
      "rmse": 0.0025173631651574063
    },
    {
      "id": 3,
      "p1": [
        -0.8949192266721439,
        0.8387662957383182
      ],
      "p2": [
        4.682427775734276,
        0.9771871553087581
      ],
      "length": 5.579064430495143,
      "direction": [
        0.9996921655744083,
        0.024810765549451927
      ],
      "rmse": 0.004157791245148048
    }
  ],
  "metadata": {
    "input_file": "/home/qzl/test_road/test_online_road/extracted_lidar_data_code/extracted_lidar_data/laserscan_json2/laserscan_000203.json",
    "num_walls": 4,
    "x_limit": 10.0,
    "y_limit": 5.0,
    "params": {
      "rdp_epsilon": 0.05,
      "wall_rmse_thresh": 0.07,
      "min_wall_length": 0.8,
      "gap_thresh": 2
    }
  }
}