{
  "walls": [
    {
      "id": 0,
      "p1": [
        -1.7772909240378478,
        -0.8634249910962971
      ],
      "p2": [
        5.605033913229455,
        -0.8048620419483457
      ],
      "length": 7.382557119450321,
      "direction": [
        0.9999685363503943,
        0.007932610367971415
      ],
      "rmse": 0.00365618698179692
    },
    {
      "id": 1,
      "p1": [
        -0.412634702278153,
        -1.0424938077186325
      ],
      "p2": [
        0.39044597067559045,
        -1.0507660139281667
      ],
      "length": 0.8031232761335028,
      "direction": [
        0.9999469531243478,
        -0.010300045404425265
      ],
      "rmse": 0.008593664389365256
    },
    {
      "id": 2,
      "p1": [
        -3.375546301548089,
        0.8226320507192598
      ],
      "p2": [
        5.310224545935525,
        0.9938019297935384
      ],
      "length": 8.687457300182746,
      "direction": [
        0.9998058749931601,
        0.019703104505677024
      ],
      "rmse": 0.024868528839970244
    }
  ],
  "metadata": {
    "input_file": "/home/qzl/test_road/test_online_road/extracted_lidar_data_code/extracted_lidar_data/laserscan_json2/laserscan_000234.json",
    "num_walls": 3,
    "x_limit": 10.0,
    "y_limit": 5.0,
    "params": {
      "rdp_epsilon": 0.05,
      "wall_rmse_thresh": 0.07,
      "min_wall_length": 0.8,
      "gap_thresh": 2
    }
  }
}