{
  "walls": [
    {
      "id": 0,
      "p1": [
        -1.460263045444797,
        -1.016926961852822
      ],
      "p2": [
        5.506656056320222,
        -1.5165578658004575
      ],
      "length": 6.984811580187244,
      "direction": [
        0.9974383735017356,
        -0.0715310496512695
      ],
      "rmse": 0.011413748186459181
    },
    {
      "id": 1,
      "p1": [
        -0.45792726682826235,
        -1.0962148040148565
      ],
      "p2": [
        -0.5744387903825873,
        -3.5931519948520307
      ],
      "length": 2.499654030082321,
      "direction": [
        -0.046611059831496514,
        -0.9989131138889832
      ],
      "rmse": 0.010238848350399088
    },
    {
      "id": 2,
      "p1": [
        9.695056868096806,
        2.193922684355885
      ],
      "p2": [
        9.475449568860018,
        -1.7125613990400361
      ],
      "length": 3.912651947171349,
      "direction": [
        -0.05612748136090508,
        -0.9984236104149786
      ],
      "rmse": 0.003121507880453267
    },
    {
      "id": 3,
      "p1": [
        -1.7008501351110434,
        1.2819346163603016
      ],
      "p2": [
        2.639596591995718,
        1.1415383573965006
      ],
      "length": 4.342716764927553,
      "direction": [
        0.9994772770254177,
        -0.032329130948055944
      ],
      "rmse": 0.02822308472574872
    }
  ],
  "metadata": {
    "input_file": "/home/qzl/test_road/test_online_road/extracted_lidar_data_code/extracted_lidar_data/laserscan_json2/laserscan_000615.json",
    "num_walls": 4,
    "x_limit": 10.0,
    "y_limit": 5.0,
    "params": {
      "rdp_epsilon": 0.05,
      "wall_rmse_thresh": 0.07,
      "min_wall_length": 0.8,
      "gap_thresh": 2
    }
  }
}