{
  "walls": [
    {
      "id": 0,
      "p1": [
        -6.26389724691004,
        -1.8176856039505016
      ],
      "p2": [
        6.292104426042542,
        -0.6807420797211847
      ],
      "length": 12.607371597144072,
      "direction": [
        0.995925405719327,
        0.09018085296111446
      ],
      "rmse": 0.026789850661298152
    },
    {
      "id": 1,
      "p1": [
        7.989328666930169,
        2.065325197239603
      ],
      "p2": [
        8.086263752461171,
        0.8138458878693119
      ],
      "length": 1.2552278170072726,
      "direction": [
        0.07722509349897812,
        -0.997013683422687
      ],
      "rmse": 0.004578494358279921
    },
    {
      "id": 2,
      "p1": [
        1.5914598402231637,
        1.2527417613906207
      ],
      "p2": [
        4.424814974527615,
        1.562339250683239
      ],
      "length": 2.8502196270578324,
      "direction": [
        0.994083090090281,
        0.10862232732987454
      ],
      "rmse": 0.061127334336298925
    }
  ],
  "metadata": {
    "input_file": "/home/qzl/test_road/test_online_road/extracted_lidar_data_code/extracted_lidar_data/laserscan_json2/laserscan_000055.json",
    "num_walls": 3,
    "x_limit": 10.0,
    "y_limit": 5.0,
    "params": {
      "rdp_epsilon": 0.05,
      "wall_rmse_thresh": 0.07,
      "min_wall_length": 0.8,
      "gap_thresh": 2
    }
  }
}