{
  "walls": [
    {
      "id": 0,
      "p1": [
        -1.3577965674162764,
        -1.1954777498435636
      ],
      "p2": [
        5.903696917992846,
        -0.10535278553290484
      ],
      "length": 7.34286456884862,
      "direction": [
        0.9889183461462753,
        0.14846044811098877
      ],
      "rmse": 0.009451422203536793
    },
    {
      "id": 1,
      "p1": [
        -0.18162278471550286,
        0.7160140280929577
      ],
      "p2": [
        4.597259282110461,
        1.4822551890507663
      ],
      "length": 4.839921417272885,
      "direction": [
        0.9873883591923911,
        0.15831685990240532
      ],
      "rmse": 0.004362173249083839
    }
  ],
  "metadata": {
    "input_file": "/home/qzl/test_road/test_online_road/extracted_lidar_data_code/extracted_lidar_data/laserscan_json2/laserscan_000155.json",
    "num_walls": 2,
    "x_limit": 10.0,
    "y_limit": 5.0,
    "params": {
      "rdp_epsilon": 0.05,
      "wall_rmse_thresh": 0.07,
      "min_wall_length": 0.8,
      "gap_thresh": 2
    }
  }
}