{
  "walls": [
    {
      "id": 0,
      "p1": [
        -4.569721915147129,
        -1.0111323045651546
      ],
      "p2": [
        -2.7676874101627735,
        -0.339053435078818
      ],
      "length": 1.9232832251034282,
      "direction": [
        0.9369574285584724,
        0.3494435248607351
      ],
      "rmse": 0.002609072471096707
    },
    {
      "id": 1,
      "p1": [
        0.04984325297091896,
        0.6906610032602044
      ],
      "p2": [
        3.845324646186398,
        2.2829897701408517
      ],
      "length": 4.115967675781791,
      "direction": [
        0.9221358601876691,
        0.3868661982571587
      ],
      "rmse": 0.004585980012088932
    },
    {
      "id": 2,
      "p1": [
        -0.5432710940704665,
        -1.3944476870679963
      ],
      "p2": [
        5.983256067542584,
        1.226987838078387
      ],
      "length": 7.033312235623582,
      "direction": [
        0.9279450339983197,
        0.3727170694720824
      ],
      "rmse": 0.012525946143897687
    },
    {
      "id": 3,
      "p1": [
        -0.2865200482708002,
        1.457154022599601
      ],
      "p2": [
        0.02886249429607196,
        0.6716532723365654
      ],
      "length": 0.8464499848306081,
      "direction": [
        0.3725944216652934,
        -0.9279942871278387
      ],
      "rmse": 0.01299492073650882
    }
  ],
  "metadata": {
    "input_file": "/home/qzl/test_road/test_online_road/extracted_lidar_data_code/extracted_lidar_data/laserscan_json2/laserscan_000151.json",
    "num_walls": 4,
    "x_limit": 10.0,
    "y_limit": 5.0,
    "params": {
      "rdp_epsilon": 0.05,
      "wall_rmse_thresh": 0.07,
      "min_wall_length": 0.8,
      "gap_thresh": 2
    }
  }
}