{
  "walls": [
    {
      "id": 0,
      "p1": [
        -2.3347965717643064,
        0.7180582079185576
      ],
      "p2": [
        3.62923172028563,
        -4.889933780673156
      ],
      "length": 8.18652597946656,
      "direction": [
        0.728517604048768,
        -0.6850270801866466
      ],
      "rmse": 0.015509867019562825
    },
    {
      "id": 1,
      "p1": [
        1.7377595253030629,
        -0.6917664136038129
      ],
      "p2": [
        3.9879715122555828,
        -2.785408226643492
      ],
      "length": 3.0735630833826857,
      "direction": [
        0.7321183674791354,
        -0.6811774335646223
      ],
      "rmse": 0.002508776806454846
    },
    {
      "id": 2,
      "p1": [
        6.303751499397592,
        4.385078357746312
      ],
      "p2": [
        1.7455406229640842,
        -0.7007858402452792
      ],
      "length": 6.829590107352664,
      "direction": [
        -0.667420856124532,
        -0.7446807375029897
      ],
      "rmse": 0.007017941209499304
    },
    {
      "id": 3,
      "p1": [
        2.4793386865865097,
        3.6878689189105964
      ],
      "p2": [
        0.01410173605363163,
        0.8905782612271207
      ],
      "length": 3.7285691955274074,
      "direction": [
        -0.6611750570399979,
        -0.7502316601864756
      ],
      "rmse": 0.03109817336379677
    }
  ],
  "metadata": {
    "input_file": "/home/qzl/test_road/test_online_road/extracted_lidar_data_code/extracted_lidar_data/laserscan_json2/laserscan_000570.json",
    "num_walls": 4,
    "x_limit": 10.0,
    "y_limit": 5.0,
    "params": {
      "rdp_epsilon": 0.05,
      "wall_rmse_thresh": 0.07,
      "min_wall_length": 0.8,
      "gap_thresh": 2
    }
  }
}