{
  "walls": [
    {
      "id": 0,
      "p1": [
        -3.794665125689675,
        -2.9066230465660516
      ],
      "p2": [
        -2.449204153976235,
        -2.8947765370880267
      ],
      "length": 1.3455131237527516,
      "direction": [
        0.9999612400356886,
        0.008804454797863398
      ],
      "rmse": 0.0035223542355615808
    },
    {
      "id": 1,
      "p1": [
        -0.556712005565109,
        -0.8586414960443218
      ],
      "p2": [
        5.118764736064843,
        -0.7997350773283889
      ],
      "length": 5.675782431607865,
      "direction": [
        0.9999461413492728,
        0.010378554750060552
      ],
      "rmse": 0.003959277706229618
    },
    {
      "id": 2,
      "p1": [
        -3.6465167436352766,
        0.8120269626706338
      ],
      "p2": [
        3.5443060274093154,
        0.9376516566316598
      ],
      "length": 7.191920027941512,
      "direction": [
        0.9998474319931467,
        0.017467476483725167
      ],
      "rmse": 0.0026938675652489917
    }
  ],
  "metadata": {
    "input_file": "/home/qzl/test_road/test_online_road/extracted_lidar_data_code/extracted_lidar_data/laserscan_json2/laserscan_000218.json",
    "num_walls": 3,
    "x_limit": 10.0,
    "y_limit": 5.0,
    "params": {
      "rdp_epsilon": 0.05,
      "wall_rmse_thresh": 0.07,
      "min_wall_length": 0.8,
      "gap_thresh": 2
    }
  }
}