{
  "walls": [
    {
      "id": 0,
      "p1": [
        -3.576342840074177,
        -0.35380176255246726
      ],
      "p2": [
        3.9774203524495713,
        -1.0142498479290338
      ],
      "length": 7.582580698034419,
      "direction": [
        0.9961995121890762,
        -0.0871006998378678
      ],
      "rmse": 0.004540787901140346
    },
    {
      "id": 1,
      "p1": [
        -3.584692323612118,
        1.3698707645930472
      ],
      "p2": [
        2.050574506525428,
        0.9039676072517943
      ],
      "length": 5.654493611179432,
      "direction": [
        0.9965997342344666,
        -0.08239520448297186
      ],
      "rmse": 0.005390951211864872
    },
    {
      "id": 2,
      "p1": [
        4.3900850660523405,
        0.6885761881956757
      ],
      "p2": [
        5.414180643482685,
        0.5951132655920659
      ],
      "length": 1.0283516274183646,
      "direction": [
        0.9958612891976173,
        -0.09088615227667916
      ],
      "rmse": 0.004751742070840328
    },
    {
      "id": 3,
      "p1": [
        4.509129406702808,
        1.9567797661274813
      ],
      "p2": [
        4.3937545458603635,
        0.6951411914053766
      ],
      "length": 1.2669030159176498,
      "direction": [
        -0.09106842385939053,
        -0.9958446375684142
      ],
      "rmse": 0.0032007583547652165
    }
  ],
  "metadata": {
    "input_file": "/home/qzl/test_road/test_online_road/extracted_lidar_data_code/extracted_lidar_data/laserscan_json2/laserscan_000539.json",
    "num_walls": 4,
    "x_limit": 10.0,
    "y_limit": 5.0,
    "params": {
      "rdp_epsilon": 0.05,
      "wall_rmse_thresh": 0.07,
      "min_wall_length": 0.8,
      "gap_thresh": 2
    }
  }
}