{
  "walls": [
    {
      "id": 0,
      "p1": [
        -1.4061556636973105,
        -0.7667694107442911
      ],
      "p2": [
        4.619664618021732,
        -0.4882623771327679
      ],
      "length": 6.032252998287427,
      "direction": [
        0.998933612934299,
        0.046169653973451324
      ],
      "rmse": 0.0937261501803016
    },
    {
      "id": 1,
      "p1": [
        -1.7438383548800958,
        1.0713849775520226
      ],
      "p2": [
        6.220753699790469,
        1.2856508885572082
      ],
      "length": 7.9674736571852165,
      "direction": [
        0.9996383292061445,
        0.02689257852917308
      ],
      "rmse": 0.004133693351759682
    },
    {
      "id": 2,
      "p1": [
        0.554019856858173,
        2.9468618215892226
      ],
      "p2": [
        0.5790974404065821,
        2.084074685599132
      ],
      "length": 0.8631515088480184,
      "direction": [
        0.029053512959564987,
        -0.9995778575892467
      ],
      "rmse": 0.00244928761155667
    },
    {
      "id": 3,
      "p1": [
        -0.5938684657393914,
        3.002192284388058
      ],
      "p2": [
        0.5466780416882789,
        2.9624706701776597
      ],
      "length": 1.1412379866797884,
      "direction": [
        0.9993940972335925,
        -0.03480572384899358
      ],
      "rmse": 0.017118599544857324
    }
  ],
  "metadata": {
    "input_file": "/home/qzl/test_road/test_online_road/extracted_lidar_data_code/extracted_lidar_data/laserscan_json2/laserscan_000481.json",
    "num_walls": 4,
    "x_limit": 10.0,
    "y_limit": 5.0,
    "params": {
      "rdp_epsilon": 0.05,
      "wall_rmse_thresh": 0.07,
      "min_wall_length": 0.8,
      "gap_thresh": 2
    }
  }
}