{
  "walls": [
    {
      "id": 0,
      "p1": [
        -1.6520824197579074,
        -0.9924361658924752
      ],
      "p2": [
        5.552488209244738,
        -1.4938813906801616
      ],
      "length": 7.2220000873546075,
      "direction": [
        0.9975866161522646,
        -0.06943301283881076
      ],
      "rmse": 0.010105451102628747
    },
    {
      "id": 1,
      "p1": [
        -0.2641360649634256,
        -1.0951910719895606
      ],
      "p2": [
        -0.3367075966240968,
        -2.944900540781318
      ],
      "length": 1.8511325576914963,
      "direction": [
        -0.039203854612713876,
        -0.9992312333897021
      ],
      "rmse": 0.010565697293677633
    },
    {
      "id": 2,
      "p1": [
        9.887078142503693,
        2.235444666131747
      ],
      "p2": [
        9.679757701608919,
        -1.6196788598224243
      ],
      "length": 3.8606941300209376,
      "direction": [
        -0.053700302047353224,
        -0.9985570977956257
      ],
      "rmse": 0.0037217662802137104
    },
    {
      "id": 3,
      "p1": [
        -1.5262644746575553,
        1.2903668345940567
      ],
      "p2": [
        2.8439685325346065,
        1.1295970400527477
      ],
      "length": 4.373189163984186,
      "direction": [
        0.9993240272292038,
        -0.03676259784625442
      ],
      "rmse": 0.02869601012148416
    }
  ],
  "metadata": {
    "input_file": "/home/qzl/test_road/test_online_road/extracted_lidar_data_code/extracted_lidar_data/laserscan_json2/laserscan_000613.json",
    "num_walls": 4,
    "x_limit": 10.0,
    "y_limit": 5.0,
    "params": {
      "rdp_epsilon": 0.05,
      "wall_rmse_thresh": 0.07,
      "min_wall_length": 0.8,
      "gap_thresh": 2
    }
  }
}