{
  "walls": [
    {
      "id": 0,
      "p1": [
        -2.4878609493992183,
        -1.0054083403887657
      ],
      "p2": [
        4.704658013471092,
        -0.7762579025178373
      ],
      "length": 7.196168352284808,
      "direction": [
        0.9994928704773103,
        0.03184339590914981
      ],
      "rmse": 0.004759599188912823
    },
    {
      "id": 1,
      "p1": [
        -1.1180076674500241,
        0.7602473966633772
      ],
      "p2": [
        5.100730715597164,
        0.9771573311737691
      ],
      "length": 6.222520148338104,
      "direction": [
        0.99939224539142,
        0.034858856112841494
      ],
      "rmse": 0.0041224460389977955
    }
  ],
  "metadata": {
    "input_file": "/home/qzl/test_road/test_online_road/extracted_lidar_data_code/extracted_lidar_data/laserscan_json2/laserscan_000167.json",
    "num_walls": 2,
    "x_limit": 10.0,
    "y_limit": 5.0,
    "params": {
      "rdp_epsilon": 0.05,
      "wall_rmse_thresh": 0.07,
      "min_wall_length": 0.8,
      "gap_thresh": 2
    }
  }
}