{
  "walls": [
    {
      "id": 0,
      "p1": [
        -2.3552050872806536,
        -0.9284351137031667
      ],
      "p2": [
        4.4210703539695135,
        -0.9532412016240752
      ],
      "length": 6.776320845243981,
      "direction": [
        0.9999932996087958,
        -0.003660701505639917
      ],
      "rmse": 0.005839998926029713
    },
    {
      "id": 1,
      "p1": [
        -1.0841763547237946,
        0.802325404473123
      ],
      "p2": [
        5.484383251222393,
        0.7860678644894202
      ],
      "length": 6.568579725060377,
      "direction": [
        0.9999969370668242,
        -0.002475046458165206
      ],
      "rmse": 0.004010893959198488
    }
  ],
  "metadata": {
    "input_file": "/home/qzl/test_road/test_online_road/extracted_lidar_data_code/extracted_lidar_data/laserscan_json2/laserscan_000369.json",
    "num_walls": 2,
    "x_limit": 10.0,
    "y_limit": 5.0,
    "params": {
      "rdp_epsilon": 0.05,
      "wall_rmse_thresh": 0.07,
      "min_wall_length": 0.8,
      "gap_thresh": 2
    }
  }
}