{
  "walls": [
    {
      "id": 0,
      "p1": [
        -1.6503054408707165,
        -1.1211548594733118
      ],
      "p2": [
        3.227727336043449,
        -1.0392664673433298
      ],
      "length": 4.878720065899923,
      "direction": [
        0.999859125143203,
        0.016784810569940946
      ],
      "rmse": 0.0035163423296666638
    },
    {
      "id": 1,
      "p1": [
        4.977657359160667,
        1.9354318982486367
      ],
      "p2": [
        4.992950539815166,
        0.3492795068235012
      ],
      "length": 1.5862261157219069,
      "direction": [
        0.009641236203909175,
        -0.9999535222011372
      ],
      "rmse": 0.001992078114503478
    },
    {
      "id": 2,
      "p1": [
        -0.1915595484714231,
        1.344111451081952
      ],
      "p2": [
        3.2564885979175635,
        1.2446083098982397
      ],
      "length": 3.449483569307434,
      "direction": [
        0.9995838730948984,
        -0.028845808128777527
      ],
      "rmse": 0.05392026885266581
    },
    {
      "id": 3,
      "p1": [
        -1.938994795519769,
        1.207554739366779
      ],
      "p2": [
        -0.7395996740639542,
        1.1983665392098781
      ],
      "length": 1.1994303149387762,
      "direction": [
        0.9999706581668626,
        -0.007660470176927827
      ],
      "rmse": 0.010714740085222808
    }
  ],
  "metadata": {
    "input_file": "/home/qzl/test_road/test_online_road/extracted_lidar_data_code/extracted_lidar_data/laserscan_json2/laserscan_000097.json",
    "num_walls": 4,
    "x_limit": 10.0,
    "y_limit": 5.0,
    "params": {
      "rdp_epsilon": 0.05,
      "wall_rmse_thresh": 0.07,
      "min_wall_length": 0.8,
      "gap_thresh": 2
    }
  }
}