{
  "walls": [
    {
      "id": 0,
      "p1": [
        -1.4666247178570004,
        -1.1094810295151167
      ],
      "p2": [
        3.0092574475994227,
        -1.044533479926441
      ],
      "length": 4.476353353260715,
      "direction": [
        0.9998947384686634,
        0.014509031004288563
      ],
      "rmse": 0.003584048943867297
    },
    {
      "id": 1,
      "p1": [
        4.753684865239547,
        1.9930802873429552
      ],
      "p2": [
        4.76062695327638,
        0.31069535293313266
      ],
      "length": 1.682399257047938,
      "direction": [
        0.004126302367136498,
        -0.9999914867771501
      ],
      "rmse": 0.0034244294452853677
    },
    {
      "id": 2,
      "p1": [
        -0.35372335621517803,
        1.3363945035809184
      ],
      "p2": [
        2.9937346080550657,
        1.2473322003735055
      ],
      "length": 3.348642548318481,
      "direction": [
        0.9996462494773651,
        -0.026596539320700652
      ],
      "rmse": 0.05455327352127905
    },
    {
      "id": 3,
      "p1": [
        -1.8146610977733066,
        1.2097575282065913
      ],
      "p2": [
        -0.9972555545522048,
        1.2002036663587752
      ],
      "length": 0.8174613742341541,
      "direction": [
        0.9999317019548208,
        -0.011687233365316055
      ],
      "rmse": 0.011084594138119583
    }
  ],
  "metadata": {
    "input_file": "/home/qzl/test_road/test_online_road/extracted_lidar_data_code/extracted_lidar_data/laserscan_json2/laserscan_000100.json",
    "num_walls": 4,
    "x_limit": 10.0,
    "y_limit": 5.0,
    "params": {
      "rdp_epsilon": 0.05,
      "wall_rmse_thresh": 0.07,
      "min_wall_length": 0.8,
      "gap_thresh": 2
    }
  }
}