{
  "walls": [
    {
      "id": 0,
      "p1": [
        -4.485589393877946,
        -1.058999049598151
      ],
      "p2": [
        1.6583404062135034,
        -1.0882238384307086
      ],
      "length": 6.143999306374805,
      "direction": [
        0.9999886871260832,
        -0.004756639344377144
      ],
      "rmse": 0.002528247246334303
    },
    {
      "id": 1,
      "p1": [
        3.420110153470694,
        2.201264079414043
      ],
      "p2": [
        3.3932620308064254,
        -2.2110696464863007
      ],
      "length": 4.4124154077339774,
      "direction": [
        -0.006084677026823724,
        -0.9999814881803958
      ],
      "rmse": 0.00255522675732527
    },
    {
      "id": 2,
      "p1": [
        -0.045282357134793005,
        1.3280600001858305
      ],
      "p2": [
        1.6670279233114849,
        1.2213828378628957
      ],
      "length": 1.7156300631206263,
      "direction": [
        0.9980649775569785,
        -0.062179583242315525
      ],
      "rmse": 0.019865355818857598
    }
  ],
  "metadata": {
    "input_file": "/home/qzl/test_road/test_online_road/extracted_lidar_data_code/extracted_lidar_data/laserscan_json2/laserscan_000118.json",
    "num_walls": 3,
    "x_limit": 10.0,
    "y_limit": 5.0,
    "params": {
      "rdp_epsilon": 0.05,
      "wall_rmse_thresh": 0.07,
      "min_wall_length": 0.8,
      "gap_thresh": 2
    }
  }
}