{
  "walls": [
    {
      "id": 0,
      "p1": [
        -4.298812606353123,
        4.204448362878723
      ],
      "p2": [
        -4.396080558478671,
        -1.8653228271403424
      ],
      "length": 6.070550498405902,
      "direction": [
        -0.016022921175104805,
        -0.9998716247574068
      ],
      "rmse": 0.019237762150126285
    },
    {
      "id": 1,
      "p1": [
        -4.4280730412145655,
        -3.719565200593157
      ],
      "p2": [
        -0.5297382255039425,
        -3.768916456329655
      ],
      "length": 3.8986471861178136,
      "direction": [
        0.9999198772301836,
        -0.012658559079717928
      ],
      "rmse": 0.004808034916865693
    },
    {
      "id": 2,
      "p1": [
        2.530526383272955,
        -4.514093550480164
      ],
      "p2": [
        3.667056271099981,
        -4.537854724497013
      ],
      "length": 1.1367782454440138,
      "direction": [
        0.99978152500796,
        -0.02090220683942217
      ],
      "rmse": 0.003571048282280409
    },
    {
      "id": 3,
      "p1": [
        -1.2616973736883708,
        2.7089909262745975
      ],
      "p2": [
        8.803965312114688,
        2.4967184599317194
      ],
      "length": 10.067900719829101,
      "direction": [
        0.9997777059887272,
        -0.021084084184956987
      ],
      "rmse": 0.004077366657641394
    }
  ],
  "metadata": {
    "input_file": "/home/qzl/test_road/test_online_road/extracted_lidar_data_code/extracted_lidar_data/laserscan_json2/laserscan_000694.json",
    "num_walls": 4,
    "x_limit": 10.0,
    "y_limit": 5.0,
    "params": {
      "rdp_epsilon": 0.05,
      "wall_rmse_thresh": 0.07,
      "min_wall_length": 0.8,
      "gap_thresh": 2
    }
  }
}