{
  "walls": [
    {
      "id": 0,
      "p1": [
        -4.307051619539127,
        -1.1352292207087007
      ],
      "p2": [
        1.8257120373900002,
        -1.061172869747265
      ],
      "length": 6.133210775349926,
      "direction": [
        0.9999270987997464,
        0.012074646327010713
      ],
      "rmse": 0.0021831587060288475
    },
    {
      "id": 1,
      "p1": [
        3.5599789626149874,
        2.312401817741878
      ],
      "p2": [
        3.578084028372255,
        -2.083458773033698
      ],
      "length": 4.395897874944308,
      "direction": [
        0.004118627473227884,
        -0.9999915184168997
      ],
      "rmse": 0.005643502170617309
    },
    {
      "id": 2,
      "p1": [
        -1.62713770611029,
        1.2969094270449177
      ],
      "p2": [
        1.814891472046596,
        1.2619563930389506
      ],
      "length": 3.442206643690874,
      "direction": [
        0.9999484442522487,
        -0.010154252090006477
      ],
      "rmse": 0.05048053229395808
    }
  ],
  "metadata": {
    "input_file": "/home/qzl/test_road/test_online_road/extracted_lidar_data_code/extracted_lidar_data/laserscan_json2/laserscan_000116.json",
    "num_walls": 3,
    "x_limit": 10.0,
    "y_limit": 5.0,
    "params": {
      "rdp_epsilon": 0.05,
      "wall_rmse_thresh": 0.07,
      "min_wall_length": 0.8,
      "gap_thresh": 2
    }
  }
}