{
  "walls": [
    {
      "id": 0,
      "p1": [
        -2.137077272298803,
        -1.3219450258704057
      ],
      "p2": [
        3.9571377484564807,
        -0.7924197764308373
      ],
      "length": 6.117176939487148,
      "direction": [
        0.9962463209802324,
        0.08656366403608283
      ],
      "rmse": 0.0044562386169827
    },
    {
      "id": 1,
      "p1": [
        5.481786713659166,
        2.1584408164055313
      ],
      "p2": [
        5.590167123960923,
        0.6607621859776263
      ],
      "length": 1.5015950164333867,
      "direction": [
        0.07217685801800013,
        -0.9973918493574375
      ],
      "rmse": 0.004127664709166539
    },
    {
      "id": 2,
      "p1": [
        -2.3547400346391507,
        0.993678431241976
      ],
      "p2": [
        3.7793402848211497,
        1.5906733594345732
      ],
      "length": 6.163062900042306,
      "direction": [
        0.9952973738775343,
        0.09686659667028588
      ],
      "rmse": 0.05249291760801535
    }
  ],
  "metadata": {
    "input_file": "/home/qzl/test_road/test_online_road/extracted_lidar_data_code/extracted_lidar_data/laserscan_json2/laserscan_000089.json",
    "num_walls": 3,
    "x_limit": 10.0,
    "y_limit": 5.0,
    "params": {
      "rdp_epsilon": 0.05,
      "wall_rmse_thresh": 0.07,
      "min_wall_length": 0.8,
      "gap_thresh": 2
    }
  }
}