{
  "walls": [
    {
      "id": 0,
      "p1": [
        -1.322741409307093,
        -0.7050808885397023
      ],
      "p2": [
        3.292103886213217,
        -0.5504648311916913
      ],
      "length": 4.6174347019504,
      "direction": [
        0.9994392110334313,
        0.03348527208896896
      ],
      "rmse": 0.0036869179040566785
    },
    {
      "id": 1,
      "p1": [
        2.1051359819208746,
        2.748852785795937
      ],
      "p2": [
        2.1435134243526774,
        1.2385882254962466
      ],
      "length": 1.5107520875990288,
      "direction": [
        0.025402872348669756,
        -0.9996772949679498
      ],
      "rmse": 0.0021321731922578626
    },
    {
      "id": 2,
      "p1": [
        -2.2739652707767695,
        1.0045278285833847
      ],
      "p2": [
        0.8451978153531078,
        1.1114129177559469
      ],
      "length": 3.120993876982569,
      "direction": [
        0.9994133949222671,
        0.034247131966754635
      ],
      "rmse": 0.0024765080914358703
    }
  ],
  "metadata": {
    "input_file": "/home/qzl/test_road/test_online_road/extracted_lidar_data_code/extracted_lidar_data/laserscan_json2/laserscan_000463.json",
    "num_walls": 3,
    "x_limit": 10.0,
    "y_limit": 5.0,
    "params": {
      "rdp_epsilon": 0.05,
      "wall_rmse_thresh": 0.07,
      "min_wall_length": 0.8,
      "gap_thresh": 2
    }
  }
}