{
  "walls": [
    {
      "id": 0,
      "p1": [
        -2.4509423444483525,
        -0.8490126449607625
      ],
      "p2": [
        5.859848689251781,
        -1.0204845217969445
      ],
      "length": 8.312559786875296,
      "direction": [
        0.9997872191925447,
        -0.020628047344302722
      ],
      "rmse": 0.0366746181995009
    },
    {
      "id": 1,
      "p1": [
        -1.3202904973370742,
        0.8960805582710403
      ],
      "p2": [
        5.2578948167002695,
        0.7885819088968488
      ],
      "length": 6.579063610076578,
      "direction": [
        0.999866501359788,
        -0.016339506006514015
      ],
      "rmse": 0.05290954482043273
    }
  ],
  "metadata": {
    "input_file": "/home/qzl/test_road/test_online_road/extracted_lidar_data_code/extracted_lidar_data/laserscan_json2/laserscan_000258.json",
    "num_walls": 2,
    "x_limit": 10.0,
    "y_limit": 5.0,
    "params": {
      "rdp_epsilon": 0.05,
      "wall_rmse_thresh": 0.07,
      "min_wall_length": 0.8,
      "gap_thresh": 2
    }
  }
}