{
  "walls": [
    {
      "id": 0,
      "p1": [
        -0.06982398239681686,
        -1.0882151294799935
      ],
      "p2": [
        2.8958547319010695,
        -1.0512607235030662
      ],
      "length": 2.9659089440777966,
      "direction": [
        0.9999223746287507,
        0.012459723704828944
      ],
      "rmse": 0.0033196435212179366
    },
    {
      "id": 1,
      "p1": [
        4.60258382178486,
        2.0238064130988755
      ],
      "p2": [
        4.6088584610586105,
        0.29967726115611215
      ],
      "length": 1.72414056958152,
      "direction": [
        0.0036392852093650287,
        -0.9999933777786556
      ],
      "rmse": 0.005335622098477369
    },
    {
      "id": 2,
      "p1": [
        -0.5016435320482703,
        1.378226313308007
      ],
      "p2": [
        2.8456207826226985,
        1.2717169420043102
      ],
      "length": 3.3489584408357804,
      "direction": [
        0.9994941334154821,
        -0.03180373037923086
      ],
      "rmse": 0.017234218856387
    },
    {
      "id": 3,
      "p1": [
        -1.736366819701632,
        1.2026257196543724
      ],
      "p2": [
        1.006966726025353,
        1.2353287701038431
      ],
      "length": 2.7435284639711126,
      "direction": [
        0.9999289534446496,
        0.011920069676296363
      ],
      "rmse": 0.010911369768807994
    }
  ],
  "metadata": {
    "input_file": "/home/qzl/test_road/test_online_road/extracted_lidar_data_code/extracted_lidar_data/laserscan_json2/laserscan_000102.json",
    "num_walls": 4,
    "x_limit": 10.0,
    "y_limit": 5.0,
    "params": {
      "rdp_epsilon": 0.05,
      "wall_rmse_thresh": 0.07,
      "min_wall_length": 0.8,
      "gap_thresh": 2
    }
  }
}