{
  "walls": [
    {
      "id": 0,
      "p1": [
        -2.1094321661497832,
        -0.9533571254135601
      ],
      "p2": [
        5.909149424438,
        -0.8460254959213513
      ],
      "length": 8.019299894853837,
      "direction": [
        0.9999104280568765,
        0.013384164565410308
      ],
      "rmse": 0.00667193009510421
    },
    {
      "id": 1,
      "p1": [
        -2.796237821575059,
        0.7823513446731017
      ],
      "p2": [
        5.328528976813562,
        0.8720902854111323
      ],
      "length": 8.125262371498096,
      "direction": [
        0.9999390083550608,
        0.011044436060640735
      ],
      "rmse": 0.004616371681058302
    },
    {
      "id": 2,
      "p1": [
        4.194630486978862,
        3.0489288798415726
      ],
      "p2": [
        4.202929317186238,
        2.1152156014962946
      ],
      "length": 0.9337501575588073,
      "direction": [
        0.008887634599242633,
        -0.9999605041946558
      ],
      "rmse": 0.003755781764038816
    },
    {
      "id": 3,
      "p1": [
        -4.2401221542327265,
        0.9083563029542961
      ],
      "p2": [
        -3.319119627849183,
        0.8909419081378289
      ],
      "length": 0.9211671481070597,
      "direction": [
        0.9998212900614449,
        -0.01890470676492891
      ],
      "rmse": 0.01305581496044631
    }
  ],
  "metadata": {
    "input_file": "/home/qzl/test_road/test_online_road/extracted_lidar_data_code/extracted_lidar_data/laserscan_json2/laserscan_000308.json",
    "num_walls": 4,
    "x_limit": 10.0,
    "y_limit": 5.0,
    "params": {
      "rdp_epsilon": 0.05,
      "wall_rmse_thresh": 0.07,
      "min_wall_length": 0.8,
      "gap_thresh": 2
    }
  }
}