{
  "walls": [
    {
      "id": 0,
      "p1": [
        -0.19390527121159906,
        -1.0890728697824699
      ],
      "p2": [
        2.757114090473315,
        -1.054475068603549
      ],
      "length": 2.9512221673207955,
      "direction": [
        0.999931280795774,
        0.011723211340031136
      ],
      "rmse": 0.0023151318361285013
    },
    {
      "id": 1,
      "p1": [
        4.461619106536058,
        2.0551982241793287
      ],
      "p2": [
        4.466261352774567,
        0.2908251194205771
      ],
      "length": 1.7643792118606976,
      "direction": [
        0.002631093252118099,
        -0.9999965386671589
      ],
      "rmse": 0.0041710245855574365
    },
    {
      "id": 2,
      "p1": [
        -0.6135425458636131,
        1.3761672613186167
      ],
      "p2": [
        2.6971933425864565,
        1.2659125401724824
      ],
      "length": 3.3125712409858123,
      "direction": [
        0.999445943224905,
        -0.03328372829597246
      ],
      "rmse": 0.017895757022595323
    }
  ],
  "metadata": {
    "input_file": "/home/qzl/test_road/test_online_road/extracted_lidar_data_code/extracted_lidar_data/laserscan_json2/laserscan_000104.json",
    "num_walls": 3,
    "x_limit": 10.0,
    "y_limit": 5.0,
    "params": {
      "rdp_epsilon": 0.05,
      "wall_rmse_thresh": 0.07,
      "min_wall_length": 0.8,
      "gap_thresh": 2
    }
  }
}