{
  "walls": [
    {
      "id": 0,
      "p1": [
        -1.4192776044388697,
        -0.9007118758330022
      ],
      "p2": [
        5.352589673714461,
        -0.7624592495340866
      ],
      "length": 6.773278395400735,
      "direction": [
        0.999791664069923,
        0.020411478493583723
      ],
      "rmse": 0.005701692532780573
    },
    {
      "id": 1,
      "p1": [
        0.9493280576896022,
        -1.0848722914999058
      ],
      "p2": [
        0.6334885232994746,
        -1.8312477636838669
      ],
      "length": 0.8104510823989338,
      "direction": [
        -0.38970832570786046,
        -0.9209383371713745
      ],
      "rmse": 0.008061563295790606
    },
    {
      "id": 2,
      "p1": [
        -1.1108322881371315,
        0.8245954297184149
      ],
      "p2": [
        5.066055734973881,
        0.9897681742154721
      ],
      "length": 6.1790960249519475,
      "direction": [
        0.9996426658789254,
        0.02673089135205284
      ],
      "rmse": 0.004744221701838436
    }
  ],
  "metadata": {
    "input_file": "/home/qzl/test_road/test_online_road/extracted_lidar_data_code/extracted_lidar_data/laserscan_json2/laserscan_000198.json",
    "num_walls": 3,
    "x_limit": 10.0,
    "y_limit": 5.0,
    "params": {
      "rdp_epsilon": 0.05,
      "wall_rmse_thresh": 0.07,
      "min_wall_length": 0.8,
      "gap_thresh": 2
    }
  }
}