{
  "walls": [
    {
      "id": 0,
      "p1": [
        -0.6943439095226323,
        -0.927802350024617
      ],
      "p2": [
        5.550708997094072,
        -0.9094026548149415
      ],
      "length": 6.245080011915425,
      "direction": [
        0.9999956597345568,
        0.0029462705320910275
      ],
      "rmse": 0.002778699103474253
    },
    {
      "id": 1,
      "p1": [
        -4.78346967878922,
        0.8007518816950749
      ],
      "p2": [
        5.320587281667737,
        0.834365610502075
      ],
      "length": 10.104112872633747,
      "direction": [
        0.9999944663932797,
        0.0033267372633976372
      ],
      "rmse": 0.0034852524653045266
    },
    {
      "id": 2,
      "p1": [
        -2.4396555152678308,
        4.021757649023211
      ],
      "p2": [
        -2.4626186743936636,
        0.809164492568321
      ],
      "length": 3.2126752241049563,
      "direction": [
        -0.007147675231382113,
        -0.9999744550421209
      ],
      "rmse": 0.005625303879402616
    },
    {
      "id": 3,
      "p1": [
        -2.409989309339768,
        2.940259500820262
      ],
      "p2": [
        -2.2362178401612613,
        1.7668013001344345
      ],
      "length": 1.186254893459781,
      "direction": [
        0.14648746246392164,
        -0.9892125268812972
      ],
      "rmse": 0.009131464034473225
    }
  ],
  "metadata": {
    "input_file": "/home/qzl/test_road/test_online_road/extracted_lidar_data_code/extracted_lidar_data/laserscan_json2/laserscan_000346.json",
    "num_walls": 4,
    "x_limit": 10.0,
    "y_limit": 5.0,
    "params": {
      "rdp_epsilon": 0.05,
      "wall_rmse_thresh": 0.07,
      "min_wall_length": 0.8,
      "gap_thresh": 2
    }
  }
}