{
  "walls": [
    {
      "id": 0,
      "p1": [
        -3.1886924950680817,
        -0.9939474765330505
      ],
      "p2": [
        5.910887080035407,
        -0.8442769243058978
      ],
      "length": 9.100810387973402,
      "direction": [
        0.9998647578812718,
        0.01644584886910627
      ],
      "rmse": 0.0037741125383591086
    },
    {
      "id": 1,
      "p1": [
        -1.1797282464081706,
        0.7848649396430242
      ],
      "p2": [
        2.438100068712614,
        0.8435629274188117
      ],
      "length": 3.618304460857132,
      "direction": [
        0.9998684063916908,
        0.01622251206627978
      ],
      "rmse": 0.00326061216427868
    }
  ],
  "metadata": {
    "input_file": "/home/qzl/test_road/test_online_road/extracted_lidar_data_code/extracted_lidar_data/laserscan_json2/laserscan_000289.json",
    "num_walls": 2,
    "x_limit": 10.0,
    "y_limit": 5.0,
    "params": {
      "rdp_epsilon": 0.05,
      "wall_rmse_thresh": 0.07,
      "min_wall_length": 0.8,
      "gap_thresh": 2
    }
  }
}