{
  "walls": [
    {
      "id": 0,
      "p1": [
        -3.354682671058922,
        -0.23145225892875654
      ],
      "p2": [
        5.103253781617281,
        -1.8399676635008189
      ],
      "length": 8.609530233657033,
      "direction": [
        0.9823923283994443,
        -0.18682963656743112
      ],
      "rmse": 0.008237450458005445
    },
    {
      "id": 1,
      "p1": [
        -0.7661225918333838,
        1.0451115827761361
      ],
      "p2": [
        0.20561537899840926,
        0.8537983845723258
      ],
      "length": 0.990391550732972,
      "direction": [
        0.9811654492727189,
        -0.19316925519208183
      ],
      "rmse": 0.0037402330372440402
    },
    {
      "id": 2,
      "p1": [
        2.492409699481367,
        0.42026681715871494
      ],
      "p2": [
        4.475752720830096,
        0.14342606987258277
      ],
      "length": 2.0025709324991836,
      "direction": [
        0.9903983869732687,
        -0.13824266735978316
      ],
      "rmse": 0.015704930559337336
    },
    {
      "id": 3,
      "p1": [
        3.310821986677732,
        4.935842273546368
      ],
      "p2": [
        2.502351800366958,
        0.4386705392876449
      ],
      "length": 4.569264453888502,
      "direction": [
        -0.17693661517488818,
        -0.9842222483811537
      ],
      "rmse": 0.0037028921796814244
    }
  ],
  "metadata": {
    "input_file": "/home/qzl/test_road/test_online_road/extracted_lidar_data_code/extracted_lidar_data/laserscan_json2/laserscan_000562.json",
    "num_walls": 4,
    "x_limit": 10.0,
    "y_limit": 5.0,
    "params": {
      "rdp_epsilon": 0.05,
      "wall_rmse_thresh": 0.07,
      "min_wall_length": 0.8,
      "gap_thresh": 2
    }
  }
}