{
  "walls": [
    {
      "id": 0,
      "p1": [
        -5.7695938621207095,
        4.988589042319507
      ],
      "p2": [
        -3.951753144027489,
        -4.654934741982071
      ],
      "length": 9.813363126611993,
      "direction": [
        0.18524135860842245,
        -0.9826930543455091
      ],
      "rmse": 0.01079444385258818
    },
    {
      "id": 1,
      "p1": [
        2.6078689631947176,
        -1.3304731993689278
      ],
      "p2": [
        3.8680475178368225,
        -1.1458949086873067
      ],
      "length": 1.2736244089097906,
      "direction": [
        0.989442841881104,
        0.1449236442001246
      ],
      "rmse": 0.010435574685006225
    },
    {
      "id": 2,
      "p1": [
        5.7046238297937,
        2.7130245181381296
      ],
      "p2": [
        7.110508308399078,
        2.9090992055039018
      ],
      "length": 1.4194916168153657,
      "direction": [
        0.9904140763846698,
        0.13813021862395397
      ],
      "rmse": 0.005031104982862886
    },
    {
      "id": 3,
      "p1": [
        2.2668345105356567,
        1.5932207932844171
      ],
      "p2": [
        3.1597191667131406,
        1.718819524716725
      ],
      "length": 0.9016751358302993,
      "direction": [
        0.9902509459289751,
        0.1392948817608526
      ],
      "rmse": 0.002744555016993469
    }
  ],
  "metadata": {
    "input_file": "/home/qzl/test_road/test_online_road/extracted_lidar_data_code/extracted_lidar_data/laserscan_json2/laserscan_000759.json",
    "num_walls": 4,
    "x_limit": 10.0,
    "y_limit": 5.0,
    "params": {
      "rdp_epsilon": 0.05,
      "wall_rmse_thresh": 0.07,
      "min_wall_length": 0.8,
      "gap_thresh": 2
    }
  }
}