{
  "walls": [
    {
      "id": 0,
      "p1": [
        -2.217344062970796,
        -1.3087186891877773
      ],
      "p2": [
        3.7482154626855406,
        -0.8026849388247985
      ],
      "length": 5.986983431633621,
      "direction": [
        0.9964215858908091,
        0.08452232349411985
      ],
      "rmse": 0.003910798377363804
    },
    {
      "id": 1,
      "p1": [
        5.3225158769370156,
        2.175731103563343
      ],
      "p2": [
        5.431536745104624,
        0.7394762261824135
      ],
      "length": 1.4403866225762194,
      "direction": [
        0.07568861475019019,
        -0.9971315026591012
      ],
      "rmse": 0.00234052415694512
    },
    {
      "id": 2,
      "p1": [
        -2.3301024152196415,
        1.0216816398323676
      ],
      "p2": [
        3.72499664617106,
        1.6005676464393757
      ],
      "length": 6.082707756575189,
      "direction": [
        0.9954611175983757,
        0.09516913022505058
      ],
      "rmse": 0.056670312201944475
    }
  ],
  "metadata": {
    "input_file": "/home/qzl/test_road/test_online_road/extracted_lidar_data_code/extracted_lidar_data/laserscan_json2/laserscan_000091.json",
    "num_walls": 3,
    "x_limit": 10.0,
    "y_limit": 5.0,
    "params": {
      "rdp_epsilon": 0.05,
      "wall_rmse_thresh": 0.07,
      "min_wall_length": 0.8,
      "gap_thresh": 2
    }
  }
}