{
  "walls": [
    {
      "id": 0,
      "p1": [
        -1.7309201187432866,
        -0.9437457667882366
      ],
      "p2": [
        5.493701180704568,
        -0.8612414896147847
      ],
      "length": 7.2250923783843435,
      "direction": [
        0.999934799595764,
        0.011419131113146935
      ],
      "rmse": 0.007347988442022213
    },
    {
      "id": 1,
      "p1": [
        -3.029675894226911,
        0.7843204244523125
      ],
      "p2": [
        5.318694746604665,
        0.868499928069897
      ],
      "length": 8.348795035544226,
      "direction": [
        0.9999491669493392,
        0.010082832703295953
      ],
      "rmse": 0.00530419766325542
    },
    {
      "id": 2,
      "p1": [
        -4.487111709490501,
        0.9146719929088776
      ],
      "p2": [
        -3.67256465728731,
        0.9125621790058871
      ],
      "length": 0.8145497845850878,
      "direction": [
        0.9999966455301281,
        -0.002590159549379885
      ],
      "rmse": 0.0054190268581227235
    }
  ],
  "metadata": {
    "input_file": "/home/qzl/test_road/test_online_road/extracted_lidar_data_code/extracted_lidar_data/laserscan_json2/laserscan_000311.json",
    "num_walls": 3,
    "x_limit": 10.0,
    "y_limit": 5.0,
    "params": {
      "rdp_epsilon": 0.05,
      "wall_rmse_thresh": 0.07,
      "min_wall_length": 0.8,
      "gap_thresh": 2
    }
  }
}