{
  "walls": [
    {
      "id": 0,
      "p1": [
        -2.2186160540267337,
        -0.9545470711467687
      ],
      "p2": [
        5.524775146098573,
        -0.8539917571625548
      ],
      "length": 7.744044075891389,
      "direction": [
        0.9999156931743381,
        0.012984858169539643
      ],
      "rmse": 0.006162446437246601
    },
    {
      "id": 1,
      "p1": [
        -2.7560134062220865,
        0.783953602724521
      ],
      "p2": [
        5.331187587964034,
        0.8717853364772319
      ],
      "length": 8.087677932127303,
      "direction": [
        0.9999410290625723,
        0.010859944534106922
      ],
      "rmse": 0.004503966471207688
    },
    {
      "id": 2,
      "p1": [
        4.276462813103745,
        3.0497936460254
      ],
      "p2": [
        4.282262801943516,
        2.109313037028785
      ],
      "length": 0.940498493230683,
      "direction": [
        0.006166930496446188,
        -0.9999809843023275
      ],
      "rmse": 0.0034352683792031697
    },
    {
      "id": 3,
      "p1": [
        -4.1669913662088405,
        0.9078277305943524
      ],
      "p2": [
        -3.1808858542896528,
        0.8991209504963495
      ],
      "length": 0.9861439492574491,
      "direction": [
        0.9999610225877507,
        -0.008829116788223753
      ],
      "rmse": 0.009095720907093874
    }
  ],
  "metadata": {
    "input_file": "/home/qzl/test_road/test_online_road/extracted_lidar_data_code/extracted_lidar_data/laserscan_json2/laserscan_000307.json",
    "num_walls": 4,
    "x_limit": 10.0,
    "y_limit": 5.0,
    "params": {
      "rdp_epsilon": 0.05,
      "wall_rmse_thresh": 0.07,
      "min_wall_length": 0.8,
      "gap_thresh": 2
    }
  }
}