{
  "walls": [
    {
      "id": 0,
      "p1": [
        -1.4190821293621099,
        -1.0229276961215685
      ],
      "p2": [
        5.413214427930538,
        -1.5283619721337998
      ],
      "length": 6.850966359146787,
      "direction": [
        0.9972748659266083,
        -0.07377561784943171
      ],
      "rmse": 0.011792902067520867
    },
    {
      "id": 1,
      "p1": [
        -0.5543484094507427,
        -1.108103999288391
      ],
      "p2": [
        -0.6813944684578727,
        -3.731932998205873
      ],
      "length": 2.626902989580993,
      "direction": [
        -0.048363437672004635,
        -0.9988298042682479
      ],
      "rmse": 0.010283546225669404
    },
    {
      "id": 2,
      "p1": [
        9.602887032800693,
        2.174628764216082
      ],
      "p2": [
        9.400797458656694,
        -1.3632286461884575
      ],
      "length": 3.5436245924663092,
      "direction": [
        -0.057029058488146586,
        -0.9983725188956052
      ],
      "rmse": 0.003301750350804341
    },
    {
      "id": 3,
      "p1": [
        -1.7641542259471672,
        1.2788101959447709
      ],
      "p2": [
        2.5344431199533948,
        1.1378749419002794
      ],
      "length": 4.300907100602842,
      "direction": [
        0.9994629610329752,
        -0.0327687277933988
      ],
      "rmse": 0.0289946761918095
    }
  ],
  "metadata": {
    "input_file": "/home/qzl/test_road/test_online_road/extracted_lidar_data_code/extracted_lidar_data/laserscan_json2/laserscan_000616.json",
    "num_walls": 4,
    "x_limit": 10.0,
    "y_limit": 5.0,
    "params": {
      "rdp_epsilon": 0.05,
      "wall_rmse_thresh": 0.07,
      "min_wall_length": 0.8,
      "gap_thresh": 2
    }
  }
}