{
  "walls": [
    {
      "id": 0,
      "p1": [
        -3.483470921317691,
        -0.38619098732891183
      ],
      "p2": [
        4.32696856314204,
        -0.9725208987932631
      ],
      "length": 7.832416466550114,
      "direction": [
        0.9971940993954993,
        -0.07485938904906334
      ],
      "rmse": 0.030044517186056406
    },
    {
      "id": 1,
      "p1": [
        -3.399698242893139,
        1.3714719861064064
      ],
      "p2": [
        2.2997060429168967,
        0.9136117589649183
      ],
      "length": 5.717765752521509,
      "direction": [
        0.9967886990282742,
        -0.08007677245943767
      ],
      "rmse": 0.006678808348536234
    },
    {
      "id": 2,
      "p1": [
        4.633565731559789,
        0.7117756683479906
      ],
      "p2": [
        5.664825185457504,
        0.6234034688100638
      ],
      "length": 1.0350389881084603,
      "direction": [
        0.9963484136779397,
        -0.08538055141221214
      ],
      "rmse": 0.003871112248855175
    },
    {
      "id": 3,
      "p1": [
        4.735035135922149,
        1.84010761630809
      ],
      "p2": [
        4.636639084693007,
        0.7129345043218658
      ],
      "length": 1.1314596799189078,
      "direction": [
        -0.08696381583486508,
        -0.9962114708903124
      ],
      "rmse": 0.0018975795316643167
    }
  ],
  "metadata": {
    "input_file": "/home/qzl/test_road/test_online_road/extracted_lidar_data_code/extracted_lidar_data/laserscan_json2/laserscan_000536.json",
    "num_walls": 4,
    "x_limit": 10.0,
    "y_limit": 5.0,
    "params": {
      "rdp_epsilon": 0.05,
      "wall_rmse_thresh": 0.07,
      "min_wall_length": 0.8,
      "gap_thresh": 2
    }
  }
}