{
  "walls": [
    {
      "id": 0,
      "p1": [
        -4.18733822875716,
        4.98746293632634
      ],
      "p2": [
        -4.744845753067853,
        -4.54196369237689
      ],
      "length": 9.545720848186441,
      "direction": [
        -0.05840392079096405,
        -0.9982930341509164
      ],
      "rmse": 0.01677577596365053
    },
    {
      "id": 1,
      "p1": [
        2.555448469030807,
        -1.9525554230568507
      ],
      "p2": [
        3.715116793223254,
        -2.082826418959983
      ],
      "length": 1.1669623620789626,
      "direction": [
        0.9937495517210331,
        -0.11163256000041188
      ],
      "rmse": 0.009400733044661162
    },
    {
      "id": 2,
      "p1": [
        6.497820409331561,
        1.1773903147973168
      ],
      "p2": [
        8.30063659200959,
        0.9620604028136217
      ],
      "length": 1.8156302375540814,
      "direction": [
        0.992942365349061,
        -0.11859788823167021
      ],
      "rmse": 0.009650081386940098
    },
    {
      "id": 3,
      "p1": [
        2.884814130762925,
        0.9623493037586609
      ],
      "p2": [
        3.7835278726964896,
        0.859957532317256
      ],
      "length": 0.9045277578931112,
      "direction": [
        0.9935723189148029,
        -0.11319914789547254
      ],
      "rmse": 0.002237923177889071
    }
  ],
  "metadata": {
    "input_file": "/home/qzl/test_road/test_online_road/extracted_lidar_data_code/extracted_lidar_data/laserscan_json2/laserscan_000756.json",
    "num_walls": 4,
    "x_limit": 10.0,
    "y_limit": 5.0,
    "params": {
      "rdp_epsilon": 0.05,
      "wall_rmse_thresh": 0.07,
      "min_wall_length": 0.8,
      "gap_thresh": 2
    }
  }
}