{
  "walls": [
    {
      "id": 0,
      "p1": [
        -1.4084286778744755,
        -1.1977126975379053
      ],
      "p2": [
        4.636770407384171,
        -1.0177814596247503
      ],
      "length": 6.047876257893257,
      "direction": [
        0.9995573367366501,
        0.02975114407774821
      ],
      "rmse": 0.004002297160259832
    },
    {
      "id": 1,
      "p1": [
        6.218461122466248,
        1.7531702109665068
      ],
      "p2": [
        6.238130570613185,
        0.3533949297457677
      ],
      "length": 1.3999134705784513,
      "direction": [
        0.014050474233089432,
        -0.9999012872138056
      ],
      "rmse": 0.003916404005289621
    },
    {
      "id": 2,
      "p1": [
        -1.6019511990285715,
        1.117871643501167
      ],
      "p2": [
        4.514569981020243,
        1.3629394500781935
      ],
      "length": 6.121428720144196,
      "direction": [
        0.9991983015198154,
        0.040034413170624776
      ],
      "rmse": 0.040550860579140605
    }
  ],
  "metadata": {
    "input_file": "/home/qzl/test_road/test_online_road/extracted_lidar_data_code/extracted_lidar_data/laserscan_json2/laserscan_000081.json",
    "num_walls": 3,
    "x_limit": 10.0,
    "y_limit": 5.0,
    "params": {
      "rdp_epsilon": 0.05,
      "wall_rmse_thresh": 0.07,
      "min_wall_length": 0.8,
      "gap_thresh": 2
    }
  }
}