{
  "walls": [
    {
      "id": 0,
      "p1": [
        -1.7719427736630002,
        -1.2078547380847788
      ],
      "p2": [
        4.347969115207955,
        -1.0124138821723503
      ],
      "length": 6.123031818936094,
      "direction": [
        0.999490459928428,
        0.03191896787271504
      ],
      "rmse": 0.005573962329105406
    },
    {
      "id": 1,
      "p1": [
        5.966596015096755,
        1.794502153281627
      ],
      "p2": [
        5.988123473646208,
        0.33923229734299676
      ],
      "length": 1.4554290724989796,
      "direction": [
        0.014791142320985681,
        -0.9998906050697949
      ],
      "rmse": 0.004330210088124194
    },
    {
      "id": 2,
      "p1": [
        -1.9329339400744106,
        1.1030929768741897
      ],
      "p2": [
        4.187845207488536,
        1.3967138286420973
      ],
      "length": 6.12781776636955,
      "direction": [
        0.9988513661663777,
        0.047916054778758696
      ],
      "rmse": 0.05558609739937433
    }
  ],
  "metadata": {
    "input_file": "/home/qzl/test_road/test_online_road/extracted_lidar_data_code/extracted_lidar_data/laserscan_json2/laserscan_000084.json",
    "num_walls": 3,
    "x_limit": 10.0,
    "y_limit": 5.0,
    "params": {
      "rdp_epsilon": 0.05,
      "wall_rmse_thresh": 0.07,
      "min_wall_length": 0.8,
      "gap_thresh": 2
    }
  }
}