{
  "walls": [
    {
      "id": 0,
      "p1": [
        -5.414425121176964,
        -0.001217966703052964
      ],
      "p2": [
        -4.0161214641445895,
        -3.4293298983701694
      ],
      "length": 3.7023242069419795,
      "direction": [
        0.377682660640338,
        -0.9259350991563261
      ],
      "rmse": 0.0023099833346270243
    },
    {
      "id": 1,
      "p1": [
        -4.025503630935244,
        -3.400154937131715
      ],
      "p2": [
        1.19852967342027,
        -1.365954815655583
      ],
      "length": 5.6061122089402655,
      "direction": [
        0.9318460119330718,
        0.3628539789535585
      ],
      "rmse": 0.022503691157432275
    },
    {
      "id": 2,
      "p1": [
        6.102956622776201,
        0.7082134831250211
      ],
      "p2": [
        7.6248099587308715,
        1.3340462478242492
      ],
      "length": 1.6455103237377269,
      "direction": [
        0.9248518918412526,
        0.3803274617427146
      ],
      "rmse": 0.007324633565537139
    },
    {
      "id": 3,
      "p1": [
        0.6787287454264259,
        4.988893548820384
      ],
      "p2": [
        2.227133533864434,
        1.1835695841175753
      ],
      "length": 4.108290138877639,
      "direction": [
        0.37689762312149516,
        -0.9262549226230148
      ],
      "rmse": 0.005135606495242604
    }
  ],
  "metadata": {
    "input_file": "/home/qzl/test_road/test_online_road/extracted_lidar_data_code/extracted_lidar_data/laserscan_json2/laserscan_000012.json",
    "num_walls": 4,
    "x_limit": 10.0,
    "y_limit": 5.0,
    "params": {
      "rdp_epsilon": 0.05,
      "wall_rmse_thresh": 0.07,
      "min_wall_length": 0.8,
      "gap_thresh": 2
    }
  }
}