{
  "walls": [
    {
      "id": 0,
      "p1": [
        -1.9730498103939453,
        -1.0077379661017227
      ],
      "p2": [
        5.365120576262375,
        -0.7501311381232585
      ],
      "length": 7.342690644540385,
      "direction": [
        0.9993843867173181,
        0.03508343745487204
      ],
      "rmse": 0.005987657641491831
    },
    {
      "id": 1,
      "p1": [
        -3.7767472588883346,
        0.6667422321886839
      ],
      "p2": [
        -2.971667593615268,
        0.689312280203945
      ],
      "length": 0.8053959737319302,
      "direction": [
        0.9996072634207456,
        0.02802354214741926
      ],
      "rmse": 0.002424781966954652
    },
    {
      "id": 2,
      "p1": [
        -0.40216311955325423,
        0.7660058582962851
      ],
      "p2": [
        4.925802495302772,
        0.9935760934671187
      ],
      "length": 5.332823436513144,
      "direction": [
        0.9990890713483621,
        0.04267349892225242
      ],
      "rmse": 0.003353861717940424
    }
  ],
  "metadata": {
    "input_file": "/home/qzl/test_road/test_online_road/extracted_lidar_data_code/extracted_lidar_data/laserscan_json2/laserscan_000160.json",
    "num_walls": 3,
    "x_limit": 10.0,
    "y_limit": 5.0,
    "params": {
      "rdp_epsilon": 0.05,
      "wall_rmse_thresh": 0.07,
      "min_wall_length": 0.8,
      "gap_thresh": 2
    }
  }
}