{
  "walls": [
    {
      "id": 0,
      "p1": [
        -4.487140302356113,
        -0.5252759937102366
      ],
      "p2": [
        4.667499924658473,
        -0.6912005656167354
      ],
      "length": 9.15614376523414,
      "direction": [
        0.9998357891414484,
        -0.018121665207611538
      ],
      "rmse": 0.004587237570523804
    },
    {
      "id": 1,
      "p1": [
        -6.188662065492201,
        1.2364095486942648
      ],
      "p2": [
        -4.6321875492007365,
        1.2155509781188452
      ],
      "length": 1.556614274581599,
      "direction": [
        0.999910216491026,
        -0.013399961002545235
      ],
      "rmse": 0.004157917238990302
    },
    {
      "id": 2,
      "p1": [
        -0.8890224440964959,
        1.133405844002857
      ],
      "p2": [
        3.1230622995978767,
        1.0820648485259945
      ],
      "length": 4.0124132250307545,
      "direction": [
        0.9999181337210375,
        -0.012795540388644172
      ],
      "rmse": 0.0029054266091469005
    }
  ],
  "metadata": {
    "input_file": "/home/qzl/test_road/test_online_road/extracted_lidar_data_code/extracted_lidar_data/laserscan_json2/laserscan_000524.json",
    "num_walls": 3,
    "x_limit": 10.0,
    "y_limit": 5.0,
    "params": {
      "rdp_epsilon": 0.05,
      "wall_rmse_thresh": 0.07,
      "min_wall_length": 0.8,
      "gap_thresh": 2
    }
  }
}