{
  "walls": [
    {
      "id": 0,
      "p1": [
        -1.416119250265195,
        -0.5793567003686309
      ],
      "p2": [
        -0.051592418982460475,
        -0.576463925443048
      ],
      "length": 1.3645298975974363,
      "direction": [
        0.9999977528406876,
        0.0021199791449592366
      ],
      "rmse": 0.004227627215595188
    },
    {
      "id": 1,
      "p1": [
        -0.010031768535886498,
        -0.7693871603226062
      ],
      "p2": [
        4.4170861451978904,
        -0.48831182964936837
      ],
      "length": 4.436031600835997,
      "direction": [
        0.9979906168601306,
        0.0633618864707786
      ],
      "rmse": 0.05391669902532995
    },
    {
      "id": 2,
      "p1": [
        -5.301123817750729,
        1.190606395440544
      ],
      "p2": [
        0.9788866919178252,
        1.1310218215716765
      ],
      "length": 6.28029317173893,
      "direction": [
        0.9999549922162984,
        -0.009487546558644136
      ],
      "rmse": 0.004917451936382381
    },
    {
      "id": 3,
      "p1": [
        3.193292800089396,
        1.1287921747407483
      ],
      "p2": [
        4.491203583883834,
        1.1131842496396487
      ],
      "length": 1.2980046263460905,
      "direction": [
        0.9999277024510965,
        -0.012024552751418735
      ],
      "rmse": 0.004561006203830495
    }
  ],
  "metadata": {
    "input_file": "/home/qzl/test_road/test_online_road/extracted_lidar_data_code/extracted_lidar_data/laserscan_json2/laserscan_000505.json",
    "num_walls": 4,
    "x_limit": 10.0,
    "y_limit": 5.0,
    "params": {
      "rdp_epsilon": 0.05,
      "wall_rmse_thresh": 0.07,
      "min_wall_length": 0.8,
      "gap_thresh": 2
    }
  }
}