{
  "walls": [
    {
      "id": 0,
      "p1": [
        -0.23136556039007705,
        -0.8478856225404953
      ],
      "p2": [
        5.298893138926321,
        -0.8869068001469794
      ],
      "length": 5.530396363161188,
      "direction": [
        0.9999751077786688,
        -0.007055765092421053
      ],
      "rmse": 0.004592430628301492
    },
    {
      "id": 1,
      "p1": [
        -1.162809150483946,
        0.8878764522711808
      ],
      "p2": [
        5.283717979099898,
        0.876157028329557
      ],
      "length": 6.446537782202013,
      "direction": [
        0.99999834754329,
        -0.0018179407827202665
      ],
      "rmse": 0.0032480403331491023
    },
    {
      "id": 2,
      "p1": [
        1.7754002791723813,
        1.0121049817795358
      ],
      "p2": [
        2.946501886803767,
        1.0164220888500552
      ],
      "length": 1.1711095648188832,
      "direction": [
        0.9999932054276494,
        0.003686339177993856
      ],
      "rmse": 0.004348945547215492
    }
  ],
  "metadata": {
    "input_file": "/home/qzl/test_road/test_online_road/extracted_lidar_data_code/extracted_lidar_data/laserscan_json2/laserscan_000243.json",
    "num_walls": 3,
    "x_limit": 10.0,
    "y_limit": 5.0,
    "params": {
      "rdp_epsilon": 0.05,
      "wall_rmse_thresh": 0.07,
      "min_wall_length": 0.8,
      "gap_thresh": 2
    }
  }
}