{
  "walls": [
    {
      "id": 0,
      "p1": [
        -1.1033909985375088,
        -0.9260014655267226
      ],
      "p2": [
        5.559417542807475,
        -0.871455830094704
      ],
      "length": 6.663031808791277,
      "direction": [
        0.9999664916123225,
        0.008186308725105586
      ],
      "rmse": 0.008920488765069241
    },
    {
      "id": 1,
      "p1": [
        -3.3711635006585476,
        0.7850377352156478
      ],
      "p2": [
        5.2545810863600835,
        0.8620010563150101
      ],
      "length": 8.626087933314604,
      "direction": [
        0.9999601967534698,
        0.008922158189698848
      ],
      "rmse": 0.004877572312244821
    },
    {
      "id": 2,
      "p1": [
        1.1866360072862396,
        2.6416683341351086
      ],
      "p2": [
        2.201169426547427,
        2.654773773080569
      ],
      "length": 1.0146180617985021,
      "direction": [
        0.9999165769450433,
        0.012916622952893841
      ],
      "rmse": 0.0043963958238682245
    }
  ],
  "metadata": {
    "input_file": "/home/qzl/test_road/test_online_road/extracted_lidar_data_code/extracted_lidar_data/laserscan_json2/laserscan_000315.json",
    "num_walls": 3,
    "x_limit": 10.0,
    "y_limit": 5.0,
    "params": {
      "rdp_epsilon": 0.05,
      "wall_rmse_thresh": 0.07,
      "min_wall_length": 0.8,
      "gap_thresh": 2
    }
  }
}