{
  "walls": [
    {
      "id": 0,
      "p1": [
        -2.1210447003677286,
        -1.1553836791327279
      ],
      "p2": [
        3.4565754952013292,
        -0.9907428301119906
      ],
      "length": 5.580049610459218,
      "direction": [
        0.9995646248572441,
        0.029505266173972842
      ],
      "rmse": 0.003944027208703855
    },
    {
      "id": 1,
      "p1": [
        5.177305596214544,
        1.986697308761006
      ],
      "p2": [
        5.214444730635511,
        0.40919421776821874
      ],
      "length": 1.5779402135053586,
      "direction": [
        0.02353646488191433,
        -0.9997229790391247
      ],
      "rmse": 0.004893501570278297
    },
    {
      "id": 2,
      "p1": [
        -2.2264796717450577,
        1.1868718262716849
      ],
      "p2": [
        3.4505452949240536,
        1.4061732971018581
      ],
      "length": 5.681259156850063,
      "direction": [
        0.999254709199188,
        0.03860085674238883
      ],
      "rmse": 0.059131433071490484
    }
  ],
  "metadata": {
    "input_file": "/home/qzl/test_road/test_online_road/extracted_lidar_data_code/extracted_lidar_data/laserscan_json2/laserscan_000094.json",
    "num_walls": 3,
    "x_limit": 10.0,
    "y_limit": 5.0,
    "params": {
      "rdp_epsilon": 0.05,
      "wall_rmse_thresh": 0.07,
      "min_wall_length": 0.8,
      "gap_thresh": 2
    }
  }
}