{
  "walls": [
    {
      "id": 0,
      "p1": [
        -2.7689480000079145,
        0.0010523143897163134
      ],
      "p2": [
        -2.528846061016048,
        -3.1494379433431554
      ],
      "length": 3.1596262128893335,
      "direction": [
        0.07599061496963093,
        -0.9971085329263496
      ],
      "rmse": 0.009238534277829134
    },
    {
      "id": 1,
      "p1": [
        -0.9153500245046928,
        -1.155960568529085
      ],
      "p2": [
        6.117140056463531,
        -0.6109109371617647
      ],
      "length": 7.053580356072376,
      "direction": [
        0.9970099900977198,
        0.07727276132858485
      ],
      "rmse": 0.004106453260277126
    },
    {
      "id": 2,
      "p1": [
        -0.5100363666773907,
        1.27670001500171
      ],
      "p2": [
        0.3867841422757469,
        1.3572012092865144
      ],
      "length": 0.9004262699190004,
      "direction": [
        0.9959954955922332,
        0.0894034269923793
      ],
      "rmse": 0.0028372295256077836
    },
    {
      "id": 3,
      "p1": [
        2.8350346653187626,
        1.4500827838457861
      ],
      "p2": [
        4.754559850260574,
        1.7870171490495805
      ],
      "length": 1.9488719049956005,
      "direction": [
        0.9849416885837993,
        0.17288687077882534
      ],
      "rmse": 0.03062293267751003
    }
  ],
  "metadata": {
    "input_file": "/home/qzl/test_road/test_online_road/extracted_lidar_data_code/extracted_lidar_data/laserscan_json2/laserscan_000590.json",
    "num_walls": 4,
    "x_limit": 10.0,
    "y_limit": 5.0,
    "params": {
      "rdp_epsilon": 0.05,
      "wall_rmse_thresh": 0.07,
      "min_wall_length": 0.8,
      "gap_thresh": 2
    }
  }
}