{
  "walls": [
    {
      "id": 0,
      "p1": [
        -4.31962675708597,
        -0.807839790371673
      ],
      "p2": [
        1.3716303964993029,
        -1.1673991554160108
      ],
      "length": 5.7026038723750245,
      "direction": [
        0.9980102565337897,
        -0.06305178705920331
      ],
      "rmse": 0.0029900528110515267
    },
    {
      "id": 1,
      "p1": [
        3.32783349998405,
        2.040589296994733
      ],
      "p2": [
        3.035906306640964,
        -2.564862177042462
      ],
      "length": 4.614694439063604,
      "direction": [
        -0.06326035173025037,
        -0.9979970580602756
      ],
      "rmse": 0.0032347336557788917
    },
    {
      "id": 2,
      "p1": [
        -1.127299086528414,
        1.329857736458698
      ],
      "p2": [
        1.506367858312984,
        1.190158442827625
      ],
      "length": 2.637369422168848,
      "direction": [
        0.9985961476238551,
        -0.05296917923468267
      ],
      "rmse": 0.03724629160955805
    }
  ],
  "metadata": {
    "input_file": "/home/qzl/test_road/test_online_road/extracted_lidar_data_code/extracted_lidar_data/laserscan_json2/laserscan_000121.json",
    "num_walls": 3,
    "x_limit": 10.0,
    "y_limit": 5.0,
    "params": {
      "rdp_epsilon": 0.05,
      "wall_rmse_thresh": 0.07,
      "min_wall_length": 0.8,
      "gap_thresh": 2
    }
  }
}