{
  "walls": [
    {
      "id": 0,
      "p1": [
        -2.059646248475415,
        0.6638675175766329
      ],
      "p2": [
        0.2582496157873,
        -4.984336850600168
      ],
      "length": 6.105313572803423,
      "direction": [
        0.37965222205549576,
        -0.9251292830120147
      ],
      "rmse": 0.007260087349620204
    },
    {
      "id": 1,
      "p1": [
        0.6037943876702994,
        -1.1995495648298857
      ],
      "p2": [
        0.9499447451191644,
        -2.0616636810954265
      ],
      "length": 0.929010667014266,
      "direction": [
        0.37260105802768306,
        -0.9279916225670636
      ],
      "rmse": 0.0028380991040804285
    },
    {
      "id": 2,
      "p1": [
        0.6136410848481626,
        -1.2060472430310014
      ],
      "p2": [
        6.730294103494215,
        1.3166534544964765
      ],
      "length": 6.616453956600733,
      "direction": [
        0.9244609059113631,
        0.38127684618862173
      ],
      "rmse": 0.004870694960243011
    },
    {
      "id": 3,
      "p1": [
        -0.2869265653064259,
        0.9666599299827257
      ],
      "p2": [
        2.8503435025575645,
        2.2707170829243304
      ],
      "length": 3.3975032798885554,
      "direction": [
        0.9234045737150139,
        0.38382807771213584
      ],
      "rmse": 0.02987004926433665
    }
  ],
  "metadata": {
    "input_file": "/home/qzl/test_road/test_online_road/extracted_lidar_data_code/extracted_lidar_data/laserscan_json2/laserscan_000578.json",
    "num_walls": 4,
    "x_limit": 10.0,
    "y_limit": 5.0,
    "params": {
      "rdp_epsilon": 0.05,
      "wall_rmse_thresh": 0.07,
      "min_wall_length": 0.8,
      "gap_thresh": 2
    }
  }
}