{
  "walls": [
    {
      "id": 0,
      "p1": [
        -1.7351987518685936,
        -0.7068197859269066
      ],
      "p2": [
        3.8012136341636653,
        -0.6019773338456519
      ],
      "length": 5.537404992229647,
      "direction": [
        0.9998207452399964,
        0.01893349903578841
      ],
      "rmse": 0.03430637623184805
    },
    {
      "id": 1,
      "p1": [
        2.4565496680783214,
        2.3354056399904013
      ],
      "p2": [
        2.4777292967679867,
        1.3599963092093004
      ],
      "length": 0.9756392464667805,
      "direction": [
        0.02170846321152513,
        -0.9997643435445145
      ],
      "rmse": 0.0043906606725197745
    },
    {
      "id": 2,
      "p1": [
        -2.451811524419131,
        0.9917958922930518
      ],
      "p2": [
        1.1747493314403141,
        1.1143271321344694
      ],
      "length": 3.6286302575474765,
      "direction": [
        0.9994297016932617,
        0.03376790445552635
      ],
      "rmse": 0.0025815893918460777
    }
  ],
  "metadata": {
    "input_file": "/home/qzl/test_road/test_online_road/extracted_lidar_data_code/extracted_lidar_data/laserscan_json2/laserscan_000459.json",
    "num_walls": 3,
    "x_limit": 10.0,
    "y_limit": 5.0,
    "params": {
      "rdp_epsilon": 0.05,
      "wall_rmse_thresh": 0.07,
      "min_wall_length": 0.8,
      "gap_thresh": 2
    }
  }
}