{
  "walls": [
    {
      "id": 0,
      "p1": [
        -1.8267297079501263,
        -0.9452927647502177
      ],
      "p2": [
        5.960979407383949,
        -0.8524754676784717
      ],
      "length": 7.788262214107403,
      "direction": [
        0.9999289830303718,
        0.011917587585010556
      ],
      "rmse": 0.007081909713491703
    },
    {
      "id": 1,
      "p1": [
        -4.41321266088226,
        0.7974878022266038
      ],
      "p2": [
        5.3089690389487805,
        0.8385644655482463
      ],
      "length": 9.722268474836477,
      "direction": [
        0.999991074612331,
        0.004225008127261409
      ],
      "rmse": 0.019435601000111602
    },
    {
      "id": 2,
      "p1": [
        4.031692897579792,
        3.0999741772586544
      ],
      "p2": [
        4.055560099619496,
        2.078620494432949
      ],
      "length": 1.0216325115983904,
      "direction": [
        0.023361827045165488,
        -0.9997270752736027
      ],
      "rmse": 0.007485522063744268
    }
  ],
  "metadata": {
    "input_file": "/home/qzl/test_road/test_online_road/extracted_lidar_data_code/extracted_lidar_data/laserscan_json2/laserscan_000310.json",
    "num_walls": 3,
    "x_limit": 10.0,
    "y_limit": 5.0,
    "params": {
      "rdp_epsilon": 0.05,
      "wall_rmse_thresh": 0.07,
      "min_wall_length": 0.8,
      "gap_thresh": 2
    }
  }
}