{
  "walls": [
    {
      "id": 0,
      "p1": [
        -0.5712994253259953,
        -0.9261901638914067
      ],
      "p2": [
        5.090417600667173,
        -0.9046044234546321
      ],
      "length": 5.661758174508263,
      "direction": [
        0.999992732200937,
        0.0038125507609882733
      ],
      "rmse": 0.0030655801891411056
    },
    {
      "id": 1,
      "p1": [
        -4.291904275509685,
        0.7978179690454348
      ],
      "p2": [
        5.07516926621653,
        0.8429731437725974
      ],
      "length": 9.36718237923827,
      "direction": [
        0.9999883809755147,
        0.004820571747081685
      ],
      "rmse": 0.0036086442464755464
    },
    {
      "id": 2,
      "p1": [
        -2.258129488752955,
        4.377832987808386
      ],
      "p2": [
        -2.2812540283741987,
        0.80453364406804
      ],
      "length": 3.5733741679689635,
      "direction": [
        -0.006471345718146284,
        -0.9999790606220694
      ],
      "rmse": 0.005965744593113819
    },
    {
      "id": 3,
      "p1": [
        -2.234479831075161,
        2.9532883021952427
      ],
      "p2": [
        -2.0491246949242394,
        1.7796256031304916
      ],
      "length": 1.1882090126208786,
      "direction": [
        0.15599539658590125,
        -0.9877577821723336
      ],
      "rmse": 0.010892465241905555
    }
  ],
  "metadata": {
    "input_file": "/home/qzl/test_road/test_online_road/extracted_lidar_data_code/extracted_lidar_data/laserscan_json2/laserscan_000344.json",
    "num_walls": 4,
    "x_limit": 10.0,
    "y_limit": 5.0,
    "params": {
      "rdp_epsilon": 0.05,
      "wall_rmse_thresh": 0.07,
      "min_wall_length": 0.8,
      "gap_thresh": 2
    }
  }
}