{
  "walls": [
    {
      "id": 0,
      "p1": [
        -4.18588557744958,
        4.3653924855219675
      ],
      "p2": [
        -4.287679280323231,
        -1.64673078324337
      ],
      "length": 6.0129849622940466,
      "direction": [
        -0.016928980117507902,
        -0.9998566945468639
      ],
      "rmse": 0.002423347939070408
    },
    {
      "id": 1,
      "p1": [
        -4.252230655440675,
        -3.725220108507168
      ],
      "p2": [
        -0.3962150544691543,
        -3.7697033338704493
      ],
      "length": 3.856272173002637,
      "direction": [
        0.9999334663054209,
        -0.01153529195233149
      ],
      "rmse": 0.0031911211753944835
    },
    {
      "id": 2,
      "p1": [
        2.6315542264042167,
        -4.511147649381764
      ],
      "p2": [
        3.7686154797294162,
        -4.535509714443978
      ],
      "length": 1.1373222076560228,
      "direction": [
        0.9997705537356049,
        -0.021420548106942702
      ],
      "rmse": 0.0031813909049382837
    },
    {
      "id": 3,
      "p1": [
        -1.1766452098534275,
        2.7101283036604724
      ],
      "p2": [
        9.57215724521628,
        2.4857042433557988
      ],
      "length": 10.751145072826253,
      "direction": [
        0.9997821052779563,
        -0.020874433261224037
      ],
      "rmse": 0.0037322098359780453
    }
  ],
  "metadata": {
    "input_file": "/home/qzl/test_road/test_online_road/extracted_lidar_data_code/extracted_lidar_data/laserscan_json2/laserscan_000693.json",
    "num_walls": 4,
    "x_limit": 10.0,
    "y_limit": 5.0,
    "params": {
      "rdp_epsilon": 0.05,
      "wall_rmse_thresh": 0.07,
      "min_wall_length": 0.8,
      "gap_thresh": 2
    }
  }
}