{
  "walls": [
    {
      "id": 0,
      "p1": [
        -3.551775294280642,
        -0.3823177178192805
      ],
      "p2": [
        4.040141359886152,
        -0.9805422501374801
      ],
      "length": 7.615449499201112,
      "direction": [
        0.9969098547571779,
        -0.07855406727867573
      ],
      "rmse": 0.028291599550028888
    },
    {
      "id": 1,
      "p1": [
        -3.4848236235090244,
        1.3674009004578125
      ],
      "p2": [
        2.173367389403624,
        0.9032706741822982
      ],
      "length": 5.677194941654551,
      "direction": [
        0.9966525847812402,
        -0.08175344180444594
      ],
      "rmse": 0.00544621111119671
    },
    {
      "id": 2,
      "p1": [
        4.482422006516651,
        0.6916527156670605
      ],
      "p2": [
        5.483591758124501,
        0.6027942658130186
      ],
      "length": 1.0051053156983036,
      "direction": [
        0.9960844261491932,
        -0.08840710367969554
      ],
      "rmse": 0.004616565852326135
    },
    {
      "id": 3,
      "p1": [
        4.583621678757248,
        1.875308247440221
      ],
      "p2": [
        4.478391068117341,
        0.6902301602419052
      ],
      "length": 1.1897409609546385,
      "direction": [
        -0.08844833799398215,
        -0.9960807655527247
      ],
      "rmse": 0.002501553511597948
    }
  ],
  "metadata": {
    "input_file": "/home/qzl/test_road/test_online_road/extracted_lidar_data_code/extracted_lidar_data/laserscan_json2/laserscan_000538.json",
    "num_walls": 4,
    "x_limit": 10.0,
    "y_limit": 5.0,
    "params": {
      "rdp_epsilon": 0.05,
      "wall_rmse_thresh": 0.07,
      "min_wall_length": 0.8,
      "gap_thresh": 2
    }
  }
}