{
  "walls": [
    {
      "id": 0,
      "p1": [
        -4.093969853665838,
        -0.7766581897362215
      ],
      "p2": [
        -4.138700220132218,
        -1.6149919216907043
      ],
      "length": 0.8395262067481558,
      "direction": [
        -0.05328048857413828,
        -0.9985795859796559
      ],
      "rmse": 0.0027000175136638045
    },
    {
      "id": 1,
      "p1": [
        -2.3252586183225006,
        -0.9231804148551297
      ],
      "p2": [
        6.336185909604077,
        -1.3787269672712634
      ],
      "length": 8.673415934438257,
      "direction": [
        0.9986197587420189,
        -0.05252216149428581
      ],
      "rmse": 0.006752004079730968
    },
    {
      "id": 2,
      "p1": [
        -0.5190027939950287,
        1.2892188052044398
      ],
      "p2": [
        3.66518388134062,
        1.1961123430242315
      ],
      "length": 4.185222448969242,
      "direction": [
        0.9997525164670678,
        -0.022246478727324503
      ],
      "rmse": 0.02510539315375826
    }
  ],
  "metadata": {
    "input_file": "/home/qzl/test_road/test_online_road/extracted_lidar_data_code/extracted_lidar_data/laserscan_json2/laserscan_000604.json",
    "num_walls": 3,
    "x_limit": 10.0,
    "y_limit": 5.0,
    "params": {
      "rdp_epsilon": 0.05,
      "wall_rmse_thresh": 0.07,
      "min_wall_length": 0.8,
      "gap_thresh": 2
    }
  }
}