{
  "walls": [
    {
      "id": 0,
      "p1": [
        -2.590481254112772,
        -0.009847986653146235
      ],
      "p2": [
        -2.1550603706311735,
        -3.7453835678527296
      ],
      "length": 3.7608266942495505,
      "direction": [
        0.11577797087723794,
        -0.9932751187146236
      ],
      "rmse": 0.009427283905120884
    },
    {
      "id": 1,
      "p1": [
        -0.6800730114928598,
        -1.185856414584684
      ],
      "p2": [
        6.219964336850351,
        -0.40134926343894706
      ],
      "length": 6.944491837329065,
      "direction": [
        0.993598597271899,
        0.11296825880447478
      ],
      "rmse": 0.003641388011589778
    },
    {
      "id": 2,
      "p1": [
        -0.3569979239317425,
        1.2843210309990247
      ],
      "p2": [
        1.1670118624779717,
        1.3572000082257045
      ],
      "length": 1.5257513474987296,
      "direction": [
        0.9988585551024453,
        0.04776595960153169
      ],
      "rmse": 0.020260506208027808
    }
  ],
  "metadata": {
    "input_file": "/home/qzl/test_road/test_online_road/extracted_lidar_data_code/extracted_lidar_data/laserscan_json2/laserscan_000588.json",
    "num_walls": 3,
    "x_limit": 10.0,
    "y_limit": 5.0,
    "params": {
      "rdp_epsilon": 0.05,
      "wall_rmse_thresh": 0.07,
      "min_wall_length": 0.8,
      "gap_thresh": 2
    }
  }
}