{
  "walls": [
    {
      "id": 0,
      "p1": [
        -4.568220351984241,
        -1.0050482415021351
      ],
      "p2": [
        1.555926718266952,
        -1.1065266094963817
      ],
      "length": 6.124987771190817,
      "direction": [
        0.9998627424286947,
        -0.016567929893909913
      ],
      "rmse": 0.0021499916803615544
    },
    {
      "id": 1,
      "p1": [
        3.3797120485124297,
        2.216333803605978
      ],
      "p2": [
        3.2848675642095126,
        -2.3083413438989933
      ],
      "length": 4.525669084969848,
      "direction": [
        -0.020957008239468757,
        -0.9997803777848667
      ],
      "rmse": 0.002590325653655555
    },
    {
      "id": 2,
      "p1": [
        -1.0423622003881678,
        1.2749510345979627
      ],
      "p2": [
        1.6025758740442482,
        1.2539201694933098
      ],
      "length": 2.6450216851415993,
      "direction": [
        0.9999683894040272,
        -0.007951112545796047
      ],
      "rmse": 0.038039136681739694
    }
  ],
  "metadata": {
    "input_file": "/home/qzl/test_road/test_online_road/extracted_lidar_data_code/extracted_lidar_data/laserscan_json2/laserscan_000119.json",
    "num_walls": 3,
    "x_limit": 10.0,
    "y_limit": 5.0,
    "params": {
      "rdp_epsilon": 0.05,
      "wall_rmse_thresh": 0.07,
      "min_wall_length": 0.8,
      "gap_thresh": 2
    }
  }
}