{
  "walls": [
    {
      "id": 0,
      "p1": [
        -3.2034000427591316,
        -0.9550080908658869
      ],
      "p2": [
        5.469464575521919,
        -0.9597043253578741
      ],
      "length": 8.672865889753496,
      "direction": [
        0.9999998533955056,
        -0.0005414858884801759
      ],
      "rmse": 0.005207184918784583
    },
    {
      "id": 1,
      "p1": [
        0.25947461135699934,
        0.7907320158377071
      ],
      "p2": [
        3.8278940503403387,
        0.7788339689542572
      ],
      "length": 3.5684392745335898,
      "direction": [
        0.9999944413923588,
        -0.0033342438999450718
      ],
      "rmse": 0.0037261454225356785
    },
    {
      "id": 2,
      "p1": [
        -1.2487242149698918,
        0.913010514327035
      ],
      "p2": [
        0.24326114146345212,
        0.9252757940081784
      ],
      "length": 1.4920357706493463,
      "direction": [
        0.9999662111200776,
        0.008220499751016797
      ],
      "rmse": 0.010073783339804852
    }
  ],
  "metadata": {
    "input_file": "/home/qzl/test_road/test_online_road/extracted_lidar_data_code/extracted_lidar_data/laserscan_json2/laserscan_000274.json",
    "num_walls": 3,
    "x_limit": 10.0,
    "y_limit": 5.0,
    "params": {
      "rdp_epsilon": 0.05,
      "wall_rmse_thresh": 0.07,
      "min_wall_length": 0.8,
      "gap_thresh": 2
    }
  }
}