{
  "walls": [
    {
      "id": 0,
      "p1": [
        -1.9379916555205525,
        -1.291720368972145
      ],
      "p2": [
        4.139720499089427,
        -0.8554767876104029
      ],
      "length": 6.093348299299262,
      "direction": [
        0.9974338994051665,
        0.07159340972047734
      ],
      "rmse": 0.005494296742519291
    },
    {
      "id": 1,
      "p1": [
        5.739011722442451,
        2.0313760392112474
      ],
      "p2": [
        5.820229850756705,
        0.559533968323504
      ],
      "length": 1.4740812277489974,
      "direction": [
        0.05509745785054037,
        -0.9984809813593887
      ],
      "rmse": 0.0044421887963308395
    },
    {
      "id": 2,
      "p1": [
        -2.1023538759103433,
        1.0260803264024236
      ],
      "p2": [
        3.986937198977537,
        1.547041818948113
      ],
      "length": 6.111535541206042,
      "direction": [
        0.9963602492083584,
        0.08524232396795693
      ],
      "rmse": 0.059226211142464076
    }
  ],
  "metadata": {
    "input_file": "/home/qzl/test_road/test_online_road/extracted_lidar_data_code/extracted_lidar_data/laserscan_json2/laserscan_000086.json",
    "num_walls": 3,
    "x_limit": 10.0,
    "y_limit": 5.0,
    "params": {
      "rdp_epsilon": 0.05,
      "wall_rmse_thresh": 0.07,
      "min_wall_length": 0.8,
      "gap_thresh": 2
    }
  }
}