{
  "walls": [
    {
      "id": 0,
      "p1": [
        -1.9527499070872862,
        -0.7823622659540429
      ],
      "p2": [
        4.82886121507644,
        -0.5197097496981111
      ],
      "length": 6.786695496082783,
      "direction": [
        0.9992508321717436,
        0.03870109045076056
      ],
      "rmse": 0.0040474550792163845
    },
    {
      "id": 1,
      "p1": [
        -2.6757784320366156,
        0.9306284049024685
      ],
      "p2": [
        1.3691536968559799,
        1.092279098653611
      ],
      "length": 4.048160924930951,
      "direction": [
        0.9992024042269378,
        0.03993188431700948
      ],
      "rmse": 0.002098848471168193
    },
    {
      "id": 2,
      "p1": [
        3.7519880852320675,
        1.166421065255563
      ],
      "p2": [
        5.524138463604027,
        1.230619937396765
      ],
      "length": 1.773312848526193,
      "direction": [
        0.9993444641440613,
        0.0362027897076895
      ],
      "rmse": 0.003979251870772895
    }
  ],
  "metadata": {
    "input_file": "/home/qzl/test_road/test_online_road/extracted_lidar_data_code/extracted_lidar_data/laserscan_json2/laserscan_000445.json",
    "num_walls": 3,
    "x_limit": 10.0,
    "y_limit": 5.0,
    "params": {
      "rdp_epsilon": 0.05,
      "wall_rmse_thresh": 0.07,
      "min_wall_length": 0.8,
      "gap_thresh": 2
    }
  }
}