{
  "walls": [
    {
      "id": 0,
      "p1": [
        -2.0838093661893677,
        0.6160911466982444
      ],
      "p2": [
        -0.028342878593718757,
        -4.942446412653515
      ],
      "length": 5.926405510961346,
      "direction": [
        0.3468319006844619,
        -0.9379273067064438
      ],
      "rmse": 0.007694009641153877
    },
    {
      "id": 1,
      "p1": [
        0.45422320256806037,
        -1.2312447522834744
      ],
      "p2": [
        6.583297550759769,
        1.054113612931769
      ],
      "length": 6.5412854411897445,
      "direction": [
        0.9369831668851328,
        0.3493745053261721
      ],
      "rmse": 0.0047991223649221145
    },
    {
      "id": 2,
      "p1": [
        -0.3726962054027897,
        0.9707265566945698
      ],
      "p2": [
        2.6130320155536655,
        2.0921999438625942
      ],
      "length": 3.1894005028440566,
      "direction": [
        0.9361408886375455,
        0.3516251365003741
      ],
      "rmse": 0.029355906858102347
    }
  ],
  "metadata": {
    "input_file": "/home/qzl/test_road/test_online_road/extracted_lidar_data_code/extracted_lidar_data/laserscan_json2/laserscan_000579.json",
    "num_walls": 3,
    "x_limit": 10.0,
    "y_limit": 5.0,
    "params": {
      "rdp_epsilon": 0.05,
      "wall_rmse_thresh": 0.07,
      "min_wall_length": 0.8,
      "gap_thresh": 2
    }
  }
}