{
  "walls": [
    {
      "id": 0,
      "p1": [
        -5.438727995287711,
        -0.0009453836089674539
      ],
      "p2": [
        -4.067586871001833,
        -3.4109674194887036
      ],
      "length": 3.6753609711011137,
      "direction": [
        0.37306298213035716,
        -0.9278060203307611
      ],
      "rmse": 0.002241486609666595
    },
    {
      "id": 1,
      "p1": [
        -4.071095629346719,
        -3.3872526080019445
      ],
      "p2": [
        2.9305003150018867,
        -0.6782099440827261
      ],
      "length": 7.507413530827604,
      "direction": [
        0.9326242540911105,
        0.3608489998309537
      ],
      "rmse": 0.025281566337002622
    },
    {
      "id": 2,
      "p1": [
        6.056654198656511,
        0.6654799406536899
      ],
      "p2": [
        7.339677684980469,
        1.191741639511773
      ],
      "length": 1.3867590425679146,
      "direction": [
        0.9251956878873862,
        0.37949036761502425
      ],
      "rmse": 0.005401355294655163
    },
    {
      "id": 3,
      "p1": [
        0.6605573398332819,
        4.99706213880002
      ],
      "p2": [
        2.206218443901042,
        1.1602920739914546
      ],
      "length": 4.136408197801456,
      "direction": [
        0.37367228526617596,
        -0.927560792197446
      ],
      "rmse": 0.005352863984961746
    }
  ],
  "metadata": {
    "input_file": "/home/qzl/test_road/test_online_road/extracted_lidar_data_code/extracted_lidar_data/laserscan_json2/laserscan_000013.json",
    "num_walls": 4,
    "x_limit": 10.0,
    "y_limit": 5.0,
    "params": {
      "rdp_epsilon": 0.05,
      "wall_rmse_thresh": 0.07,
      "min_wall_length": 0.8,
      "gap_thresh": 2
    }
  }
}