{
  "walls": [
    {
      "id": 0,
      "p1": [
        -4.644144208254184,
        -2.90432971849484
      ],
      "p2": [
        -3.7946285295971527,
        -2.9034803532537765
      ],
      "length": 0.8495161032643406,
      "direction": [
        0.9999995001764455,
        0.0009998224139583936
      ],
      "rmse": 0.004798245953111187
    },
    {
      "id": 1,
      "p1": [
        -1.1096133011936482,
        -0.8620327633196266
      ],
      "p2": [
        5.153316304968904,
        -0.8026331579198691
      ],
      "length": 6.263211282151438,
      "direction": [
        0.9999550269051353,
        0.009483889768970737
      ],
      "rmse": 0.00442879564746588
    },
    {
      "id": 2,
      "p1": [
        -3.646756978144382,
        0.812075432572009
      ],
      "p2": [
        5.374941581227365,
        0.990352671028802
      ],
      "length": 9.023459850297003,
      "direction": [
        0.9998048097998439,
        0.019757082251631763
      ],
      "rmse": 0.020237886022601886
    }
  ],
  "metadata": {
    "input_file": "/home/qzl/test_road/test_online_road/extracted_lidar_data_code/extracted_lidar_data/laserscan_json2/laserscan_000225.json",
    "num_walls": 3,
    "x_limit": 10.0,
    "y_limit": 5.0,
    "params": {
      "rdp_epsilon": 0.05,
      "wall_rmse_thresh": 0.07,
      "min_wall_length": 0.8,
      "gap_thresh": 2
    }
  }
}