{
  "walls": [
    {
      "id": 0,
      "p1": [
        -4.059370559366617,
        -0.5875637000751641
      ],
      "p2": [
        1.0687174728804736,
        -1.237665541899459
      ],
      "length": 5.16913138459637,
      "direction": [
        0.9920599131071203,
        -0.1257661671670603
      ],
      "rmse": 0.0022473082363942245
    },
    {
      "id": 1,
      "p1": [
        3.2460778357368762,
        1.8934955528406645
      ],
      "p2": [
        2.6095402774171097,
        -3.003845866691324
      ],
      "length": 4.938535515981968,
      "direction": [
        -0.12889196731686606,
        -0.9916586412466681
      ],
      "rmse": 0.0034245262186494924
    },
    {
      "id": 2,
      "p1": [
        -1.2566384071292984,
        1.4189648713065321
      ],
      "p2": [
        1.3869646743921,
        1.09340937134193
      ],
      "length": 2.6635734711448515,
      "direction": [
        0.9925024070698852,
        -0.12222508727132915
      ],
      "rmse": 0.03776627690757352
    }
  ],
  "metadata": {
    "input_file": "/home/qzl/test_road/test_online_road/extracted_lidar_data_code/extracted_lidar_data/laserscan_json2/laserscan_000124.json",
    "num_walls": 3,
    "x_limit": 10.0,
    "y_limit": 5.0,
    "params": {
      "rdp_epsilon": 0.05,
      "wall_rmse_thresh": 0.07,
      "min_wall_length": 0.8,
      "gap_thresh": 2
    }
  }
}