{
  "walls": [
    {
      "id": 0,
      "p1": [
        -0.49545969748937935,
        -0.9284473730061469
      ],
      "p2": [
        5.505621950675093,
        -0.902438196760135
      ],
      "length": 6.001138010843062,
      "direction": [
        0.9999906080006012,
        0.0043340406767835744
      ],
      "rmse": 0.0026846493760454707
    },
    {
      "id": 1,
      "p1": [
        -4.195050324235349,
        0.7966706191099164
      ],
      "p2": [
        5.080086183287003,
        0.8439846144420061
      ],
      "length": 9.275257184969492,
      "direction": [
        0.9999869893142572,
        0.005101097941382629
      ],
      "rmse": 0.003546871929964474
    },
    {
      "id": 2,
      "p1": [
        -2.0737393570499965,
        4.663627366467038
      ],
      "p2": [
        -2.0901594387027256,
        0.8084862728593962
      ],
      "length": 3.855176062218664,
      "direction": [
        -0.004259230029370615,
        -0.9999909294376409
      ],
      "rmse": 0.0068845427913957645
    },
    {
      "id": 3,
      "p1": [
        -2.0608878046066996,
        3.001221797607362
      ],
      "p2": [
        -1.855558736007119,
        1.7709002396225828
      ],
      "length": 1.2473376296953707,
      "direction": [
        0.16461386533293437,
        -0.9863580867707988
      ],
      "rmse": 0.010873527780565502
    }
  ],
  "metadata": {
    "input_file": "/home/qzl/test_road/test_online_road/extracted_lidar_data_code/extracted_lidar_data/laserscan_json2/laserscan_000342.json",
    "num_walls": 4,
    "x_limit": 10.0,
    "y_limit": 5.0,
    "params": {
      "rdp_epsilon": 0.05,
      "wall_rmse_thresh": 0.07,
      "min_wall_length": 0.8,
      "gap_thresh": 2
    }
  }
}