{
  "walls": [
    {
      "id": 0,
      "p1": [
        -2.6419432595397923,
        -0.5169979679312103
      ],
      "p2": [
        4.922981885857547,
        -1.2123419798534623
      ],
      "length": 7.596814842444239,
      "direction": [
        0.9958022279447574,
        -0.09153099375761971
      ],
      "rmse": 0.006923330343986478
    },
    {
      "id": 1,
      "p1": [
        -0.6336194226056169,
        1.0325018583057453
      ],
      "p2": [
        1.0816671140378153,
        0.8944939991470618
      ],
      "length": 1.7208294720801895,
      "direction": [
        0.9967789164885861,
        -0.08019845161747345
      ],
      "rmse": 0.0030648240383220077
    },
    {
      "id": 2,
      "p1": [
        3.402580174645609,
        0.6720265270979556
      ],
      "p2": [
        4.466217778207234,
        0.5668185054607677
      ],
      "length": 1.0688281805449966,
      "direction": [
        0.9951436750275537,
        -0.0984330536489383
      ],
      "rmse": 0.0033750265339595555
    },
    {
      "id": 3,
      "p1": [
        3.6250697261714655,
        2.975538410538939
      ],
      "p2": [
        3.4058940162069846,
        0.6766411516144788
      ],
      "length": 2.3093216750658256,
      "direction": [
        -0.0949091295209076,
        -0.995485940197843
      ],
      "rmse": 0.0028286791250895834
    }
  ],
  "metadata": {
    "input_file": "/home/qzl/test_road/test_online_road/extracted_lidar_data_code/extracted_lidar_data/laserscan_json2/laserscan_000551.json",
    "num_walls": 4,
    "x_limit": 10.0,
    "y_limit": 5.0,
    "params": {
      "rdp_epsilon": 0.05,
      "wall_rmse_thresh": 0.07,
      "min_wall_length": 0.8,
      "gap_thresh": 2
    }
  }
}