{
  "walls": [
    {
      "id": 0,
      "p1": [
        -2.0697846681468235,
        -1.3211471576699294
      ],
      "p2": [
        3.972011107515637,
        -0.7978775472404818
      ],
      "length": 6.064413185132733,
      "direction": [
        0.9962704702358075,
        0.08628528341567338
      ],
      "rmse": 0.003941706773082655
    },
    {
      "id": 1,
      "p1": [
        5.551938466512808,
        2.1584792135976922
      ],
      "p2": [
        5.664796442691201,
        0.6693933019998496
      ],
      "length": 1.4933565464771839,
      "direction": [
        0.0755733628680379,
        -0.997140244310105
      ],
      "rmse": 0.00445781517926917
    },
    {
      "id": 2,
      "p1": [
        -2.2799864350489627,
        0.9927563526778981
      ],
      "p2": [
        3.8589832997559235,
        1.5897080301802382
      ],
      "length": 6.167925154387271,
      "direction": [
        0.9953054846056414,
        0.09678322329789117
      ],
      "rmse": 0.05076373212604196
    }
  ],
  "metadata": {
    "input_file": "/home/qzl/test_road/test_online_road/extracted_lidar_data_code/extracted_lidar_data/laserscan_json2/laserscan_000088.json",
    "num_walls": 3,
    "x_limit": 10.0,
    "y_limit": 5.0,
    "params": {
      "rdp_epsilon": 0.05,
      "wall_rmse_thresh": 0.07,
      "min_wall_length": 0.8,
      "gap_thresh": 2
    }
  }
}