{
  "walls": [
    {
      "id": 0,
      "p1": [
        -3.5805893255303705,
        -0.3408109162999678
      ],
      "p2": [
        4.193853086441343,
        -1.015316271402353
      ],
      "length": 7.803647371013527,
      "direction": [
        0.9962575245060316,
        -0.08643462768540076
      ],
      "rmse": 0.0042608264348482725
    },
    {
      "id": 1,
      "p1": [
        -3.5175727269181216,
        1.3777078376910081
      ],
      "p2": [
        2.2361235918050433,
        0.9051641878037094
      ],
      "length": 5.773068406760594,
      "direction": [
        0.996644403516768,
        -0.08185311806342885
      ],
      "rmse": 0.00513225359220093
    },
    {
      "id": 2,
      "p1": [
        4.5591104487315075,
        0.6948941341665481
      ],
      "p2": [
        5.667352197097918,
        0.5931123202349323
      ],
      "length": 1.1129057958647928,
      "direction": [
        0.9958091264176887,
        -0.09145591146142218
      ],
      "rmse": 0.0045555066239178635
    },
    {
      "id": 3,
      "p1": [
        4.667919004293647,
        1.8610329631112268
      ],
      "p2": [
        4.561254083716019,
        0.7016727651490716
      ],
      "length": 1.1642566185771412,
      "direction": [
        -0.09161633172236376,
        -0.995794380261175
      ],
      "rmse": 0.00274593146663435
    }
  ],
  "metadata": {
    "input_file": "/home/qzl/test_road/test_online_road/extracted_lidar_data_code/extracted_lidar_data/laserscan_json2/laserscan_000537.json",
    "num_walls": 4,
    "x_limit": 10.0,
    "y_limit": 5.0,
    "params": {
      "rdp_epsilon": 0.05,
      "wall_rmse_thresh": 0.07,
      "min_wall_length": 0.8,
      "gap_thresh": 2
    }
  }
}