{
  "walls": [
    {
      "id": 0,
      "p1": [
        -0.15431371003590777,
        -0.8485280352338282
      ],
      "p2": [
        5.588793684466843,
        -0.8810477587970591
      ],
      "length": 5.7431994634709325,
      "direction": [
        0.9999839690446918,
        -0.005662300912590079
      ],
      "rmse": 0.0042286974755072265
    },
    {
      "id": 1,
      "p1": [
        1.8397922854482034,
        1.0312890943883977
      ],
      "p2": [
        5.306446574367358,
        0.8242148701754998
      ],
      "length": 3.4728333811478698,
      "direction": [
        0.9982207346123414,
        -0.05962688142102773
      ],
      "rmse": 0.032251983058022925
    },
    {
      "id": 2,
      "p1": [
        -1.1242514467479177,
        0.8842000336554033
      ],
      "p2": [
        1.5921390340063024,
        0.8880026734443817
      ],
      "length": 2.7163931423859666,
      "direction": [
        0.9999990201585987,
        0.0013998856533831482
      ],
      "rmse": 0.0027978780325991115
    }
  ],
  "metadata": {
    "input_file": "/home/qzl/test_road/test_online_road/extracted_lidar_data_code/extracted_lidar_data/laserscan_json2/laserscan_000242.json",
    "num_walls": 3,
    "x_limit": 10.0,
    "y_limit": 5.0,
    "params": {
      "rdp_epsilon": 0.05,
      "wall_rmse_thresh": 0.07,
      "min_wall_length": 0.8,
      "gap_thresh": 2
    }
  }
}