{
  "walls": [
    {
      "id": 0,
      "p1": [
        -1.3150775735929905,
        -0.6801182687283313
      ],
      "p2": [
        4.715312517344474,
        -0.6145425295779412
      ],
      "length": 6.030746622636528,
      "direction": [
        0.9999408810007446,
        0.010873568938244673
      ],
      "rmse": 0.055557369129010735
    },
    {
      "id": 1,
      "p1": [
        -1.9998450112624235,
        1.0291917463043874
      ],
      "p2": [
        0.5032834179346684,
        1.106551711031717
      ],
      "length": 2.504323560803858,
      "direction": [
        0.9995227726848182,
        0.030890562999942615
      ],
      "rmse": 0.0026497223545869334
    },
    {
      "id": 2,
      "p1": [
        4.4265788302755,
        1.223997497696768
      ],
      "p2": [
        5.655704385904541,
        1.2587199742024051
      ],
      "length": 1.2296159082718001,
      "direction": [
        0.9996012147852925,
        0.02823847371526299
      ],
      "rmse": 0.004255128754773848
    },
    {
      "id": 3,
      "p1": [
        1.7622680377630549,
        2.957603882746464
      ],
      "p2": [
        1.8040993787974657,
        1.169203194225712
      ],
      "length": 1.7888898467469252,
      "direction": [
        0.023383966939294103,
        -0.9997265576587339
      ],
      "rmse": 0.002585258194756898
    }
  ],
  "metadata": {
    "input_file": "/home/qzl/test_road/test_online_road/extracted_lidar_data_code/extracted_lidar_data/laserscan_json2/laserscan_000467.json",
    "num_walls": 4,
    "x_limit": 10.0,
    "y_limit": 5.0,
    "params": {
      "rdp_epsilon": 0.05,
      "wall_rmse_thresh": 0.07,
      "min_wall_length": 0.8,
      "gap_thresh": 2
    }
  }
}