{
  "walls": [
    {
      "id": 0,
      "p1": [
        -1.0386543526728373,
        -0.7680357581846511
      ],
      "p2": [
        4.863679594896834,
        -0.3032292472984998
      ],
      "length": 5.920607327056535,
      "direction": [
        0.9969135971221635,
        0.0785065594135201
      ],
      "rmse": 0.07656975592399178
    },
    {
      "id": 1,
      "p1": [
        0.37801275302718484,
        1.1305220321610758
      ],
      "p2": [
        5.6233354816746575,
        1.2743139350092518
      ],
      "length": 5.247293267865869,
      "direction": [
        0.9996244655819585,
        0.027403062018394483
      ],
      "rmse": 0.002317931253600283
    }
  ],
  "metadata": {
    "input_file": "/home/qzl/test_road/test_online_road/extracted_lidar_data_code/extracted_lidar_data/laserscan_json2/laserscan_000487.json",
    "num_walls": 2,
    "x_limit": 10.0,
    "y_limit": 5.0,
    "params": {
      "rdp_epsilon": 0.05,
      "wall_rmse_thresh": 0.07,
      "min_wall_length": 0.8,
      "gap_thresh": 2
    }
  }
}