{
  "walls": [
    {
      "id": 0,
      "p1": [
        -2.679232177126281,
        0.0016433750292701443
      ],
      "p2": [
        -2.3610227093533696,
        -3.386176291044924
      ],
      "length": 3.40273116117324,
      "direction": [
        0.09351590022847313,
        -0.9956177863027851
      ],
      "rmse": 0.008687553512222718
    },
    {
      "id": 1,
      "p1": [
        -0.8025022117174653,
        -1.1740101142959454
      ],
      "p2": [
        5.930673556346051,
        -0.5166752475642418
      ],
      "length": 6.765186253951838,
      "direction": [
        0.995268351129822,
        0.09716434138780268
      ],
      "rmse": 0.0044508246742825525
    },
    {
      "id": 2,
      "p1": [
        -0.4248771914698481,
        1.2669866734292583
      ],
      "p2": [
        0.4491398825292507,
        1.3646778879180057
      ],
      "length": 0.8794597313295434,
      "direction": [
        0.9938113626611527,
        0.1110809409556055
      ],
      "rmse": 0.003401827018151993
    }
  ],
  "metadata": {
    "input_file": "/home/qzl/test_road/test_online_road/extracted_lidar_data_code/extracted_lidar_data/laserscan_json2/laserscan_000589.json",
    "num_walls": 3,
    "x_limit": 10.0,
    "y_limit": 5.0,
    "params": {
      "rdp_epsilon": 0.05,
      "wall_rmse_thresh": 0.07,
      "min_wall_length": 0.8,
      "gap_thresh": 2
    }
  }
}