{
  "walls": [
    {
      "id": 0,
      "p1": [
        -1.551686916015036,
        -0.8645681991457439
      ],
      "p2": [
        5.174141594927594,
        -0.8064435042610842
      ],
      "length": 6.726079663426846,
      "direction": [
        0.9999626598994498,
        0.008641689928333064
      ],
      "rmse": 0.003822583358517509
    },
    {
      "id": 1,
      "p1": [
        -3.5476096428978985,
        0.8179689498848719
      ],
      "p2": [
        5.369480713498506,
        0.994532312448569
      ],
      "length": 8.918838211624738,
      "direction": [
        0.9998040265788237,
        0.01979667736694555
      ],
      "rmse": 0.022911052134633424
    }
  ],
  "metadata": {
    "input_file": "/home/qzl/test_road/test_online_road/extracted_lidar_data_code/extracted_lidar_data/laserscan_json2/laserscan_000231.json",
    "num_walls": 2,
    "x_limit": 10.0,
    "y_limit": 5.0,
    "params": {
      "rdp_epsilon": 0.05,
      "wall_rmse_thresh": 0.07,
      "min_wall_length": 0.8,
      "gap_thresh": 2
    }
  }
}