{
  "walls": [
    {
      "id": 0,
      "p1": [
        -2.2237864228703423,
        -0.5198800207147407
      ],
      "p2": [
        4.594484543341101,
        -1.1303439103724928
      ],
      "length": 6.84554491105405,
      "direction": [
        0.9960158109830843,
        -0.08917681464208596
      ],
      "rmse": 0.006333769296337093
    },
    {
      "id": 1,
      "p1": [
        -4.26045307403278,
        1.3921836947729143
      ],
      "p2": [
        1.4850750409902613,
        0.896122524365865
      ],
      "length": 5.7669029821305156,
      "direction": [
        0.9962935275347178,
        -0.0860186432724223
      ],
      "rmse": 0.004357015253536599
    },
    {
      "id": 2,
      "p1": [
        3.8290944405068097,
        0.6779813647164424
      ],
      "p2": [
        4.8601708260584084,
        0.58181986379427
      ],
      "length": 1.0355508423548088,
      "direction": [
        0.9956791529481388,
        -0.09286024112868112
      ],
      "rmse": 0.0036189048223410057
    },
    {
      "id": 3,
      "p1": [
        3.9829448272519907,
        2.384076827791066
      ],
      "p2": [
        3.8246669724268902,
        0.6755107796615927
      ],
      "length": 1.7158816451459584,
      "direction": [
        -0.09224287425224999,
        -0.9957365375176727
      ],
      "rmse": 0.0034193561535510544
    }
  ],
  "metadata": {
    "input_file": "/home/qzl/test_road/test_online_road/extracted_lidar_data_code/extracted_lidar_data/laserscan_json2/laserscan_000546.json",
    "num_walls": 4,
    "x_limit": 10.0,
    "y_limit": 5.0,
    "params": {
      "rdp_epsilon": 0.05,
      "wall_rmse_thresh": 0.07,
      "min_wall_length": 0.8,
      "gap_thresh": 2
    }
  }
}