{
  "walls": [
    {
      "id": 0,
      "p1": [
        -2.1195091298536903,
        0.5764620415013861
      ],
      "p2": [
        -0.265405830551259,
        -4.9884574697179165
      ],
      "length": 5.865665197642416,
      "direction": [
        0.3160942939678515,
        -0.9487277783004805
      ],
      "rmse": 0.008006004716345173
    },
    {
      "id": 1,
      "p1": [
        0.32715303524476336,
        -1.2377995340784922
      ],
      "p2": [
        6.442140913139468,
        0.8243215065192575
      ],
      "length": 6.4533262689000255,
      "direction": [
        0.9475714729252165,
        0.31954389948227074
      ],
      "rmse": 0.004977227203192885
    },
    {
      "id": 2,
      "p1": [
        0.015917895085900913,
        1.1587146815206804
      ],
      "p2": [
        2.419825292679234,
        1.9403801585782308
      ],
      "length": 2.5277997733656754,
      "direction": [
        0.9509880580415639,
        0.3092276078559849
      ],
      "rmse": 0.03449568471510475
    }
  ],
  "metadata": {
    "input_file": "/home/qzl/test_road/test_online_road/extracted_lidar_data_code/extracted_lidar_data/laserscan_json2/laserscan_000580.json",
    "num_walls": 3,
    "x_limit": 10.0,
    "y_limit": 5.0,
    "params": {
      "rdp_epsilon": 0.05,
      "wall_rmse_thresh": 0.07,
      "min_wall_length": 0.8,
      "gap_thresh": 2
    }
  }
}