{
  "walls": [
    {
      "id": 0,
      "p1": [
        -1.730157850620104,
        -0.9340267332171431
      ],
      "p2": [
        5.425721782121551,
        -0.5828985965133141
      ],
      "length": 7.164489115538662,
      "direction": [
        0.9987983116918289,
        0.04900951498997125
      ],
      "rmse": 0.007462297706340698
    },
    {
      "id": 1,
      "p1": [
        -4.6385704493913105,
        0.654574085259217
      ],
      "p2": [
        5.926485619230286,
        1.1875917418911928
      ],
      "length": 10.578493160909048,
      "direction": [
        0.9987297725589435,
        0.05038691697614507
      ],
      "rmse": 0.004654300971823535
    }
  ],
  "metadata": {
    "input_file": "/home/qzl/test_road/test_online_road/extracted_lidar_data_code/extracted_lidar_data/laserscan_json2/laserscan_000404.json",
    "num_walls": 2,
    "x_limit": 10.0,
    "y_limit": 5.0,
    "params": {
      "rdp_epsilon": 0.05,
      "wall_rmse_thresh": 0.07,
      "min_wall_length": 0.8,
      "gap_thresh": 2
    }
  }
}