{
  "walls": [
    {
      "id": 0,
      "p1": [
        -1.9454134062312765,
        -0.961263576420055
      ],
      "p2": [
        5.574794503415205,
        -0.5965617726702426
      ],
      "length": 7.529046049133175,
      "direction": [
        0.9988261275815637,
        0.04843931108529161
      ],
      "rmse": 0.006419618956431423
    },
    {
      "id": 1,
      "p1": [
        -5.0410825181697465,
        0.619026679476016
      ],
      "p2": [
        -3.729654315145214,
        0.6887193436217097
      ],
      "length": 1.3132787210352108,
      "direction": [
        0.9985909175391718,
        0.0530676870258644
      ],
      "rmse": 0.002636583280030741
    },
    {
      "id": 2,
      "p1": [
        -0.9811981618427456,
        0.8226579409776369
      ],
      "p2": [
        5.3384583061709385,
        1.1453037140537166
      ],
      "length": 6.3278873384875505,
      "direction": [
        0.9986992703820556,
        0.05098791363009218
      ],
      "rmse": 0.003868627680878271
    }
  ],
  "metadata": {
    "input_file": "/home/qzl/test_road/test_online_road/extracted_lidar_data_code/extracted_lidar_data/laserscan_json2/laserscan_000400.json",
    "num_walls": 3,
    "x_limit": 10.0,
    "y_limit": 5.0,
    "params": {
      "rdp_epsilon": 0.05,
      "wall_rmse_thresh": 0.07,
      "min_wall_length": 0.8,
      "gap_thresh": 2
    }
  }
}