{
  "walls": [
    {
      "id": 0,
      "p1": [
        -4.389135746080198,
        -1.1308216888782059
      ],
      "p2": [
        1.7354729350159142,
        -1.0647738328139655
      ],
      "length": 6.12496480119262,
      "direction": [
        0.999941857608298,
        0.010783385408404953
      ],
      "rmse": 0.0029063535836717663
    },
    {
      "id": 1,
      "p1": [
        3.479410051332624,
        2.3049348659864797
      ],
      "p2": [
        3.4954191409685405,
        -2.1346711289683022
      ],
      "length": 4.439634859015932,
      "direction": [
        0.003605947368259189,
        -0.9999934985496541
      ],
      "rmse": 0.0031971264523492924
    },
    {
      "id": 2,
      "p1": [
        -1.6157574675385298,
        1.2957044024479316
      ],
      "p2": [
        1.738276173281573,
        1.2617853305109004
      ],
      "length": 3.3542051468558127,
      "direction": [
        0.9999488683513514,
        -0.010112402328400385
      ],
      "rmse": 0.04998425056229762
    }
  ],
  "metadata": {
    "input_file": "/home/qzl/test_road/test_online_road/extracted_lidar_data_code/extracted_lidar_data/laserscan_json2/laserscan_000117.json",
    "num_walls": 3,
    "x_limit": 10.0,
    "y_limit": 5.0,
    "params": {
      "rdp_epsilon": 0.05,
      "wall_rmse_thresh": 0.07,
      "min_wall_length": 0.8,
      "gap_thresh": 2
    }
  }
}