{
  "walls": [
    {
      "id": 0,
      "p1": [
        -4.308486878047388,
        -2.9067328664781242
      ],
      "p2": [
        -2.934391064236548,
        -2.90100342398222
      ],
      "length": 1.3741077585268882,
      "direction": [
        0.9999913072920605,
        0.004169572917658737
      ],
      "rmse": 0.004144207348899246
    },
    {
      "id": 1,
      "p1": [
        -0.8552339547296685,
        -0.8633091135853401
      ],
      "p2": [
        5.491217466691792,
        -0.788683387449177
      ],
      "length": 6.346890155301557,
      "direction": [
        0.9999308741957545,
        0.011757841133228638
      ],
      "rmse": 0.004139363699625201
    },
    {
      "id": 2,
      "p1": [
        -3.4593861167303714,
        0.8032435930007343
      ],
      "p2": [
        5.46805452555931,
        1.0011917638181078
      ],
      "length": 8.929634925344683,
      "direction": [
        0.9997542695661945,
        0.022167554717757373
      ],
      "rmse": 0.01924616799890513
    }
  ],
  "metadata": {
    "input_file": "/home/qzl/test_road/test_online_road/extracted_lidar_data_code/extracted_lidar_data/laserscan_json2/laserscan_000222.json",
    "num_walls": 3,
    "x_limit": 10.0,
    "y_limit": 5.0,
    "params": {
      "rdp_epsilon": 0.05,
      "wall_rmse_thresh": 0.07,
      "min_wall_length": 0.8,
      "gap_thresh": 2
    }
  }
}