{
  "walls": [
    {
      "id": 0,
      "p1": [
        -2.044377387323146,
        -0.8980306929380772
      ],
      "p2": [
        5.441592709142675,
        -0.7698712547606292
      ],
      "length": 7.48706705771856,
      "direction": [
        0.9998534858507652,
        0.017117442276037564
      ],
      "rmse": 0.006663736310561473
    },
    {
      "id": 1,
      "p1": [
        -0.0314881259588278,
        -1.0707086412942433
      ],
      "p2": [
        -0.45255844437048187,
        -1.9898879747812135
      ],
      "length": 1.011034549437774,
      "direction": [
        -0.41647470765997663,
        -0.9091473026289728
      ],
      "rmse": 0.008433156182434698
    },
    {
      "id": 2,
      "p1": [
        -3.8981008819342633,
        0.7895003448963223
      ],
      "p2": [
        4.1613155559312744,
        0.9573679639768414
      ],
      "length": 8.061164485139415,
      "direction": [
        0.9997831520141838,
        0.02082423939987972
      ],
      "rmse": 0.0037357168742430556
    }
  ],
  "metadata": {
    "input_file": "/home/qzl/test_road/test_online_road/extracted_lidar_data_code/extracted_lidar_data/laserscan_json2/laserscan_000211.json",
    "num_walls": 3,
    "x_limit": 10.0,
    "y_limit": 5.0,
    "params": {
      "rdp_epsilon": 0.05,
      "wall_rmse_thresh": 0.07,
      "min_wall_length": 0.8,
      "gap_thresh": 2
    }
  }
}