{
  "walls": [
    {
      "id": 0,
      "p1": [
        -6.1682246100877025,
        -1.916217746667844
      ],
      "p2": [
        6.5719693577651785,
        -0.724339731843505
      ],
      "length": 12.795824144647213,
      "direction": [
        0.9956524741057542,
        0.09314585769152957
      ],
      "rmse": 0.023112035227967682
    },
    {
      "id": 1,
      "p1": [
        9.100944755480988,
        2.0593695682977216
      ],
      "p2": [
        9.197056645287471,
        0.9260703343118147
      ],
      "length": 1.1373674204562116,
      "direction": [
        0.08450381827170374,
        -0.9964231554392455
      ],
      "rmse": 0.0023881938276956896
    },
    {
      "id": 2,
      "p1": [
        0.721745366798932,
        4.929083021977445
      ],
      "p2": [
        1.0990380113892877,
        0.6822906214000548
      ],
      "length": 4.263519137199205,
      "direction": [
        0.08849324523915002,
        -0.9960767769329048
      ],
      "rmse": 0.005200565718918634
    },
    {
      "id": 3,
      "p1": [
        -7.481133937481855,
        4.768294516626622
      ],
      "p2": [
        -6.622072796573,
        4.865151700539814
      ],
      "length": 0.8645041109764702,
      "direction": [
        0.993703939635028,
        0.11203785231708488
      ],
      "rmse": 0.005757730610289914
    }
  ],
  "metadata": {
    "input_file": "/home/qzl/test_road/test_online_road/extracted_lidar_data_code/extracted_lidar_data/laserscan_json2/laserscan_000036.json",
    "num_walls": 4,
    "x_limit": 10.0,
    "y_limit": 5.0,
    "params": {
      "rdp_epsilon": 0.05,
      "wall_rmse_thresh": 0.07,
      "min_wall_length": 0.8,
      "gap_thresh": 2
    }
  }
}