{
  "walls": [
    {
      "id": 0,
      "p1": [
        -3.2787186508691524,
        -0.4612956261621157
      ],
      "p2": [
        -3.227244714504598,
        -2.351630421544822
      ],
      "length": 1.891035484796475,
      "direction": [
        0.02721997380712449,
        -0.9996294678649382
      ],
      "rmse": 0.005325233643175698
    },
    {
      "id": 1,
      "p1": [
        -1.5163692944996612,
        -1.1112156005625342
      ],
      "p2": [
        5.741382236522361,
        -0.862850459508104
      ],
      "length": 7.26199989874301,
      "direction": [
        0.9994149865343593,
        0.03420065333478891
      ],
      "rmse": 0.00258975650237288
    },
    {
      "id": 2,
      "p1": [
        -1.603836051924511,
        1.1926559223821946
      ],
      "p2": [
        -0.5159152374723954,
        1.3320546254765304
      ],
      "length": 1.0968152519647678,
      "direction": [
        0.9918906693740744,
        0.1270940596827826
      ],
      "rmse": 0.015805118917908135
    },
    {
      "id": 3,
      "p1": [
        0.8515746308294005,
        1.3055562293291185
      ],
      "p2": [
        3.077173770567216,
        1.377837679126822
      ],
      "length": 2.2267725835357686,
      "direction": [
        0.9994730293480103,
        0.03246018490260893
      ],
      "rmse": 0.006944088762854715
    }
  ],
  "metadata": {
    "input_file": "/home/qzl/test_road/test_online_road/extracted_lidar_data_code/extracted_lidar_data/laserscan_json2/laserscan_000596.json",
    "num_walls": 4,
    "x_limit": 10.0,
    "y_limit": 5.0,
    "params": {
      "rdp_epsilon": 0.05,
      "wall_rmse_thresh": 0.07,
      "min_wall_length": 0.8,
      "gap_thresh": 2
    }
  }
}