{
  "walls": [
    {
      "id": 0,
      "p1": [
        -2.162557450902381,
        0.0033849431249382
      ],
      "p2": [
        -1.0381004566491905,
        -4.971823829104471
      ],
      "length": 5.100696605287692,
      "direction": [
        0.22045165224812344,
        -0.9753979029191484
      ],
      "rmse": 0.009013750154964206
    },
    {
      "id": 1,
      "p1": [
        -0.08853699269394744,
        -1.2391523585444129
      ],
      "p2": [
        6.319193546559211,
        0.22448329861666239
      ],
      "length": 6.572765019426064,
      "direction": [
        0.9748911638113417,
        0.22268187784498297
      ],
      "rmse": 0.004841383753956174
    },
    {
      "id": 2,
      "p1": [
        -0.6070837080685125,
        1.060041268991802
      ],
      "p2": [
        1.9085743747757489,
        1.6404825453348761
      ],
      "length": 2.5817528280341713,
      "direction": [
        0.9743992746033895,
        0.2248244952188007
      ],
      "rmse": 0.02926140842963299
    }
  ],
  "metadata": {
    "input_file": "/home/qzl/test_road/test_online_road/extracted_lidar_data_code/extracted_lidar_data/laserscan_json2/laserscan_000583.json",
    "num_walls": 3,
    "x_limit": 10.0,
    "y_limit": 5.0,
    "params": {
      "rdp_epsilon": 0.05,
      "wall_rmse_thresh": 0.07,
      "min_wall_length": 0.8,
      "gap_thresh": 2
    }
  }
}