{
  "walls": [
    {
      "id": 0,
      "p1": [
        0.2681283967896127,
        -1.6927564258877588
      ],
      "p2": [
        1.1844382648023075,
        -1.6765738683014066
      ],
      "length": 0.9164527534944057,
      "direction": [
        0.9998440885445732,
        0.017657819810821915
      ],
      "rmse": 0.0019415223771510305
    },
    {
      "id": 1,
      "p1": [
        8.360263906108163,
        -1.5499807090053905
      ],
      "p2": [
        8.37386007300912,
        -2.6781099461487123
      ],
      "length": 1.128211164388995,
      "direction": [
        0.012051083458569735,
        -0.9999273830561269
      ],
      "rmse": 0.003113656891872196
    },
    {
      "id": 2,
      "p1": [
        -4.343639815560296,
        1.8273450352378355
      ],
      "p2": [
        -2.6873244777515843,
        1.851898382004127
      ],
      "length": 1.6564973181680112,
      "direction": [
        0.999890141469618,
        0.014822448848526655
      ],
      "rmse": 0.00530054302274744
    },
    {
      "id": 3,
      "p1": [
        -0.3499522631648597,
        1.871111521540159
      ],
      "p2": [
        7.919125358750967,
        2.0826097707957794
      ],
      "length": 8.27178192572237,
      "direction": [
        0.9996730687729564,
        0.02556864423585957
      ],
      "rmse": 0.017340425647663745
    }
  ],
  "metadata": {
    "input_file": "/home/qzl/test_road/test_online_road/extracted_lidar_data_code/extracted_lidar_data/laserscan_json2/laserscan_000866.json",
    "num_walls": 4,
    "x_limit": 10.0,
    "y_limit": 5.0,
    "params": {
      "rdp_epsilon": 0.05,
      "wall_rmse_thresh": 0.07,
      "min_wall_length": 0.8,
      "gap_thresh": 2
    }
  }
}