{
  "walls": [
    {
      "id": 0,
      "p1": [
        -3.961231279008042,
        -1.4566688986263725
      ],
      "p2": [
        -2.063767600314401,
        -0.4561568720762013
      ],
      "length": 2.145085715591136,
      "direction": [
        0.8845631038892291,
        0.4664205347493319
      ],
      "rmse": 0.0030895190215129344
    },
    {
      "id": 1,
      "p1": [
        0.12101581467267164,
        0.6846005310121763
      ],
      "p2": [
        3.51083710887987,
        2.660511008494922
      ],
      "length": 3.923660360133973,
      "direction": [
        0.8639436095554569,
        0.5035885617309911
      ],
      "rmse": 0.004282827076521358
    },
    {
      "id": 2,
      "p1": [
        -0.09636589838600074,
        -1.409225611233432
      ],
      "p2": [
        5.9718692458833935,
        2.0142600316063746
      ],
      "length": 6.9673331851488545,
      "direction": [
        0.8709552109834517,
        0.49136241254167057
      ],
      "rmse": 0.012200009527282174
    },
    {
      "id": 3,
      "p1": [
        -0.3573760261793231,
        1.5187509484059252
      ],
      "p2": [
        0.11620743845997146,
        0.6717849704387557
      ],
      "length": 0.97037758929895,
      "direction": [
        0.48804039773936003,
        -0.8728210413208467
      ],
      "rmse": 0.00748788434329071
    }
  ],
  "metadata": {
    "input_file": "/home/qzl/test_road/test_online_road/extracted_lidar_data_code/extracted_lidar_data/laserscan_json2/laserscan_000149.json",
    "num_walls": 4,
    "x_limit": 10.0,
    "y_limit": 5.0,
    "params": {
      "rdp_epsilon": 0.05,
      "wall_rmse_thresh": 0.07,
      "min_wall_length": 0.8,
      "gap_thresh": 2
    }
  }
}