{
  "walls": [
    {
      "id": 0,
      "p1": [
        -1.7313531991084112,
        -0.7400116653437832
      ],
      "p2": [
        3.9802893133970736,
        -0.5372281856141898
      ],
      "length": 5.715241143671124,
      "direction": [
        0.9993703448234489,
        0.03548117649487924
      ],
      "rmse": 0.0036813534988766605
    },
    {
      "id": 1,
      "p1": [
        -2.4514992119385584,
        0.9768404194514188
      ],
      "p2": [
        1.5166748041657534,
        1.12117811549992
      ],
      "length": 3.970798205976478,
      "direction": [
        0.9993391278679978,
        0.03634979380999852
      ],
      "rmse": 0.002938593191917703
    }
  ],
  "metadata": {
    "input_file": "/home/qzl/test_road/test_online_road/extracted_lidar_data_code/extracted_lidar_data/laserscan_json2/laserscan_000455.json",
    "num_walls": 2,
    "x_limit": 10.0,
    "y_limit": 5.0,
    "params": {
      "rdp_epsilon": 0.05,
      "wall_rmse_thresh": 0.07,
      "min_wall_length": 0.8,
      "gap_thresh": 2
    }
  }
}