{
  "walls": [
    {
      "id": 0,
      "p1": [
        -2.1391271611842253,
        -0.980025189866804
      ],
      "p2": [
        5.217892289383946,
        -0.6260385443959708
      ],
      "length": 7.365530648989935,
      "direction": [
        0.998844455500258,
        0.04805989715337384
      ],
      "rmse": 0.005936311475613891
    },
    {
      "id": 1,
      "p1": [
        -4.641093663688084,
        0.6289412413502009
      ],
      "p2": [
        -3.815901034835982,
        0.6720497592978871
      ],
      "length": 0.8263178680335364,
      "direction": [
        0.9986382490010322,
        0.0521694127832821
      ],
      "rmse": 0.0026278112636003983
    },
    {
      "id": 2,
      "p1": [
        -1.0614928287976781,
        0.8065214532417389
      ],
      "p2": [
        4.996345724733244,
        1.1213761546963796
      ],
      "length": 6.066015283831199,
      "direction": [
        0.99865204258088,
        0.05190469966232407
      ],
      "rmse": 0.0034095212973465306
    }
  ],
  "metadata": {
    "input_file": "/home/qzl/test_road/test_online_road/extracted_lidar_data_code/extracted_lidar_data/laserscan_json2/laserscan_000397.json",
    "num_walls": 3,
    "x_limit": 10.0,
    "y_limit": 5.0,
    "params": {
      "rdp_epsilon": 0.05,
      "wall_rmse_thresh": 0.07,
      "min_wall_length": 0.8,
      "gap_thresh": 2
    }
  }
}