{
  "walls": [
    {
      "id": 0,
      "p1": [
        -0.9639429737122798,
        -1.0235243454440497
      ],
      "p2": [
        0.7382361497797656,
        -1.2454363608134615
      ],
      "length": 1.7165834413210044,
      "direction": [
        0.9916087284288515,
        -0.12927540253936998
      ],
      "rmse": 0.0019732416218521355
    },
    {
      "id": 1,
      "p1": [
        2.9471737438324133,
        1.8618482736632953
      ],
      "p2": [
        2.17386737363345,
        -3.661411615457458
      ],
      "length": 5.5771321075406215,
      "direction": [
        -0.13865663485945273,
        -0.9903405159880374
      ],
      "rmse": 0.0044321372412477345
    },
    {
      "id": 2,
      "p1": [
        -1.3592368619815516,
        1.4192273532236679
      ],
      "p2": [
        1.0795404776480995,
        1.0602077636978549
      ],
      "length": 2.465061860877808,
      "direction": [
        0.9893371758057075,
        -0.1456432372847662
      ],
      "rmse": 0.03670202795655289
    }
  ],
  "metadata": {
    "input_file": "/home/qzl/test_road/test_online_road/extracted_lidar_data_code/extracted_lidar_data/laserscan_json2/laserscan_000128.json",
    "num_walls": 3,
    "x_limit": 10.0,
    "y_limit": 5.0,
    "params": {
      "rdp_epsilon": 0.05,
      "wall_rmse_thresh": 0.07,
      "min_wall_length": 0.8,
      "gap_thresh": 2
    }
  }
}