{
  "walls": [
    {
      "id": 0,
      "p1": [
        -1.9274891417775575,
        -0.8498312343032716
      ],
      "p2": [
        -1.0735493925478032,
        -0.8459613316304929
      ],
      "length": 0.853948518039157,
      "direction": [
        0.9999897314532769,
        0.004531775149233672
      ],
      "rmse": 0.0030865820478550195
    },
    {
      "id": 1,
      "p1": [
        -0.08024680685403118,
        -0.848349701028188
      ],
      "p2": [
        5.185508958860378,
        -0.8659535468696627
      ],
      "length": 5.265785191169781,
      "direction": [
        0.9999944119519563,
        -0.003343061899102365
      ],
      "rmse": 0.00447731705630464
    },
    {
      "id": 2,
      "p1": [
        3.14305705842934,
        0.8978323186280746
      ],
      "p2": [
        5.4218487578659005,
        0.8912806471546946
      ],
      "length": 2.278801117653768,
      "direction": [
        0.9999958670287575,
        -0.002875051895761317
      ],
      "rmse": 0.004043280488179234
    },
    {
      "id": 3,
      "p1": [
        -1.0947513867719052,
        0.8591301092459405
      ],
      "p2": [
        3.0794773811688705,
        0.977528298339231
      ],
      "length": 4.1759075586373955,
      "direction": [
        0.999597981833357,
        0.02835268439989262
      ],
      "rmse": 0.02514970315573833
    }
  ],
  "metadata": {
    "input_file": "/home/qzl/test_road/test_online_road/extracted_lidar_data_code/extracted_lidar_data/laserscan_json2/laserscan_000241.json",
    "num_walls": 4,
    "x_limit": 10.0,
    "y_limit": 5.0,
    "params": {
      "rdp_epsilon": 0.05,
      "wall_rmse_thresh": 0.07,
      "min_wall_length": 0.8,
      "gap_thresh": 2
    }
  }
}