{
  "walls": [
    {
      "id": 0,
      "p1": [
        -4.720805169361297,
        -0.6448405628143076
      ],
      "p2": [
        4.489798688163882,
        -0.6728553738473938
      ],
      "length": 9.21064646210541,
      "direction": [
        0.9999953744191986,
        -0.0030415683794093214
      ],
      "rmse": 0.08974307678125933
    },
    {
      "id": 1,
      "p1": [
        -1.5965802391891601,
        1.143211239375471
      ],
      "p2": [
        1.986475208000337,
        1.1240849941621014
      ],
      "length": 3.583106494494727,
      "direction": [
        0.9999857533375325,
        -0.005337894713075607
      ],
      "rmse": 0.002582119969045897
    }
  ],
  "metadata": {
    "input_file": "/home/qzl/test_road/test_online_road/extracted_lidar_data_code/extracted_lidar_data/laserscan_json2/laserscan_000510.json",
    "num_walls": 2,
    "x_limit": 10.0,
    "y_limit": 5.0,
    "params": {
      "rdp_epsilon": 0.05,
      "wall_rmse_thresh": 0.07,
      "min_wall_length": 0.8,
      "gap_thresh": 2
    }
  }
}