{
  "walls": [
    {
      "id": 0,
      "p1": [
        7.590310183337316,
        -1.3715041690813847
      ],
      "p2": [
        7.625925078135268,
        -2.513255081684156
      ],
      "length": 1.1423062492872609,
      "direction": [
        0.031178061767706818,
        -0.999513846058377
      ],
      "rmse": 0.0037475320053557445
    },
    {
      "id": 1,
      "p1": [
        -5.234612635536051,
        1.7041391392655127
      ],
      "p2": [
        -3.561438508248079,
        1.7749866702102375
      ],
      "length": 1.6746734108078594,
      "direction": [
        0.9991047308019073,
        0.042305282025393375
      ],
      "rmse": 0.004694655016470408
    },
    {
      "id": 2,
      "p1": [
        -0.15969065756074086,
        1.9208960553668712
      ],
      "p2": [
        7.560963320823577,
        2.2446587703049254
      ],
      "length": 7.727439430336912,
      "direction": [
        0.9991219016310013,
        0.041897800410661344
      ],
      "rmse": 0.003259494578954615
    }
  ],
  "metadata": {
    "input_file": "/home/qzl/test_road/test_online_road/extracted_lidar_data_code/extracted_lidar_data/laserscan_json2/laserscan_000875.json",
    "num_walls": 3,
    "x_limit": 10.0,
    "y_limit": 5.0,
    "params": {
      "rdp_epsilon": 0.05,
      "wall_rmse_thresh": 0.07,
      "min_wall_length": 0.8,
      "gap_thresh": 2
    }
  }
}