{
  "walls": [
    {
      "id": 0,
      "p1": [
        -4.072647171617873,
        -1.1331777570704673
      ],
      "p2": [
        2.066478220851591,
        -1.059798074338975
      ],
      "length": 6.139563922812525,
      "direction": [
        0.999928573046113,
        0.011951937247328789
      ],
      "rmse": 0.0033328671185228493
    },
    {
      "id": 1,
      "p1": [
        3.7910307535139944,
        2.3002787721432005
      ],
      "p2": [
        3.80837353855587,
        -1.9458284312581933
      ],
      "length": 4.246142620658215,
      "direction": [
        0.0040843623474827945,
        -0.9999916589563208
      ],
      "rmse": 0.0025808769510150854
    },
    {
      "id": 2,
      "p1": [
        -1.413193656804183,
        1.3771273103473236
      ],
      "p2": [
        2.040911378729782,
        1.2562070140306285
      ],
      "length": 3.4562209585850288,
      "direction": [
        0.9993877928871239,
        -0.0349862748260397
      ],
      "rmse": 0.02010308048885422
    }
  ],
  "metadata": {
    "input_file": "/home/qzl/test_road/test_online_road/extracted_lidar_data_code/extracted_lidar_data/laserscan_json2/laserscan_000113.json",
    "num_walls": 3,
    "x_limit": 10.0,
    "y_limit": 5.0,
    "params": {
      "rdp_epsilon": 0.05,
      "wall_rmse_thresh": 0.07,
      "min_wall_length": 0.8,
      "gap_thresh": 2
    }
  }
}