{
  "walls": [
    {
      "id": 0,
      "p1": [
        -2.379157406467227,
        -0.9860331324824312
      ],
      "p2": [
        6.470074462891808,
        -2.4550812501036945
      ],
      "length": 8.970340408789745,
      "direction": [
        0.9864990029452071,
        -0.16376726530693544
      ],
      "rmse": 0.030197199916112676
    },
    {
      "id": 1,
      "p1": [
        7.079298360086569,
        1.5050323604542686
      ],
      "p2": [
        6.491245530403106,
        -2.39245561897379
      ],
      "length": 3.9416010300745734,
      "direction": [
        -0.1491913628994941,
        -0.988808342012845
      ],
      "rmse": 0.005417014188019832
    },
    {
      "id": 2,
      "p1": [
        8.220523197205457,
        4.358051339145329
      ],
      "p2": [
        9.365214598539174,
        4.16296636153977
      ],
      "length": 1.1611961732518363,
      "direction": [
        0.985786405174722,
        -0.16800346237711433
      ],
      "rmse": 0.008077724012967098
    },
    {
      "id": 3,
      "p1": [
        -3.9595099195416035,
        1.60028648948362
      ],
      "p2": [
        -0.09954378395671015,
        1.1555445882255602
      ],
      "length": 3.8855030467877403,
      "direction": [
        0.9934276434996444,
        -0.11446185883840608
      ],
      "rmse": 0.0317458130354733
    }
  ],
  "metadata": {
    "input_file": "/home/qzl/test_road/test_online_road/extracted_lidar_data_code/extracted_lidar_data/laserscan_json2/laserscan_000646.json",
    "num_walls": 4,
    "x_limit": 10.0,
    "y_limit": 5.0,
    "params": {
      "rdp_epsilon": 0.05,
      "wall_rmse_thresh": 0.07,
      "min_wall_length": 0.8,
      "gap_thresh": 2
    }
  }
}