{
  "walls": [
    {
      "id": 0,
      "p1": [
        -1.7472519081715134,
        -0.9785617663612347
      ],
      "p2": [
        5.871311602248323,
        -1.50811706584224
      ],
      "length": 7.636945644530216,
      "direction": [
        0.9975929992206813,
        -0.06934124244550012
      ],
      "rmse": 0.010084819460871756
    },
    {
      "id": 1,
      "p1": [
        9.98480248111783,
        2.213746376970403
      ],
      "p2": [
        9.773024906003439,
        -1.6784260590886144
      ],
      "length": 3.8979297086195537,
      "direction": [
        -0.05433078350434912,
        -0.9985229922048884
      ],
      "rmse": 0.0032886890701918077
    },
    {
      "id": 2,
      "p1": [
        -1.422139741896075,
        1.2933843163828278
      ],
      "p2": [
        2.9214448923297756,
        1.127395794457303
      ],
      "length": 4.346755072935895,
      "direction": [
        0.9992706194250217,
        -0.03818676671221929
      ],
      "rmse": 0.02762826703178497
    }
  ],
  "metadata": {
    "input_file": "/home/qzl/test_road/test_online_road/extracted_lidar_data_code/extracted_lidar_data/laserscan_json2/laserscan_000612.json",
    "num_walls": 3,
    "x_limit": 10.0,
    "y_limit": 5.0,
    "params": {
      "rdp_epsilon": 0.05,
      "wall_rmse_thresh": 0.07,
      "min_wall_length": 0.8,
      "gap_thresh": 2
    }
  }
}