{
  "walls": [
    {
      "id": 0,
      "p1": [
        -1.7425361293369745,
        -0.9307961594299663
      ],
      "p2": [
        5.4678462274241495,
        -0.9157463018216553
      ],
      "length": 7.210398063138133,
      "direction": [
        0.9999978217035895,
        0.0020872436551368292
      ],
      "rmse": 0.0037341513668205347
    },
    {
      "id": 1,
      "p1": [
        -1.087689997470102,
        0.8118201767808121
      ],
      "p2": [
        4.9440702573481055,
        0.8200287483792931
      ],
      "length": 6.0317658403035095,
      "direction": [
        0.9999990739873728,
        0.001360890295777752
      ],
      "rmse": 0.0030377418005090593
    },
    {
      "id": 2,
      "p1": [
        -3.0768195303202113,
        1.793971582722284
      ],
      "p2": [
        -3.0668670736597523,
        0.8095431508961617
      ],
      "length": 0.9844787396288539,
      "direction": [
        0.010109366774340834,
        -0.999948899045057
      ],
      "rmse": 0.002660657718033683
    },
    {
      "id": 3,
      "p1": [
        -4.148714331271735,
        0.8072017913116312
      ],
      "p2": [
        -3.074562978491104,
        0.8070049548252014
      ],
      "length": 1.074151370815614,
      "direction": [
        0.9999999832090175,
        -0.0001832483686914096
      ],
      "rmse": 0.001979813856054691
    }
  ],
  "metadata": {
    "input_file": "/home/qzl/test_road/test_online_road/extracted_lidar_data_code/extracted_lidar_data/laserscan_json2/laserscan_000353.json",
    "num_walls": 4,
    "x_limit": 10.0,
    "y_limit": 5.0,
    "params": {
      "rdp_epsilon": 0.05,
      "wall_rmse_thresh": 0.07,
      "min_wall_length": 0.8,
      "gap_thresh": 2
    }
  }
}