{
  "walls": [
    {
      "id": 0,
      "p1": [
        -1.2283239694488755,
        -0.8972980032561074
      ],
      "p2": [
        5.321815857388784,
        -0.7592183565131568
      ],
      "length": 6.551595053112604,
      "direction": [
        0.9997778821386704,
        0.02107572974572231
      ],
      "rmse": 0.0056354757667383595
    },
    {
      "id": 1,
      "p1": [
        -1.1446173711608838,
        0.8214976486529696
      ],
      "p2": [
        5.110315921423573,
        0.9890068750757616
      ],
      "length": 6.257175867403616,
      "direction": [
        0.9996415995214235,
        0.026770739703074958
      ],
      "rmse": 0.004515386626845827
    }
  ],
  "metadata": {
    "input_file": "/home/qzl/test_road/test_online_road/extracted_lidar_data_code/extracted_lidar_data/laserscan_json2/laserscan_000196.json",
    "num_walls": 2,
    "x_limit": 10.0,
    "y_limit": 5.0,
    "params": {
      "rdp_epsilon": 0.05,
      "wall_rmse_thresh": 0.07,
      "min_wall_length": 0.8,
      "gap_thresh": 2
    }
  }
}