{
  "walls": [
    {
      "id": 0,
      "p1": [
        -1.1358590213951518,
        -0.5994364418256858
      ],
      "p2": [
        4.319101084175305,
        -0.5223312551358451
      ],
      "length": 5.455505014494967,
      "direction": [
        0.9999001176007506,
        0.014133464543593943
      ],
      "rmse": 0.0051750136978924235
    },
    {
      "id": 1,
      "p1": [
        0.33290100331647243,
        -0.764418427480425
      ],
      "p2": [
        1.1493911788610482,
        -0.7750767889291569
      ],
      "length": 0.8165597390452116,
      "direction": [
        0.9999148090481003,
        -0.013052763856792483
      ],
      "rmse": 0.010677276288160936
    },
    {
      "id": 2,
      "p1": [
        -5.978000584761613,
        1.077223524256988
      ],
      "p2": [
        0.2696168104643668,
        1.1412268683764015
      ],
      "length": 6.247945225847353,
      "direction": [
        0.9999475298492911,
        0.010243902884194887
      ],
      "rmse": 0.00501408029930608
    },
    {
      "id": 3,
      "p1": [
        2.276150913821432,
        1.1864294704909835
      ],
      "p2": [
        4.669556091800533,
        1.2330608581549274
      ],
      "length": 2.39385940111207,
      "direction": [
        0.9998102548816563,
        0.01947958499243302
      ],
      "rmse": 0.0029711342181904074
    }
  ],
  "metadata": {
    "input_file": "/home/qzl/test_road/test_online_road/extracted_lidar_data_code/extracted_lidar_data/laserscan_json2/laserscan_000502.json",
    "num_walls": 4,
    "x_limit": 10.0,
    "y_limit": 5.0,
    "params": {
      "rdp_epsilon": 0.05,
      "wall_rmse_thresh": 0.07,
      "min_wall_length": 0.8,
      "gap_thresh": 2
    }
  }
}