{
  "walls": [
    {
      "id": 0,
      "p1": [
        -1.4423759433998635,
        -0.9287973484872815
      ],
      "p2": [
        5.457968191556055,
        -0.9211961774905834
      ],
      "length": 6.900348321542983,
      "direction": [
        0.9999993932778797,
        0.0011015633765848528
      ],
      "rmse": 0.0040466453605251754
    },
    {
      "id": 1,
      "p1": [
        -4.253122039234506,
        0.8095285398652435
      ],
      "p2": [
        5.2174635158196025,
        0.8188623510689851
      ],
      "length": 9.470590154559066,
      "direction": [
        0.9999995143370842,
        0.0009855575050134553
      ],
      "rmse": 0.003584731456191131
    },
    {
      "id": 2,
      "p1": [
        -2.9965354768516836,
        1.8161662800527196
      ],
      "p2": [
        -2.984617813076182,
        0.8144765671936707
      ],
      "length": 1.001760605912166,
      "direction": [
        0.011896718342840078,
        -0.9999292315412482
      ],
      "rmse": 0.002253747152030953
    }
  ],
  "metadata": {
    "input_file": "/home/qzl/test_road/test_online_road/extracted_lidar_data_code/extracted_lidar_data/laserscan_json2/laserscan_000352.json",
    "num_walls": 3,
    "x_limit": 10.0,
    "y_limit": 5.0,
    "params": {
      "rdp_epsilon": 0.05,
      "wall_rmse_thresh": 0.07,
      "min_wall_length": 0.8,
      "gap_thresh": 2
    }
  }
}