{
  "walls": [
    {
      "id": 0,
      "p1": [
        -4.185887718434052,
        -1.1382470187108271
      ],
      "p2": [
        1.8842356890973166,
        -1.058137325190136
      ],
      "length": 6.070652003340021,
      "direction": [
        0.9999129260227021,
        0.013196225623958557
      ],
      "rmse": 0.0021806248814610395
    },
    {
      "id": 1,
      "p1": [
        3.6390597881090945,
        2.2765612962464155
      ],
      "p2": [
        3.6627666300982096,
        -2.046749271668813
      ],
      "length": 4.323375565574265,
      "direction": [
        0.0054834102727188356,
        -0.9999849659918798
      ],
      "rmse": 0.00434544575978371
    },
    {
      "id": 2,
      "p1": [
        -1.6777447746199867,
        1.3752630497281895
      ],
      "p2": [
        1.8930701253516267,
        1.2565619330996383
      ],
      "length": 3.5727872879515434,
      "direction": [
        0.999447941390143,
        -0.033223673020984626
      ],
      "rmse": 0.021629470937410543
    },
    {
      "id": 3,
      "p1": [
        -0.7678577283037289,
        1.22559162818478
      ],
      "p2": [
        0.03683276343901676,
        1.217273656223524
      ],
      "length": 0.8047334814450868,
      "direction": [
        0.9999465789554713,
        -0.010336306557434187
      ],
      "rmse": 0.00788250419285246
    }
  ],
  "metadata": {
    "input_file": "/home/qzl/test_road/test_online_road/extracted_lidar_data_code/extracted_lidar_data/laserscan_json2/laserscan_000115.json",
    "num_walls": 4,
    "x_limit": 10.0,
    "y_limit": 5.0,
    "params": {
      "rdp_epsilon": 0.05,
      "wall_rmse_thresh": 0.07,
      "min_wall_length": 0.8,
      "gap_thresh": 2
    }
  }
}