{
  "walls": [
    {
      "id": 0,
      "p1": [
        -1.0198586417809274,
        -0.6025011020527967
      ],
      "p2": [
        4.152468241872273,
        -0.5113376477727934
      ],
      "length": 5.173130209723885,
      "direction": [
        0.9998447118005367,
        0.017622493651629524
      ],
      "rmse": 0.004421687766470585
    },
    {
      "id": 1,
      "p1": [
        -6.198746918833718,
        1.0358887929063911
      ],
      "p2": [
        -0.004947971782034433,
        1.1368713723479744
      ],
      "length": 6.19462209322322,
      "direction": [
        0.9998671192261058,
        0.01630165293730428
      ],
      "rmse": 0.00560913283115819
    },
    {
      "id": 2,
      "p1": [
        2.2372216054603715,
        1.191223543973333
      ],
      "p2": [
        4.77689466779133,
        1.246908765809191
      ],
      "length": 2.540283469902605,
      "direction": [
        0.9997597088744552,
        0.021920869263435984
      ],
      "rmse": 0.003475272651627994
    }
  ],
  "metadata": {
    "input_file": "/home/qzl/test_road/test_online_road/extracted_lidar_data_code/extracted_lidar_data/laserscan_json2/laserscan_000501.json",
    "num_walls": 3,
    "x_limit": 10.0,
    "y_limit": 5.0,
    "params": {
      "rdp_epsilon": 0.05,
      "wall_rmse_thresh": 0.07,
      "min_wall_length": 0.8,
      "gap_thresh": 2
    }
  }
}