{
  "walls": [
    {
      "id": 0,
      "p1": [
        -1.657738795811337,
        -0.6943855959918221
      ],
      "p2": [
        4.59057491499002,
        -0.39681488952610167
      ],
      "length": 6.255395475422375,
      "direction": [
        0.9988678949788081,
        0.04757024677889458
      ],
      "rmse": 0.05450146205769193
    },
    {
      "id": 1,
      "p1": [
        -6.060110554948353,
        0.9862934753794056
      ],
      "p2": [
        -4.064179542535456,
        1.0662550216175206
      ],
      "length": 1.997532091153572,
      "direction": [
        0.9991984715791243,
        0.04003016852252788
      ],
      "rmse": 0.007469076499144972
    },
    {
      "id": 2,
      "p1": [
        0.004840337445513043,
        1.1314792314138342
      ],
      "p2": [
        5.042386922672513,
        1.2654658979683313
      ],
      "length": 5.039328132315517,
      "direction": [
        0.9996464713059405,
        0.026588200457745882
      ],
      "rmse": 0.0027407593064054272
    }
  ],
  "metadata": {
    "input_file": "/home/qzl/test_road/test_online_road/extracted_lidar_data_code/extracted_lidar_data/laserscan_json2/laserscan_000496.json",
    "num_walls": 3,
    "x_limit": 10.0,
    "y_limit": 5.0,
    "params": {
      "rdp_epsilon": 0.05,
      "wall_rmse_thresh": 0.07,
      "min_wall_length": 0.8,
      "gap_thresh": 2
    }
  }
}