{
  "walls": [
    {
      "id": 0,
      "p1": [
        -1.9990384674220056,
        -1.3176061546585505
      ],
      "p2": [
        4.164404203793897,
        -0.7947079905406257
      ],
      "length": 6.185583889286678,
      "direction": [
        0.9964205128451515,
        0.08453497252265099
      ],
      "rmse": 0.004479975626871029
    },
    {
      "id": 1,
      "p1": [
        5.6390476270485985,
        2.1079070153459636
      ],
      "p2": [
        5.738838016232864,
        0.652858379195769
      ],
      "length": 1.4584665424122998,
      "direction": [
        0.06842144559525688,
        -0.9976565069103972
      ],
      "rmse": 0.004639162967350029
    },
    {
      "id": 2,
      "p1": [
        -2.1547805137377214,
        0.9990123941492303
      ],
      "p2": [
        4.0410707520772515,
        1.5785392340476143
      ],
      "length": 6.2228951675456985,
      "direction": [
        0.9956541286637828,
        0.09312817013537594
      ],
      "rmse": 0.050249695413801025
    }
  ],
  "metadata": {
    "input_file": "/home/qzl/test_road/test_online_road/extracted_lidar_data_code/extracted_lidar_data/laserscan_json2/laserscan_000087.json",
    "num_walls": 3,
    "x_limit": 10.0,
    "y_limit": 5.0,
    "params": {
      "rdp_epsilon": 0.05,
      "wall_rmse_thresh": 0.07,
      "min_wall_length": 0.8,
      "gap_thresh": 2
    }
  }
}