{
  "walls": [
    {
      "id": 0,
      "p1": [
        -1.9262638939574672,
        -0.8581820482816486
      ],
      "p2": [
        -0.9038602765914078,
        -0.8520164600331597
      ],
      "length": 1.022422207936454,
      "direction": [
        0.9999818171287042,
        0.006030373949844716
      ],
      "rmse": 0.002847328470086482
    },
    {
      "id": 1,
      "p1": [
        0.08382808028728284,
        -0.8487170420366298
      ],
      "p2": [
        5.400265130118837,
        -0.8487506054122966
      ],
      "length": 5.316437049937499,
      "direction": [
        0.9999999999790721,
        -6.313133279208145e-06
      ],
      "rmse": 0.0045452789079754264
    },
    {
      "id": 2,
      "p1": [
        -1.0546083804872086,
        0.8720623116875647
      ],
      "p2": [
        5.531641379105709,
        0.9841432974031301
      ],
      "length": 6.587203355225701,
      "direction": [
        0.9998552351296982,
        0.0170149575884185
      ],
      "rmse": 0.02950759629576245
    }
  ],
  "metadata": {
    "input_file": "/home/qzl/test_road/test_online_road/extracted_lidar_data_code/extracted_lidar_data/laserscan_json2/laserscan_000239.json",
    "num_walls": 3,
    "x_limit": 10.0,
    "y_limit": 5.0,
    "params": {
      "rdp_epsilon": 0.05,
      "wall_rmse_thresh": 0.07,
      "min_wall_length": 0.8,
      "gap_thresh": 2
    }
  }
}