{
  "walls": [
    {
      "id": 0,
      "p1": [
        -4.382883371589663,
        -0.5130727137837565
      ],
      "p2": [
        4.89690267758763,
        -0.7149336013515123
      ],
      "length": 9.281981304464859,
      "direction": [
        0.9997634928120585,
        -0.02174760764390399
      ],
      "rmse": 0.004250153129221009
    },
    {
      "id": 1,
      "p1": [
        7.104306818894468,
        1.0648846861890207
      ],
      "p2": [
        7.978459221610362,
        0.9339335517428062
      ],
      "length": 0.883906455902841,
      "direction": [
        0.9889648354498574,
        -0.14815044462179772
      ],
      "rmse": 0.01601105522228431
    },
    {
      "id": 2,
      "p1": [
        -6.311228985962013,
        1.2608927818886406
      ],
      "p2": [
        -4.763271544158847,
        1.2318150286916916
      ],
      "length": 1.5482305246198915,
      "direction": [
        0.9998236161773515,
        -0.018781281427104526
      ],
      "rmse": 0.004254629971243001
    },
    {
      "id": 3,
      "p1": [
        -0.8969219423339478,
        1.1351707833864872
      ],
      "p2": [
        3.078496475542236,
        1.0722544302730173
      ],
      "length": 3.9759162547365454,
      "direction": [
        0.9998747868837167,
        -0.015824365776933587
      ],
      "rmse": 0.002788969654624664
    }
  ],
  "metadata": {
    "input_file": "/home/qzl/test_road/test_online_road/extracted_lidar_data_code/extracted_lidar_data/laserscan_json2/laserscan_000525.json",
    "num_walls": 4,
    "x_limit": 10.0,
    "y_limit": 5.0,
    "params": {
      "rdp_epsilon": 0.05,
      "wall_rmse_thresh": 0.07,
      "min_wall_length": 0.8,
      "gap_thresh": 2
    }
  }
}