{
  "walls": [
    {
      "id": 0,
      "p1": [
        7.3017660628541865,
        -1.3572737050775157
      ],
      "p2": [
        7.335374009251604,
        -2.523831162711544
      ],
      "length": 1.167041471423625,
      "direction": [
        0.028797559658601722,
        -0.9995852642749938
      ],
      "rmse": 0.004818411380041177
    },
    {
      "id": 1,
      "p1": [
        -5.509722869612423,
        1.7051212967260088
      ],
      "p2": [
        -3.851147387079558,
        1.7739934134226218
      ],
      "length": 1.660004819184992,
      "direction": [
        0.9991389563227369,
        0.04148910647762949
      ],
      "rmse": 0.006174091561408916
    },
    {
      "id": 2,
      "p1": [
        -0.4444816953062065,
        1.9202486634486668
      ],
      "p2": [
        7.241373185229271,
        2.222622686005554
      ],
      "length": 7.691800523555474,
      "direction": [
        0.9992270154420315,
        0.03931121479692442
      ],
      "rmse": 0.003279565203425123
    }
  ],
  "metadata": {
    "input_file": "/home/qzl/test_road/test_online_road/extracted_lidar_data_code/extracted_lidar_data/laserscan_json2/laserscan_000878.json",
    "num_walls": 3,
    "x_limit": 10.0,
    "y_limit": 5.0,
    "params": {
      "rdp_epsilon": 0.05,
      "wall_rmse_thresh": 0.07,
      "min_wall_length": 0.8,
      "gap_thresh": 2
    }
  }
}