{
  "walls": [
    {
      "id": 0,
      "p1": [
        -2.894256097789862,
        -0.29500276760745825
      ],
      "p2": [
        -0.07607039405954286,
        -1.2890132965535424
      ],
      "length": 2.9883486396947774,
      "direction": [
        0.9430578702541693,
        -0.3326287019330569
      ],
      "rmse": 0.004024273031397268
    },
    {
      "id": 1,
      "p1": [
        3.4616009164805672,
        3.7066905682992175
      ],
      "p2": [
        2.0391396938127997,
        -0.5565221497011982
      ],
      "length": 4.4942606298382355,
      "direction": [
        -0.3165061708309392,
        -0.9485904510503658
      ],
      "rmse": 0.00910162426622699
    },
    {
      "id": 2,
      "p1": [
        1.3152641804869885,
        -2.637265843097679
      ],
      "p2": [
        0.48357465907688224,
        -4.957800142864204
      ],
      "length": 2.4650734058880044,
      "direction": [
        -0.3373893529591145,
        -0.9413651918930452
      ],
      "rmse": 0.0032027698896190887
    },
    {
      "id": 3,
      "p1": [
        -0.8869541344475863,
        1.5510815712017922
      ],
      "p2": [
        0.6908486613853507,
        0.8791570429542017
      ],
      "length": 1.714918142127775,
      "direction": [
        0.9200455444909512,
        -0.39181142921097795
      ],
      "rmse": 0.021086395355942686
    }
  ],
  "metadata": {
    "input_file": "/home/qzl/test_road/test_online_road/extracted_lidar_data_code/extracted_lidar_data/laserscan_json2/laserscan_000135.json",
    "num_walls": 4,
    "x_limit": 10.0,
    "y_limit": 5.0,
    "params": {
      "rdp_epsilon": 0.05,
      "wall_rmse_thresh": 0.07,
      "min_wall_length": 0.8,
      "gap_thresh": 2
    }
  }
}