{
  "walls": [
    {
      "id": 0,
      "p1": [
        -3.089520893949417,
        -0.9904114826879583
      ],
      "p2": [
        5.4936142732795865,
        -0.8512369047677852
      ],
      "length": 8.584263443188501,
      "direction": [
        0.999868564615293,
        0.016212757080570142
      ],
      "rmse": 0.0033144970085215194
    },
    {
      "id": 1,
      "p1": [
        -1.2408783580297338,
        0.7844257590632605
      ],
      "p2": [
        4.975903522710006,
        0.8837880279836794
      ],
      "length": 6.217575879165364,
      "direction": [
        0.9998722977495937,
        0.01598086953040254
      ],
      "rmse": 0.0032150742982132237
    }
  ],
  "metadata": {
    "input_file": "/home/qzl/test_road/test_online_road/extracted_lidar_data_code/extracted_lidar_data/laserscan_json2/laserscan_000290.json",
    "num_walls": 2,
    "x_limit": 10.0,
    "y_limit": 5.0,
    "params": {
      "rdp_epsilon": 0.05,
      "wall_rmse_thresh": 0.07,
      "min_wall_length": 0.8,
      "gap_thresh": 2
    }
  }
}