{
  "walls": [
    {
      "id": 0,
      "p1": [
        -3.4603130783524505,
        -0.6413343363695275
      ],
      "p2": [
        -3.4232395733361836,
        -2.2012755263087307
      ],
      "length": 1.5603816715288374,
      "direction": [
        0.02375925434955039,
        -0.9997177090712925
      ],
      "rmse": 0.0058347162819248535
    },
    {
      "id": 1,
      "p1": [
        -1.7172319895845367,
        -1.1092054577325743
      ],
      "p2": [
        5.604416350406398,
        -0.8758877841396908
      ],
      "length": 7.325364943216331,
      "direction": [
        0.9994926391706724,
        0.03185065527809838
      ],
      "rmse": 0.0026845692831255277
    },
    {
      "id": 2,
      "p1": [
        -1.7830277881661105,
        1.2264047154584128
      ],
      "p2": [
        4.115004431943626,
        1.4404847154574132
      ],
      "length": 5.901916156287902,
      "direction": [
        0.9993419194578146,
        0.03627296530986898
      ],
      "rmse": 0.03241412783967776
    }
  ],
  "metadata": {
    "input_file": "/home/qzl/test_road/test_online_road/extracted_lidar_data_code/extracted_lidar_data/laserscan_json2/laserscan_000598.json",
    "num_walls": 3,
    "x_limit": 10.0,
    "y_limit": 5.0,
    "params": {
      "rdp_epsilon": 0.05,
      "wall_rmse_thresh": 0.07,
      "min_wall_length": 0.8,
      "gap_thresh": 2
    }
  }
}