{
  "walls": [
    {
      "id": 0,
      "p1": [
        -3.042941983681964,
        -0.5977523357892194
      ],
      "p2": [
        4.284698141493645,
        -0.6803880046114964
      ],
      "length": 7.328106062131288,
      "direction": [
        0.9999364178194127,
        -0.01127653831993814
      ],
      "rmse": 0.04785697545255416
    },
    {
      "id": 1,
      "p1": [
        6.833488824460607,
        1.0314056836537537
      ],
      "p2": [
        7.651697620241588,
        0.8995015935400156
      ],
      "length": 0.8287727809732268,
      "direction": [
        0.987253460254017,
        -0.1591559147957435
      ],
      "rmse": 0.01614529664402637
    },
    {
      "id": 2,
      "p1": [
        -6.4289234893586436,
        1.2837373668196952
      ],
      "p2": [
        -5.1139946212419165,
        1.256420467315571
      ],
      "length": 1.315212584035469,
      "direction": [
        0.9997842813218938,
        -0.020769949919639884
      ],
      "rmse": 0.004235187627338204
    },
    {
      "id": 3,
      "p1": [
        -0.8232904957360769,
        1.130386460409557
      ],
      "p2": [
        2.837316109854103,
        1.0558662686971707
      ],
      "length": 3.661365043240473,
      "direction": [
        0.9997928538550522,
        -0.020353117165929507
      ],
      "rmse": 0.002830727466551787
    }
  ],
  "metadata": {
    "input_file": "/home/qzl/test_road/test_online_road/extracted_lidar_data_code/extracted_lidar_data/laserscan_json2/laserscan_000528.json",
    "num_walls": 4,
    "x_limit": 10.0,
    "y_limit": 5.0,
    "params": {
      "rdp_epsilon": 0.05,
      "wall_rmse_thresh": 0.07,
      "min_wall_length": 0.8,
      "gap_thresh": 2
    }
  }
}