{
  "walls": [
    {
      "id": 0,
      "p1": [
        -1.0370755895663235,
        -1.539976382437763
      ],
      "p2": [
        -1.2645180588430969,
        -4.979327167105319
      ],
      "length": 3.446862906589708,
      "direction": [
        -0.06598535405679225,
        -0.9978205916135425
      ],
      "rmse": 0.003596036877612872
    },
    {
      "id": 1,
      "p1": [
        -0.05988524111431026,
        -1.1569232159391034
      ],
      "p2": [
        6.074820316049144,
        -1.623052962446212
      ],
      "length": 6.152388902992962,
      "direction": [
        0.9971257756760077,
        -0.07576402497571044
      ],
      "rmse": 0.014228068385891008
    },
    {
      "id": 2,
      "p1": [
        9.13572592082253,
        2.150445882756548
      ],
      "p2": [
        8.90658348580388,
        -1.650598514199665
      ],
      "length": 3.807944952747938,
      "direction": [
        -0.06017482864427008,
        -0.9981878530595495
      ],
      "rmse": 0.002807624792922807
    },
    {
      "id": 3,
      "p1": [
        -2.349431601895185,
        1.288690576962076
      ],
      "p2": [
        2.0715665802990797,
        1.1032217429611202
      ],
      "length": 4.42488684774545,
      "direction": [
        0.9991211830518135,
        -0.041914932603365825
      ],
      "rmse": 0.03047808324167448
    }
  ],
  "metadata": {
    "input_file": "/home/qzl/test_road/test_online_road/extracted_lidar_data_code/extracted_lidar_data/laserscan_json2/laserscan_000621.json",
    "num_walls": 4,
    "x_limit": 10.0,
    "y_limit": 5.0,
    "params": {
      "rdp_epsilon": 0.05,
      "wall_rmse_thresh": 0.07,
      "min_wall_length": 0.8,
      "gap_thresh": 2
    }
  }
}