{
  "walls": [
    {
      "id": 0,
      "p1": [
        -1.3441897000589555,
        -0.9315591751348477
      ],
      "p2": [
        5.518034568887105,
        -0.8664619033851642
      ],
      "length": 6.8625330288532345,
      "direction": [
        0.9999550078793445,
        0.009485895583441208
      ],
      "rmse": 0.008731900090524965
    },
    {
      "id": 1,
      "p1": [
        -3.3095090151554936,
        0.782384589571657
      ],
      "p2": [
        5.301638751971546,
        0.8685174647928678
      ],
      "length": 8.611578527743381,
      "direction": [
        0.9999499789006666,
        0.010001984530900551
      ],
      "rmse": 0.005294620436864178
    },
    {
      "id": 2,
      "p1": [
        1.2848478578031686,
        2.6435618896372555
      ],
      "p2": [
        2.270595829626515,
        2.6603159872517748
      ],
      "length": 0.9858903406265416,
      "direction": [
        0.9998555936717157,
        0.016993875407943938
      ],
      "rmse": 0.003865170747460012
    },
    {
      "id": 3,
      "p1": [
        -4.7637806791169925,
        0.9132893277812669
      ],
      "p2": [
        -3.8808481314190844,
        0.9026398246687237
      ],
      "length": 0.8829967699266306,
      "direction": [
        0.9999272678770833,
        -0.012060636545043534
      ],
      "rmse": 0.008829035925999368
    }
  ],
  "metadata": {
    "input_file": "/home/qzl/test_road/test_online_road/extracted_lidar_data_code/extracted_lidar_data/laserscan_json2/laserscan_000314.json",
    "num_walls": 4,
    "x_limit": 10.0,
    "y_limit": 5.0,
    "params": {
      "rdp_epsilon": 0.05,
      "wall_rmse_thresh": 0.07,
      "min_wall_length": 0.8,
      "gap_thresh": 2
    }
  }
}