{
  "walls": [
    {
      "id": 0,
      "p1": [
        0.2680412098356964,
        -1.6926652167734717
      ],
      "p2": [
        1.087408468146572,
        -1.6783206370797499
      ],
      "length": 0.8194928132439423,
      "direction": [
        0.9998467894631206,
        0.017504216586018487
      ],
      "rmse": 0.0017243889344772372
    },
    {
      "id": 1,
      "p1": [
        8.27252229471108,
        -1.5354183897138347
      ],
      "p2": [
        8.281795526278067,
        -2.7291700161482657
      ],
      "length": 1.1937876437786346,
      "direction": [
        0.0077679071443774025,
        -0.9999698293531641
      ],
      "rmse": 0.004097703805712799
    },
    {
      "id": 2,
      "p1": [
        -4.441763324061445,
        1.826096184105145
      ],
      "p2": [
        -2.691721922877259,
        1.8453933068716075
      ],
      "length": 1.7501477894183033,
      "direction": [
        0.9999392118559871,
        0.011025996137650108
      ],
      "rmse": 0.007793505344927869
    },
    {
      "id": 3,
      "p1": [
        1.0586231151340353,
        1.9301020692927446
      ],
      "p2": [
        7.853986992322163,
        2.0338040905950847
      ],
      "length": 6.796155113931365,
      "direction": [
        0.9998835758253352,
        0.015258925019185984
      ],
      "rmse": 0.003173408713145257
    }
  ],
  "metadata": {
    "input_file": "/home/qzl/test_road/test_online_road/extracted_lidar_data_code/extracted_lidar_data/laserscan_json2/laserscan_000867.json",
    "num_walls": 4,
    "x_limit": 10.0,
    "y_limit": 5.0,
    "params": {
      "rdp_epsilon": 0.05,
      "wall_rmse_thresh": 0.07,
      "min_wall_length": 0.8,
      "gap_thresh": 2
    }
  }
}