{
  "walls": [
    {
      "id": 0,
      "p1": [
        -0.843854979432968,
        -0.9217566307746958
      ],
      "p2": [
        5.260880853271923,
        -0.881678631923404
      ],
      "length": 6.104867388658249,
      "direction": [
        0.9999784506442009,
        0.006564925378348027
      ],
      "rmse": 0.009600313314048575
    },
    {
      "id": 1,
      "p1": [
        -3.524447464172098,
        0.7848883236356091
      ],
      "p2": [
        5.2447144822852385,
        0.861424899442771
      ],
      "length": 8.769495942791222,
      "direction": [
        0.999961913849458,
        0.008727591221477291
      ],
      "rmse": 0.005367406455080806
    },
    {
      "id": 2,
      "p1": [
        1.0339604489721321,
        2.6400245584566275
      ],
      "p2": [
        2.0188591135019953,
        2.6544655659633016
      ],
      "length": 0.9850045289695453,
      "direction": [
        0.9998925239046589,
        0.014660853916851667
      ],
      "rmse": 0.004363324766939234
    },
    {
      "id": 3,
      "p1": [
        -5.012622465443144,
        0.9089172084710793
      ],
      "p2": [
        -4.148314318674186,
        0.9034751114086713
      ],
      "length": 0.8643252796208309,
      "direction": [
        0.9999801777720251,
        -0.006296352994314605
      ],
      "rmse": 0.007013148571344223
    }
  ],
  "metadata": {
    "input_file": "/home/qzl/test_road/test_online_road/extracted_lidar_data_code/extracted_lidar_data/laserscan_json2/laserscan_000317.json",
    "num_walls": 4,
    "x_limit": 10.0,
    "y_limit": 5.0,
    "params": {
      "rdp_epsilon": 0.05,
      "wall_rmse_thresh": 0.07,
      "min_wall_length": 0.8,
      "gap_thresh": 2
    }
  }
}