{
  "walls": [
    {
      "id": 0,
      "p1": [
        -1.1760384767539138,
        -1.7151174750713578
      ],
      "p2": [
        -0.30345329207866983,
        -1.6790820764720822
      ],
      "length": 0.8733289497474238,
      "direction": [
        0.9991483563286576,
        0.04126211390297017
      ],
      "rmse": 0.005068635933167966
    },
    {
      "id": 1,
      "p1": [
        7.207815489676232,
        -1.432057195513607
      ],
      "p2": [
        7.239625198677602,
        -2.5591524677539566
      ],
      "length": 1.127544061353391,
      "direction": [
        0.028211499746764523,
        -0.9996019764286376
      ],
      "rmse": 0.004082176640496844
    },
    {
      "id": 2,
      "p1": [
        -5.551612930600932,
        1.7044326138474126
      ],
      "p2": [
        -3.932771014895582,
        1.7679203340603757
      ],
      "length": 1.6200863676552577,
      "direction": [
        0.9992318607350992,
        0.03918786151184329
      ],
      "rmse": 0.005117202733070733
    },
    {
      "id": 3,
      "p1": [
        -0.5427019183664603,
        1.920427400043876
      ],
      "p2": [
        7.056617748595508,
        2.2206900256437416
      ],
      "length": 7.6052493085373,
      "direction": [
        0.9992203225243024,
        0.03948097076350997
      ],
      "rmse": 0.00336435766744494
    }
  ],
  "metadata": {
    "input_file": "/home/qzl/test_road/test_online_road/extracted_lidar_data_code/extracted_lidar_data/laserscan_json2/laserscan_000879.json",
    "num_walls": 4,
    "x_limit": 10.0,
    "y_limit": 5.0,
    "params": {
      "rdp_epsilon": 0.05,
      "wall_rmse_thresh": 0.07,
      "min_wall_length": 0.8,
      "gap_thresh": 2
    }
  }
}