{
  "walls": [
    {
      "id": 0,
      "p1": [
        -2.0712299039129505,
        -1.008370924225551
      ],
      "p2": [
        5.277645633773086,
        -0.760031356128603
      ],
      "length": 7.35307039334473,
      "direction": [
        0.9994295096549275,
        0.0337735877411798
      ],
      "rmse": 0.004369804048880589
    },
    {
      "id": 1,
      "p1": [
        -4.675738581019885,
        0.6313799247398799
      ],
      "p2": [
        -3.1742569866716437,
        0.6824225441530923
      ],
      "length": 1.5023489365533884,
      "direction": [
        0.9994226759273122,
        0.033975209201572557
      ],
      "rmse": 0.003295344764464265
    },
    {
      "id": 2,
      "p1": [
        -0.6343754148468366,
        0.7613077552416937
      ],
      "p2": [
        5.081137980454651,
        0.9737251970263909
      ],
      "length": 5.719459287506564,
      "direction": [
        0.9993100934874366,
        0.03713942719174238
      ],
      "rmse": 0.002729954522014093
    }
  ],
  "metadata": {
    "input_file": "/home/qzl/test_road/test_online_road/extracted_lidar_data_code/extracted_lidar_data/laserscan_json2/laserscan_000161.json",
    "num_walls": 3,
    "x_limit": 10.0,
    "y_limit": 5.0,
    "params": {
      "rdp_epsilon": 0.05,
      "wall_rmse_thresh": 0.07,
      "min_wall_length": 0.8,
      "gap_thresh": 2
    }
  }
}