{
  "walls": [
    {
      "id": 0,
      "p1": [
        -1.9245914719726325,
        -0.8181731461128482
      ],
      "p2": [
        3.444269792882619,
        -0.5965214329751054
      ],
      "length": 5.373434726801846,
      "direction": [
        0.9991488754987287,
        0.04124954045351242
      ],
      "rmse": 0.004614903027851366
    },
    {
      "id": 1,
      "p1": [
        -3.0324049971600315,
        0.8754644283803994
      ],
      "p2": [
        5.496360440407224,
        1.2431993025099641
      ],
      "length": 8.536689570711404,
      "direction": [
        0.9990717557330577,
        0.04307698799202697
      ],
      "rmse": 0.004129808961637081
    }
  ],
  "metadata": {
    "input_file": "/home/qzl/test_road/test_online_road/extracted_lidar_data_code/extracted_lidar_data/laserscan_json2/laserscan_000435.json",
    "num_walls": 2,
    "x_limit": 10.0,
    "y_limit": 5.0,
    "params": {
      "rdp_epsilon": 0.05,
      "wall_rmse_thresh": 0.07,
      "min_wall_length": 0.8,
      "gap_thresh": 2
    }
  }
}