{
  "walls": [
    {
      "id": 0,
      "p1": [
        -2.0382793261056804,
        0.7062378797423228
      ],
      "p2": [
        0.5052533179983119,
        -4.97702265373274
      ],
      "length": 6.226476419531186,
      "direction": [
        0.40850273456796615,
        -0.912757095753571
      ],
      "rmse": 0.007376006185437622
    },
    {
      "id": 1,
      "p1": [
        0.7316441301984512,
        -1.1823997568714029
      ],
      "p2": [
        1.1728863558281488,
        -2.1840367750415446
      ],
      "length": 1.0945188065298017,
      "direction": [
        0.403138094107515,
        -0.9151391572200155
      ],
      "rmse": 0.001973603397882916
    },
    {
      "id": 2,
      "p1": [
        0.7418050146571502,
        -1.1898776338269195
      ],
      "p2": [
        6.90478634657109,
        1.601828444299793
      ],
      "length": 6.765793502921098,
      "direction": [
        0.9109029604948686,
        0.4126206448539429
      ],
      "rmse": 0.005535473437886934
    },
    {
      "id": 3,
      "p1": [
        -0.22540500533105723,
        0.9530535981625129
      ],
      "p2": [
        3.0334498174529845,
        2.4405310121459753
      ],
      "length": 3.5822791366801296,
      "direction": [
        0.9097154907366934,
        0.4152321349699431
      ],
      "rmse": 0.029251812311490044
    }
  ],
  "metadata": {
    "input_file": "/home/qzl/test_road/test_online_road/extracted_lidar_data_code/extracted_lidar_data/laserscan_json2/laserscan_000577.json",
    "num_walls": 4,
    "x_limit": 10.0,
    "y_limit": 5.0,
    "params": {
      "rdp_epsilon": 0.05,
      "wall_rmse_thresh": 0.07,
      "min_wall_length": 0.8,
      "gap_thresh": 2
    }
  }
}