{
  "walls": [
    {
      "id": 0,
      "p1": [
        -2.7673020551930554,
        -0.015170227850099138
      ],
      "p2": [
        -0.5020989300345793,
        -1.229633017963958
      ],
      "length": 2.570226656697589,
      "direction": [
        0.8813242673573022,
        -0.47251194245766365
      ],
      "rmse": 0.0026869172020927293
    },
    {
      "id": 1,
      "p1": [
        4.652681946777312,
        4.9316410275298965
      ],
      "p2": [
        1.677658761170958,
        -0.8456985396466419
      ],
      "length": 6.498339436299013,
      "direction": [
        -0.4578128327654332,
        -0.8890485983079267
      ],
      "rmse": 0.00889941138512235
    },
    {
      "id": 2,
      "p1": [
        0.5187954010791491,
        -3.0090769224923433
      ],
      "p2": [
        -0.5439463943360366,
        -4.949922237142033
      ],
      "length": 2.212758608416188,
      "direction": [
        -0.48027913725970994,
        -0.8771156995009658
      ],
      "rmse": 0.002557715650893988
    },
    {
      "id": 3,
      "p1": [
        -0.889672049414059,
        1.7035573658346246
      ],
      "p2": [
        0.584309548073075,
        0.7992484215676499
      ],
      "length": 1.7292762695451454,
      "direction": [
        0.8523690652814915,
        -0.5229407007961385
      ],
      "rmse": 0.02182006502381929
    }
  ],
  "metadata": {
    "input_file": "/home/qzl/test_road/test_online_road/extracted_lidar_data_code/extracted_lidar_data/laserscan_json2/laserscan_000138.json",
    "num_walls": 4,
    "x_limit": 10.0,
    "y_limit": 5.0,
    "params": {
      "rdp_epsilon": 0.05,
      "wall_rmse_thresh": 0.07,
      "min_wall_length": 0.8,
      "gap_thresh": 2
    }
  }
}