{
  "centerlines": [
    {
      "id": 0,
      "p1": [
        -2.6038226478394515,
        0.13418892963311857
      ],
      "p2": [
        2.522850290936412,
        -0.06455884136045931
      ],
      "width": 2.3689374263409957,
      "length": 5.13052395936825,
      "wall_pair": [
        0,
        3
      ]
    }
  ],
  "metadata": {
    "num_centerlines": 1,
    "wall_json": "/home/qzl/test_road/test_online_road/extracted_lidar_data_code/wall/laserscan_000136_walls.json",
    "params": {
      "max_road_width": 3.0,
      "min_road_width": 0.8,
      "parallel_angle_thresh": 10,
      "min_overlap_ratio": 0.3
    }
  }
}